customer_id,recency_days,frequency,monetary,returns,recency_score,frequency_score,monetary_score,rfm_score,rfm_segment
C100002,21,70,1520607.43,12619.86,1,5,5,11,Loyal
C100003,979,1,20496.43,0.0,5,1,2,8,Needs Attention
C100004,441,2,2265.93,0.0,4,2,1,7,Needs Attention
C100005,37,12,142378.54,5821.87,1,5,4,10,Loyal
C100007,655,1,29302.41,0.0,5,1,3,9,Needs Attention
C100008,644,2,64943.83,0.0,5,2,3,10,Loyal
C100010,91,3,22755.13,0.0,2,3,2,7,Needs Attention
C100013,23,9,151459.38,0.0,1,5,4,10,Loyal
C100014,21,4,71147.44,0.0,1,4,4,9,Needs Attention
C100015,592,2,34045.6,1062.88,5,2,3,10,Loyal
C100016,1000,1,16313.87,0.0,5,1,2,8,Needs Attention
C100017,37,3,90013.04,0.0,1,3,4,8,Needs Attention
C100018,78,2,7466.030000000001,0.0,2,2,1,5,At Risk
C100019,400,2,126466.14,0.0,4,2,4,10,Loyal
C100021,37,2,17205.25,0.0,1,2,2,5,At Risk
C100024,82,10,314260.61,0.0,2,5,5,12,Loyal
C100025,931,1,659.39,0.0,5,1,1,7,Needs Attention
C100026,0,22,866859.0700000001,40326.020000000004,1,5,5,11,Loyal
C100027,110,3,62850.51,10664.43,3,3,3,9,Needs Attention
C100031,38,8,226322.44000000003,0.0,2,5,5,12,Loyal
C100032,139,6,130352.23999999999,0.0,3,4,4,11,Loyal
C100033,201,6,31630.010000000002,3850.68,3,4,3,10,Loyal
C100034,234,2,18995.65,0.0,3,2,2,7,Needs Attention
C100035,35,16,176668.32,5386.18,1,5,5,11,Loyal
C100036,58,8,73030.23999999999,2522.12,2,5,4,11,Loyal
C100037,617,1,6227.27,0.0,5,1,1,7,Needs Attention
C100038,279,7,39779.149999999994,3866.61,4,4,3,11,Loyal
C100039,19,20,392034.39,38901.52,1,5,5,11,Loyal
C100040,597,1,1749.73,0.0,5,1,1,7,Needs Attention
C100041,55,29,170502.5,17920.78,2,5,5,12,Loyal
C100042,956,1,3149.06,0.0,5,1,1,7,Needs Attention
C100043,944,1,5456.89,0.0,5,1,1,7,Needs Attention
C100044,27,13,314078.55,0.0,1,5,5,11,Loyal
C100045,0,53,1198703.31,12659.369999999999,1,5,5,11,Loyal
C100046,236,3,149581.24,0.0,3,3,4,10,Loyal
C100047,94,5,72884.94,5033.28,3,4,4,11,Loyal
C100048,524,3,42524.56,0.0,4,3,3,10,Loyal
C100049,204,2,82918.4,0.0,3,2,4,9,Needs Attention
C100050,28,2,27183.170000000002,0.0,1,2,2,5,At Risk
C100051,48,4,173969.09,0.0,2,4,5,11,Loyal
C100052,126,1,5007.5,0.0,3,1,1,5,At Risk
C100053,877,1,4493.91,0.0,5,1,1,7,Needs Attention
C100056,430,1,9629.8,0.0,4,1,2,7,Needs Attention
C100057,48,7,97331.59,20326.46,2,4,4,10,Loyal
C100058,179,4,126221.46999999999,0.0,3,4,4,11,Loyal
C100059,186,1,34562.3,0.0,3,1,3,7,Needs Attention
C100060,18,2,9079.630000000001,0.0,1,2,2,5,At Risk
C100062,49,3,48576.17,24911.98,2,3,3,8,Needs Attention
C100063,56,9,137680.82,979.97,2,5,4,11,Loyal
C100064,593,3,6962.669999999999,0.0,5,3,1,9,Needs Attention
C100065,429,1,27882.97,0.0,4,1,2,7,Needs Attention
C100067,940,1,63914.58,50226.02,5,1,3,9,Needs Attention
C100069,62,1,27017.1,0.0,2,1,2,5,At Risk
C100071,79,20,276599.46,12681.24,2,5,5,12,Loyal
C100073,563,1,879.19,0.0,5,1,1,7,Needs Attention
C100075,775,3,135349.99000000002,0.0,5,3,4,12,Loyal
C100077,6,5,126418.79999999999,0.0,1,4,4,9,Needs Attention
C100078,436,2,7234.9,0.0,4,2,1,7,Needs Attention
C100079,195,3,7169.790000000001,0.0,3,3,1,7,Needs Attention
C100080,88,2,46907.05,0.0,2,2,3,7,Needs Attention
C100084,282,1,6291.47,0.0,4,1,1,6,At Risk
C100085,55,2,15753.78,0.0,2,2,2,6,At Risk
C100089,48,4,117286.78,0.0,2,4,4,10,Loyal
C100090,57,4,44181.11,0.0,2,4,3,9,Needs Attention
C100091,142,2,57729.44,0.0,3,2,3,8,Needs Attention
C100092,278,2,10065.380000000001,5890.55,4,2,2,8,Needs Attention
C100094,270,1,7644.1,7387.7,4,1,1,6,At Risk
C100097,485,1,5135.9,0.0,4,1,1,6,At Risk
C100100,579,2,24716.5,0.0,5,2,2,9,Needs Attention
C100102,297,2,11234.77,0.0,4,2,2,8,Needs Attention
C100104,7,1,34415.14,0.0,1,1,3,5,At Risk
C100107,25,3,44826.38,0.0,1,3,3,7,Needs Attention
C100110,296,2,6846.1900000000005,0.0,4,2,1,7,Needs Attention
C100111,594,1,26908.29,24584.38,5,1,2,8,Needs Attention
C100112,193,2,11475.060000000001,0.0,3,2,2,7,Needs Attention
C100113,93,5,96367.62999999999,0.0,3,4,4,11,Loyal
C100114,33,12,349597.16,89476.23,1,5,5,11,Loyal
C100116,367,1,15277.91,0.0,4,1,2,7,Needs Attention
C100117,146,4,175821.75,0.0,3,4,5,12,Loyal
C100119,15,2,15836.6,0.0,1,2,2,5,At Risk
C100121,11,4,85096.37000000001,24066.15,1,4,4,9,Needs Attention
C100122,118,12,315156.24,124474.23000000001,3,5,5,13,Champions
C100123,8,63,1247722.08,18327.13,1,5,5,11,Loyal
C100126,914,1,44265.89,0.0,5,1,3,9,Needs Attention
C100128,477,3,13227.28,0.0,4,3,2,9,Needs Attention
C100129,403,1,9758.2,0.0,4,1,2,7,Needs Attention
C100130,49,3,20320.24,0.0,2,3,2,7,Needs Attention
C100131,30,3,86226.01000000001,29989.6,1,3,4,8,Needs Attention
C100132,462,2,38333.55,0.0,4,2,3,9,Needs Attention
C100133,269,1,8984.05,0.0,4,1,2,7,Needs Attention
C100134,58,5,79409.14,0.0,2,4,4,10,Loyal
C100135,93,4,94315.72,0.0,3,4,4,11,Loyal
C100137,105,13,439055.26,14197.66,3,5,5,13,Champions
C100138,604,1,22735.16,0.0,5,1,2,8,Needs Attention
C100139,9,10,519262.05,679.13,1,5,5,11,Loyal
C100140,63,5,92723.4,1199.62,2,4,4,10,Loyal
C100141,194,3,7424.19,0.0,3,3,1,7,Needs Attention
C100142,904,1,35299.19,0.0,5,1,3,9,Needs Attention
C100145,530,1,3338.33,0.0,4,1,1,6,At Risk
C100146,440,2,7336.93,0.0,4,2,1,7,Needs Attention
C100147,34,6,76722.93,0.0,1,4,4,9,Needs Attention
C100148,21,5,118909.69,0.0,1,4,4,9,Needs Attention
C100149,1037,1,6093.71,0.0,5,1,1,7,Needs Attention
C100150,225,1,2490.68,0.0,3,1,1,5,At Risk
C100151,45,12,221916.43,5190.6,2,5,5,12,Loyal
C100152,513,2,71289.34,0.0,4,2,4,10,Loyal
C100153,1068,1,70002.56,0.0,5,1,4,10,Loyal
C100154,56,6,203552.47,0.0,2,4,5,11,Loyal
C100155,88,3,83585.41,0.0,2,3,4,9,Needs Attention
C100156,382,3,131497.64,0.0,4,3,4,11,Loyal
C100157,162,6,58677.18,28264.08,3,4,3,10,Loyal
C100159,363,3,26092.69,0.0,4,3,2,9,Needs Attention
C100160,4,11,186063.69,1021.21,1,5,5,11,Loyal
C100161,814,4,50912.31,0.0,5,4,3,12,Loyal
C100162,66,5,86015.67,0.0,2,4,4,10,Loyal
C100163,662,1,4534.94,0.0,5,1,1,7,Needs Attention
C100165,180,4,20119.670000000002,0.0,3,4,2,9,Needs Attention
C100166,961,1,411.36,0.0,5,1,1,7,Needs Attention
C100167,150,6,183088.25,0.0,3,4,5,12,Loyal
C100169,915,1,9373.01,8255.38,5,1,2,8,Needs Attention
C100171,484,1,7638.96,0.0,4,1,1,6,At Risk
C100172,582,1,5906.28,0.0,5,1,1,7,Needs Attention
C100173,437,5,92880.01000000001,0.0,4,4,4,12,Loyal
C100176,372,2,53880.72,51479.42,4,2,3,9,Needs Attention
C100177,812,1,2336.14,0.0,5,1,1,7,Needs Attention
C100180,236,5,166600.52,0.0,3,4,5,12,Loyal
C100181,244,8,219058.44,5074.29,3,5,5,13,Champions
C100183,435,1,60905.13,0.0,4,1,3,8,Needs Attention
C100185,88,15,260340.15,9122.550000000001,2,5,5,12,Loyal
C100186,137,3,44388.03999999999,0.0,3,3,3,9,Needs Attention
C100188,603,1,1137.17,0.0,5,1,1,7,Needs Attention
C100189,74,3,10909.77,0.0,2,3,2,7,Needs Attention
C100190,4,1,4301.31,0.0,1,1,1,3,At Risk
C100191,400,2,11570.58,0.0,4,2,2,8,Needs Attention
C100192,1081,1,3408.73,0.0,5,1,1,7,Needs Attention
C100193,117,2,8988.09,0.0,3,2,2,7,Needs Attention
C100194,522,1,67528.88,0.0,4,1,3,8,Needs Attention
C100195,202,5,125468.67,83100.39,3,4,4,11,Loyal
C100197,40,3,103005.93,0.0,2,3,4,9,Needs Attention
C100199,6,3,62317.4,0.0,1,3,3,7,Needs Attention
C100202,352,1,5919.3,0.0,4,1,1,6,At Risk
C100203,248,1,2550.96,0.0,3,1,1,5,At Risk
C100204,25,18,539215.22,39364.5,1,5,5,11,Loyal
C100205,62,1,10075.48,0.0,2,1,2,5,At Risk
C100206,20,14,183123.5,0.0,1,5,5,11,Loyal
C100207,397,6,89762.36,4163.3,4,4,4,12,Loyal
C100208,392,3,19444.96,0.0,4,3,2,9,Needs Attention
C100210,67,5,96366.31,0.0,2,4,4,10,Loyal
C100211,51,2,52279.43,0.0,2,2,3,7,Needs Attention
C100212,330,4,108494.97,0.0,4,4,4,12,Loyal
C100213,120,2,45628.92,35869.76,3,2,3,8,Needs Attention
C100214,110,20,385146.65,78773.43,3,5,5,13,Champions
C100215,549,1,6227.27,0.0,5,1,1,7,Needs Attention
C100216,1009,1,6880.18,0.0,5,1,1,7,Needs Attention
C100217,326,6,136708.74,12612.15,4,4,4,12,Loyal
C100218,61,4,27402.13,0.0,2,4,2,8,Needs Attention
C100219,20,10,190058.06,0.0,1,5,5,11,Loyal
C100220,959,1,4333.41,3338.14,5,1,1,7,Needs Attention
C100221,444,1,29616.47,0.0,4,1,3,8,Needs Attention
C100222,29,5,70298.73,0.0,1,4,4,9,Needs Attention
C100223,798,1,2139.62,0.0,5,1,1,7,Needs Attention
C100224,280,3,89683.69,0.0,4,3,4,11,Loyal
C100226,64,2,40435.25,0.0,2,2,3,7,Needs Attention
C100227,15,2,12161.0,0.0,1,2,2,5,At Risk
C100228,70,3,95677.51,0.0,2,3,4,9,Needs Attention
C100230,703,2,9648.93,0.0,5,2,2,9,Needs Attention
C100231,594,2,2854.51,0.0,5,2,1,8,Needs Attention
C100234,90,8,296793.7,0.0,2,5,5,12,Loyal
C100235,193,8,177004.89,3055.24,3,5,5,13,Champions
C100236,268,4,52288.850000000006,0.0,4,4,3,11,Loyal
C100237,344,3,252474.0,0.0,4,3,5,12,Loyal
C100239,597,1,1044.63,0.0,5,1,1,7,Needs Attention
C100240,326,14,354576.70999999996,8212.11,4,5,5,14,Champions
C100242,93,2,85193.76999999999,47239.41,3,2,4,9,Needs Attention
C100243,389,1,1500.86,0.0,4,1,1,6,At Risk
C100244,232,3,20093.6,0.0,3,3,2,8,Needs Attention
C100245,746,1,5328.49,0.0,5,1,1,7,Needs Attention
C100246,13,3,33433.24,0.0,1,3,3,7,Needs Attention
C100247,333,2,6173.0,0.0,4,2,1,7,Needs Attention
C100249,49,3,60368.71,0.0,2,3,3,8,Needs Attention
C100251,8,10,280266.3,15736.44,1,5,5,11,Loyal
C100252,749,1,4807.74,0.0,5,1,1,7,Needs Attention
C100253,36,4,38258.59,0.0,1,4,3,8,Needs Attention
C100254,26,2,48556.8,0.0,1,2,3,6,At Risk
C100255,550,1,32099.35,24964.62,5,1,3,9,Needs Attention
C100256,55,4,23189.6,0.0,2,4,2,8,Needs Attention
C100257,79,6,289963.34,0.0,2,4,5,11,Loyal
C100258,105,2,12303.509999999998,0.0,3,2,2,7,Needs Attention
C100259,56,11,232371.06,1053.91,2,5,5,12,Loyal
C100261,524,1,4065.47,0.0,4,1,1,6,At Risk
C100262,440,3,67646.29000000001,0.0,4,3,3,10,Loyal
C100263,205,4,24492.379999999997,0.0,3,4,2,9,Needs Attention
C100264,216,5,129826.75,0.0,3,4,4,11,Loyal
C100265,419,4,529163.75,10064.08,4,4,5,13,Champions
C100266,1067,1,41868.2,0.0,5,1,3,9,Needs Attention
C100268,75,3,62508.47,0.0,2,3,3,8,Needs Attention
C100269,743,4,65944.43,0.0,5,4,3,12,Loyal
C100270,7,7,65357.46,0.0,1,4,3,8,Needs Attention
C100272,300,7,60257.8,0.0,4,4,3,11,Loyal
C100273,800,2,8834.47,0.0,5,2,2,9,Needs Attention
C100274,800,2,124047.74,0.0,5,2,4,11,Loyal
C100275,793,3,11401.78,4768.9,5,3,2,10,Loyal
C100276,132,1,5264.29,0.0,3,1,1,5,At Risk
C100277,176,3,68303.76999999999,0.0,3,3,4,10,Loyal
C100278,220,1,19111.73,0.0,3,1,2,6,At Risk
C100279,49,10,110233.59,0.0,2,5,4,11,Loyal
C100280,211,6,125150.33,0.0,3,4,4,11,Loyal
C100282,19,8,238492.8,2422.57,1,5,5,11,Loyal
C100283,105,3,218392.96000000002,0.0,3,3,5,11,Loyal
C100285,52,8,235327.16,0.0,2,5,5,12,Loyal
C100286,208,5,12573.41,269.82,3,4,2,9,Needs Attention
C100287,438,1,4943.3,0.0,4,1,1,6,At Risk
C100288,1091,1,2060.23,0.0,5,1,1,7,Needs Attention
C100289,15,11,192866.35,0.0,1,5,5,11,Loyal
C100290,12,2,81455.61,0.0,1,2,4,7,Needs Attention
C100291,71,1,1425.66,0.0,2,1,1,4,At Risk
C100292,199,5,69068.75,0.0,3,4,4,11,Loyal
C100293,160,1,4083.53,0.0,3,1,1,5,At Risk
C100296,277,3,14091.75,0.0,4,3,2,9,Needs Attention
C100297,233,3,75486.39,0.0,3,3,4,10,Loyal
C100299,447,1,5970.48,0.0,4,1,1,6,At Risk
C100300,426,2,6326.12,0.0,4,2,1,7,Needs Attention
C100301,38,1,5995.31,0.0,2,1,1,4,At Risk
C100302,688,2,56621.84,0.0,5,2,3,10,Loyal
C100304,631,1,5777.88,0.0,5,1,1,7,Needs Attention
C100307,5,123,2509995.69,261640.29,1,5,5,11,Loyal
C100312,414,1,23827.1,22772.32,4,1,2,7,Needs Attention
C100314,50,14,226125.38,835.67,2,5,5,12,Loyal
C100315,189,6,122559.58,47409.75,3,4,4,11,Loyal
C100318,28,7,279097.22000000003,0.0,1,4,5,10,Loyal
C100319,938,2,10222.39,0.0,5,2,2,9,Needs Attention
C100320,57,4,317257.39999999997,0.0,2,4,5,11,Loyal
C100321,15,54,1399000.9000000001,5490.51,1,5,5,11,Loyal
C100322,198,1,577.51,0.0,3,1,1,5,At Risk
C100323,44,1,40724.62,0.0,2,1,3,6,At Risk
C100326,12,6,35823.35,0.0,1,4,3,8,Needs Attention
C100327,7,5,176881.55,116775.87,1,4,5,10,Loyal
C100328,6,3,19182.3,0.0,1,3,2,6,At Risk
C100329,650,1,3516.38,0.0,5,1,1,7,Needs Attention
C100331,45,5,71709.5,0.0,2,4,4,10,Loyal
C100332,19,11,108751.26000000001,0.0,1,5,4,10,Loyal
C100333,690,1,6419.87,0.0,5,1,1,7,Needs Attention
C100334,810,1,4339.34,0.0,5,1,1,7,Needs Attention
C100335,39,11,75800.23999999999,0.0,2,5,4,11,Loyal
C100336,39,34,1030580.22,69239.36,2,5,5,12,Loyal
C100337,541,1,362.3,0.0,5,1,1,7,Needs Attention
C100338,12,2,38198.71,0.0,1,2,3,6,At Risk
C100339,69,2,5532.360000000001,0.0,2,2,1,5,At Risk
C100340,63,1,12839.74,0.0,2,1,2,5,At Risk
C100341,245,1,137660.58,0.0,3,1,4,8,Needs Attention
C100342,63,5,136477.45,1922.25,2,4,4,10,Loyal
C100343,30,9,67873.76,0.0,1,5,3,9,Needs Attention
C100346,75,2,27746.35,0.0,2,2,2,6,At Risk
C100347,33,10,267611.54000000004,22616.809999999998,1,5,5,11,Loyal
C100348,841,1,5649.49,0.0,5,1,1,7,Needs Attention
C100349,45,11,191415.31,53343.270000000004,2,5,5,12,Loyal
C100350,807,1,4493.91,0.0,5,1,1,7,Needs Attention
C100351,31,45,936701.45,158705.45,1,5,5,11,Loyal
C100352,9,55,752314.24,82850.3,1,5,5,11,Loyal
C100353,6,11,241544.22,5113.04,1,5,5,11,Loyal
C100354,81,2,146735.41,0.0,2,2,4,8,Needs Attention
C100356,17,2,35423.89,0.0,1,2,3,6,At Risk
C100358,619,1,34825.56,0.0,5,1,3,9,Needs Attention
C100359,554,1,52575.69,0.0,5,1,3,9,Needs Attention
C100360,303,2,10570.93,0.0,4,2,2,8,Needs Attention
C100361,906,1,6291.47,0.0,5,1,1,7,Needs Attention
C100362,17,5,156453.11,0.0,1,4,5,10,Loyal
C100363,156,6,34042.53,12512.61,3,4,3,10,Loyal
C100365,685,3,29467.66,0.0,5,3,3,11,Loyal
C100366,4,4,83789.15,41251.9,1,4,4,9,Needs Attention
C100367,51,5,30791.770000000004,0.0,2,4,3,9,Needs Attention
C100368,78,5,77636.4,0.0,2,4,4,10,Loyal
C100369,57,2,236251.32,5629.8,2,2,5,9,Needs Attention
C100370,178,3,9125.97,0.0,3,3,2,8,Needs Attention
C100371,485,1,5456.89,0.0,4,1,1,6,At Risk
C100372,84,1,34146.23,0.0,2,1,3,6,At Risk
C100373,21,2,28096.18,0.0,1,2,3,6,At Risk
C100374,935,1,132797.67,117908.83,5,1,4,10,Loyal
C100375,107,2,24717.23,0.0,3,2,2,7,Needs Attention
C100377,57,3,73667.73,10748.58,2,3,4,9,Needs Attention
C100378,54,7,96512.47,22815.620000000003,2,4,4,10,Loyal
C100379,162,15,287106.33,0.0,3,5,5,13,Champions
C100380,439,2,3176.34,0.0,4,2,1,7,Needs Attention
C100381,398,1,43499.42,0.0,4,1,3,8,Needs Attention
C100382,445,1,9808.04,0.0,4,1,2,7,Needs Attention
C100383,39,2,11051.84,0.0,2,2,2,6,At Risk
C100384,7,5,98949.32,0.0,1,4,4,9,Needs Attention
C100385,398,3,122521.37,0.0,4,3,4,11,Loyal
C100386,255,3,185000.6,0.0,3,3,5,11,Loyal
C100387,225,2,53761.659999999996,0.0,3,2,3,8,Needs Attention
C100388,235,5,33508.46,0.0,3,4,3,10,Loyal
C100392,87,1,5370.44,0.0,2,1,1,4,At Risk
C100393,31,1,6098.88,0.0,1,1,1,3,At Risk
C100394,129,11,157303.26,4222.61,3,5,5,13,Champions
C100395,797,1,4672.28,0.0,5,1,1,7,Needs Attention
C100396,490,3,57242.7,0.0,4,3,3,10,Loyal
C100397,16,5,114715.05,4497.62,1,4,4,9,Needs Attention
C100399,28,12,251550.87000000002,12221.74,1,5,5,11,Loyal
C100400,28,5,81365.85,0.0,1,4,4,9,Needs Attention
C100401,417,4,95536.34,45345.88,4,4,4,12,Loyal
C100402,232,6,201030.57,27902.03,3,4,5,12,Loyal
C100403,206,3,38434.79,0.0,3,3,3,9,Needs Attention
C100404,32,24,348601.58,56589.14,1,5,5,11,Loyal
C100407,448,2,29817.07,0.0,4,2,3,9,Needs Attention
C100408,86,4,42494.93,4682.15,2,4,3,9,Needs Attention
C100410,625,2,21916.050000000003,0.0,5,2,2,9,Needs Attention
C100413,1071,1,5906.28,0.0,5,1,1,7,Needs Attention
C100414,115,1,6050.26,0.0,3,1,1,5,At Risk
C100415,127,4,93796.37,13510.609999999999,3,4,4,11,Loyal
C100417,343,1,6739.27,0.0,4,1,1,6,At Risk
C100418,195,2,13695.550000000001,0.0,3,2,2,7,Needs Attention
C100419,20,6,80373.4,5690.88,1,4,4,9,Needs Attention
C100421,767,1,56158.76,0.0,5,1,3,9,Needs Attention
C100422,401,2,2327.99,672.06,4,2,1,7,Needs Attention
C100423,575,1,26550.24,0.0,5,1,2,8,Needs Attention
C100424,88,2,44122.119999999995,0.0,2,2,3,7,Needs Attention
C100426,41,11,109179.73000000001,5157.64,2,5,4,11,Loyal
C100427,815,1,51029.09,0.0,5,1,3,9,Needs Attention
C100429,23,14,266128.24,0.0,1,5,5,11,Loyal
C100430,762,1,5328.49,0.0,5,1,1,7,Needs Attention
C100431,255,5,41563.22,0.0,3,4,3,10,Loyal
C100432,41,4,107600.38,0.0,2,4,4,10,Loyal
C100433,454,2,64589.03,0.0,4,2,3,9,Needs Attention
C100434,244,2,10113.45,0.0,3,2,2,7,Needs Attention
C100435,353,1,2292.59,0.0,4,1,1,6,At Risk
C100436,623,4,18566.77,4873.57,5,4,2,11,Loyal
C100437,123,9,143822.86,6354.1,3,5,4,12,Loyal
C100438,145,6,127874.53,43961.02,3,4,4,11,Loyal
C100439,58,22,731963.2799999999,41714.8,2,5,5,12,Loyal
C100440,166,2,7903.94,0.0,3,2,1,6,At Risk
C100441,29,5,113456.77,5833.88,1,4,4,9,Needs Attention
C100443,516,2,8739.93,0.0,4,2,2,8,Needs Attention
C100445,38,4,23360.48,0.0,2,4,2,8,Needs Attention
C100446,35,2,46297.44,0.0,1,2,3,6,At Risk
C100449,79,7,73534.36,0.0,2,4,4,10,Loyal
C100450,174,3,198196.41999999998,0.0,3,3,5,11,Loyal
C100452,143,1,5456.89,0.0,3,1,1,5,At Risk
C100453,40,3,74536.62,0.0,2,3,4,9,Needs Attention
C100455,191,6,175048.27,0.0,3,4,5,12,Loyal
C100456,80,3,144511.08000000002,0.0,2,3,4,9,Needs Attention
C100457,62,7,137654.79,1302.9,2,4,4,10,Loyal
C100460,62,8,84907.37,0.0,2,5,4,11,Loyal
C100461,395,5,50698.31,0.0,4,4,3,11,Loyal
C100463,84,1,1459.46,1265.81,2,1,1,4,At Risk
C100464,396,4,53375.43,0.0,4,4,3,11,Loyal
C100466,58,2,5373.68,0.0,2,2,1,5,At Risk
C100468,50,11,189753.86,8334.38,2,5,5,12,Loyal
C100469,15,1,29620.08,0.0,1,1,3,5,At Risk
C100472,4,19,247518.58,13660.279999999999,1,5,5,11,Loyal
C100473,340,5,218295.09,0.0,4,4,5,13,Champions
C100474,68,19,510355.02,16225.42,2,5,5,12,Loyal
C100475,397,4,124001.61,0.0,4,4,4,12,Loyal
C100476,45,6,89521.18,47177.8,2,4,4,10,Loyal
C100477,97,4,28011.65,3355.78,3,4,2,9,Needs Attention
C100478,403,2,60407.18,0.0,4,2,3,9,Needs Attention
C100479,71,11,146076.66999999998,26200.32,2,5,4,11,Loyal
C100480,583,1,57192.83,0.0,5,1,3,9,Needs Attention
C100481,9,22,571166.93,9946.33,1,5,5,11,Loyal
C100485,957,1,546.75,0.0,5,1,1,7,Needs Attention
C100486,47,3,20295.129999999997,9805.23,2,3,2,7,Needs Attention
C100487,49,8,160426.42,8741.8,2,5,5,12,Loyal
C100488,47,15,303712.92,0.0,2,5,5,12,Loyal
C100489,54,14,422342.13,38989.39,2,5,5,12,Loyal
C100490,427,2,78875.52,0.0,4,2,4,10,Loyal
C100491,54,11,246327.5,66101.14,2,5,5,12,Loyal
C100492,278,1,5970.48,0.0,4,1,1,6,At Risk
C100493,280,1,9886.6,0.0,4,1,2,7,Needs Attention
C100494,236,1,3243.32,0.0,3,1,1,5,At Risk
C100495,25,3,17500.07,0.0,1,3,2,6,At Risk
C100498,545,3,112069.76000000001,0.0,5,3,4,12,Loyal
C100499,123,4,50746.35,0.0,3,4,3,10,Loyal
C100500,986,1,37154.8,0.0,5,1,3,9,Needs Attention
C100501,40,2,59397.72,48486.91,2,2,3,7,Needs Attention
C100502,16,2,92497.21,0.0,1,2,4,7,Needs Attention
C100503,13,10,246425.02000000002,4627.13,1,5,5,11,Loyal
C100505,336,1,70825.42,0.0,4,1,4,9,Needs Attention
C100506,51,3,32130.29,0.0,2,3,3,8,Needs Attention
C100507,17,75,1222696.3900000001,112694.41,1,5,5,11,Loyal
C100508,772,3,11344.46,993.26,5,3,2,10,Loyal
C100509,822,2,81211.10999999999,0.0,5,2,4,11,Loyal
C100511,135,1,6808.75,0.0,3,1,1,5,At Risk
C100514,674,1,175644.97,0.0,5,1,5,11,Loyal
C100518,198,7,206398.68,0.0,3,4,5,12,Loyal
C100519,20,2,30767.25,0.0,1,2,3,6,At Risk
C100520,66,4,60897.28,0.0,2,4,3,9,Needs Attention
C100523,431,1,33385.84,30023.89,4,1,3,8,Needs Attention
C100524,85,11,77238.04,16255.27,2,5,4,11,Loyal
C100525,239,8,161718.17,50211.24,3,5,5,13,Champions
C100527,805,1,2491.48,0.0,5,1,1,7,Needs Attention
C100529,79,4,84463.07,0.0,2,4,4,10,Loyal
C100530,3,31,663169.55,19642.440000000002,1,5,5,11,Loyal
C100531,598,2,32413.38,28066.43,5,2,3,10,Loyal
C100532,51,6,58583.94,12112.23,2,4,3,9,Needs Attention
C100533,205,7,158774.69,0.0,3,4,5,12,Loyal
C100534,21,8,92020.98,0.0,1,5,4,10,Loyal
C100535,403,2,64668.100000000006,648.2,4,2,3,9,Needs Attention
C100538,388,4,39686.03,0.0,4,4,3,11,Loyal
C100539,157,2,61871.06,0.0,3,2,3,8,Needs Attention
C100540,594,4,28156.28,0.0,5,4,3,12,Loyal
C100542,402,4,98456.5,0.0,4,4,4,12,Loyal
C100544,41,13,210456.23,10938.4,2,5,5,12,Loyal
C100545,21,6,126693.39,4299.23,1,4,4,9,Needs Attention
C100546,993,1,382.83,0.0,5,1,1,7,Needs Attention
C100548,570,1,5349.73,0.0,5,1,1,7,Needs Attention
C100549,86,8,64158.19,0.0,2,5,3,10,Loyal
C100550,36,12,301738.27999999997,0.0,1,5,5,11,Loyal
C100551,677,1,1029.18,0.0,5,1,1,7,Needs Attention
C100552,818,1,1424.29,0.0,5,1,1,7,Needs Attention
C100555,90,1,14299.54,0.0,2,1,2,5,At Risk
C100556,393,1,19926.34,0.0,4,1,2,7,Needs Attention
C100557,40,5,90530.69,30828.4,2,4,4,10,Loyal
C100558,237,10,143312.79,36206.85,3,5,4,12,Loyal
C100559,668,1,110437.43,0.0,5,1,4,10,Loyal
C100560,795,1,1312.13,0.0,5,1,1,7,Needs Attention
C100561,675,2,55483.65,0.0,5,2,3,10,Loyal
C100562,727,3,11748.7,0.0,5,3,2,10,Loyal
C100563,626,2,116470.56999999999,0.0,5,2,4,11,Loyal
C100564,92,13,148855.75,8150.28,3,5,4,12,Loyal
C100565,189,1,1708.56,0.0,3,1,1,5,At Risk
C100566,583,1,5649.49,0.0,5,1,1,7,Needs Attention
C100567,60,7,129981.26,5070.31,2,4,4,10,Loyal
C100568,198,1,21907.06,0.0,3,1,2,6,At Risk
C100572,71,1,5079.97,0.0,2,1,1,4,At Risk
C100574,18,3,18022.57,0.0,1,3,2,6,At Risk
C100575,397,2,20751.62,0.0,4,2,2,8,Needs Attention
C100576,441,4,63432.770000000004,0.0,4,4,3,11,Loyal
C100577,549,3,54163.759999999995,0.0,5,3,3,11,Loyal
C100578,166,8,256823.2,37205.85,3,5,5,13,Champions
C100579,88,5,117119.47,0.0,2,4,4,10,Loyal
C100581,514,1,5207.73,0.0,4,1,1,6,At Risk
C100582,262,1,7426.71,0.0,4,1,1,6,At Risk
C100583,806,1,43242.25,0.0,5,1,3,9,Needs Attention
C100584,437,2,7406.27,4637.08,4,2,1,7,Needs Attention
C100585,104,5,41689.26,8821.099999999999,3,4,3,10,Loyal
C100586,21,6,171238.47000000003,0.0,1,4,5,10,Loyal
C100589,382,2,44540.44,41006.59,4,2,3,9,Needs Attention
C100590,17,43,1077887.6600000001,173243.72,1,5,5,11,Loyal
C100591,195,2,50176.31,0.0,3,2,3,8,Needs Attention
C100593,281,1,3479.01,0.0,4,1,1,6,At Risk
C100595,93,2,22931.070000000003,0.0,3,2,2,7,Needs Attention
C100596,230,9,47341.2,0.0,3,5,3,11,Loyal
C100597,31,17,221526.6,0.0,1,5,5,11,Loyal
C100598,412,2,75004.12999999999,0.0,4,2,4,10,Loyal
C100600,71,11,399508.18,67030.45,2,5,5,12,Loyal
C100601,35,6,260313.09,0.0,1,4,5,10,Loyal
C100603,73,7,159992.2,0.0,2,4,5,11,Loyal
C100604,294,4,206729.16999999998,0.0,4,4,5,13,Champions
C100605,148,16,294049.88,8621.02,3,5,5,13,Champions
C100607,585,3,43293.71,31259.51,5,3,3,11,Loyal
C100608,30,1,1891.78,0.0,1,1,1,3,At Risk
C100609,3,1,12518.75,10989.39,1,1,2,4,At Risk
C100610,128,5,29783.690000000002,0.0,3,4,3,10,Loyal
C100611,234,3,35800.23,0.0,3,3,3,9,Needs Attention
C100612,229,3,9703.279999999999,0.0,3,3,2,8,Needs Attention
C100613,54,3,27139.809999999998,0.0,2,3,2,7,Needs Attention
C100615,193,2,18386.52,0.0,3,2,2,7,Needs Attention
C100616,11,7,258949.17,0.0,1,4,5,10,Loyal
C100617,39,31,761191.5599999999,85874.21,2,5,5,12,Loyal
C100618,17,3,19379.510000000002,0.0,1,3,2,6,At Risk
C100620,29,6,35608.42,8559.220000000001,1,4,3,8,Needs Attention
C100621,186,5,199386.34,5246.9,3,4,5,12,Loyal
C100622,113,8,262592.69,0.0,3,5,5,13,Champions
C100625,156,4,27780.08,0.0,3,4,2,9,Needs Attention
C100626,76,8,96159.86,40729.270000000004,2,5,4,11,Loyal
C100630,23,7,153701.69,120467.67,1,4,4,9,Needs Attention
C100631,88,8,156772.8,60777.3,2,5,5,12,Loyal
C100637,71,2,48756.26,39845.0,2,2,3,7,Needs Attention
C100638,104,1,2631.52,0.0,3,1,1,5,At Risk
C100639,102,1,6003.84,0.0,3,1,1,5,At Risk
C100640,546,1,3560.51,0.0,5,1,1,7,Needs Attention
C100642,5,4,91903.81,0.0,1,4,4,9,Needs Attention
C100643,223,4,106660.34000000001,8544.08,3,4,4,11,Loyal
C100644,240,1,5328.49,0.0,3,1,1,5,At Risk
C100645,2,4,66368.6,0.0,1,4,3,8,Needs Attention
C100647,13,18,431539.52,25919.39,1,5,5,11,Loyal
C100648,37,3,92273.44,10876.82,1,3,4,8,Needs Attention
C100649,750,1,22471.08,0.0,5,1,2,8,Needs Attention
C100650,22,2,14063.65,9495.78,1,2,2,5,At Risk
C100652,590,3,45297.25,0.0,5,3,3,11,Loyal
C100653,516,4,109315.99,0.0,4,4,4,12,Loyal
C100655,85,2,35282.19,0.0,2,2,3,7,Needs Attention
C100657,179,6,125290.79000000001,35979.37,3,4,4,11,Loyal
C100658,82,8,192849.5,0.0,2,5,5,12,Loyal
C100659,91,1,62445.19,0.0,2,1,3,6,At Risk
C100661,22,16,340398.72,0.0,1,5,5,11,Loyal
C100662,16,22,607568.36,0.0,1,5,5,11,Loyal
C100663,82,3,15937.939999999999,0.0,2,3,2,7,Needs Attention
C100665,14,7,163280.56,58010.66,1,4,5,10,Loyal
C100666,82,3,93431.09,0.0,2,3,4,9,Needs Attention
C100667,1048,1,2604.66,0.0,5,1,1,7,Needs Attention
C100668,16,17,724117.29,194005.41999999998,1,5,5,11,Loyal
C100669,38,5,171713.63,0.0,2,4,5,11,Loyal
C100671,31,31,580147.39,12004.73,1,5,5,11,Loyal
C100672,2,10,110774.09,0.0,1,5,4,10,Loyal
C100673,83,18,449939.58999999997,0.0,2,5,5,12,Loyal
C100674,39,1,120527.81,0.0,2,1,4,7,Needs Attention
C100675,62,12,421265.64999999997,112417.47,2,5,5,12,Loyal
C100677,935,1,9310.44,0.0,5,1,2,8,Needs Attention
C100678,18,1,5777.88,0.0,1,1,1,3,At Risk
C100680,214,1,4979.07,0.0,3,1,1,5,At Risk
C100681,332,7,280194.08,0.0,4,4,5,13,Champions
C100683,141,1,578.92,0.0,3,1,1,5,At Risk
C100684,322,1,188403.36,0.0,4,1,5,10,Loyal
C100685,9,4,81748.97,0.0,1,4,4,9,Needs Attention
C100686,646,3,182382.38,0.0,5,3,5,13,Champions
C100689,14,11,132691.66999999998,35056.63,1,5,4,10,Loyal
C100692,795,1,5817.45,0.0,5,1,1,7,Needs Attention
C100693,36,10,81976.03,8047.21,1,5,4,10,Loyal
C100694,85,3,43395.45,0.0,2,3,3,8,Needs Attention
C100695,1038,1,3963.51,0.0,5,1,1,7,Needs Attention
C100697,243,6,85129.85,5493.04,3,4,4,11,Loyal
C100698,396,3,57599.450000000004,0.0,4,3,3,10,Loyal
C100699,4,22,425871.59,14504.42,1,5,5,11,Loyal
C100701,827,2,18894.11,0.0,5,2,2,9,Needs Attention
C100702,16,1,5456.89,4834.93,1,1,1,3,At Risk
C100703,21,43,1192409.75,82385.70000000001,1,5,5,11,Loyal
C100704,49,5,108369.49,13345.55,2,4,4,10,Loyal
C100705,79,8,142283.81,13469.28,2,5,4,11,Loyal
C100707,251,2,17875.95,0.0,3,2,2,7,Needs Attention
C100708,75,8,102533.42,0.0,2,5,4,11,Loyal
C100709,39,7,222083.92,0.0,2,4,5,11,Loyal
C100712,221,7,116689.52,0.0,3,4,4,11,Loyal
C100713,58,6,57162.14,0.0,2,4,3,9,Needs Attention
C100714,325,2,110180.26,0.0,4,2,4,10,Loyal
C100715,78,3,217377.08,144618.15,2,3,5,10,Loyal
C100716,17,30,615813.46,55684.47,1,5,5,11,Loyal
C100717,21,5,134953.97,0.0,1,4,4,9,Needs Attention
C100718,124,3,61938.340000000004,0.0,3,3,3,9,Needs Attention
C100719,94,8,102670.24,0.0,3,5,4,12,Loyal
C100720,1079,1,46300.48,0.0,5,1,3,9,Needs Attention
C100721,916,1,25088.64,23673.33,5,1,2,8,Needs Attention
C100722,319,5,225783.89,0.0,4,4,5,13,Champions
C100724,123,3,27480.47,2775.42,3,3,2,8,Needs Attention
C100725,591,1,1736.75,0.0,5,1,1,7,Needs Attention
C100726,198,3,54269.4,0.0,3,3,3,9,Needs Attention
C100727,1020,1,34261.11,0.0,5,1,3,9,Needs Attention
C100728,77,2,13844.77,0.0,2,2,2,6,At Risk
C100729,188,2,19537.059999999998,0.0,3,2,2,7,Needs Attention
C100731,570,1,4406.18,0.0,5,1,1,7,Needs Attention
C100733,179,3,4619.98,2172.36,3,3,1,7,Needs Attention
C100734,994,1,3712.95,0.0,5,1,1,7,Needs Attention
C100735,653,2,62328.0,0.0,5,2,3,10,Loyal
C100736,12,8,61194.17,0.0,1,5,3,9,Needs Attention
C100737,965,1,5906.28,0.0,5,1,1,7,Needs Attention
C100738,482,1,2670.56,0.0,4,1,1,6,At Risk
C100739,21,2,40145.76,0.0,1,2,3,6,At Risk
C100741,580,1,7285.74,0.0,5,1,1,7,Needs Attention
C100742,104,5,215304.31,11345.12,3,4,5,12,Loyal
C100746,415,2,15382.26,0.0,4,2,2,8,Needs Attention
C100748,154,1,4814.9,0.0,3,1,1,5,At Risk
C100749,232,5,74051.18,0.0,3,4,4,11,Loyal
C100750,902,1,2057.78,0.0,5,1,1,7,Needs Attention
C100751,286,3,75982.81,0.0,4,3,4,11,Loyal
C100752,81,4,52958.81,0.0,2,4,3,9,Needs Attention
C100753,366,1,5075.18,0.0,4,1,1,6,At Risk
C100754,22,2,9254.68,3786.3,1,2,2,5,At Risk
C100756,63,2,102573.31,0.0,2,2,4,8,Needs Attention
C100757,6,18,236133.72,31686.92,1,5,5,11,Loyal
C100758,476,1,12839.74,0.0,4,1,2,7,Needs Attention
C100759,425,2,12711.34,0.0,4,2,2,8,Needs Attention
C100760,75,8,442391.31000000006,0.0,2,5,5,12,Loyal
C100762,64,1,495.29,0.0,2,1,1,4,At Risk
C100764,25,10,169611.02,3319.31,1,5,5,11,Loyal
C100765,449,2,71063.25,0.0,4,2,4,10,Loyal
C100766,86,2,11748.36,0.0,2,2,2,6,At Risk
C100767,324,4,51448.75,0.0,4,4,3,11,Loyal
C100769,17,1,1999.22,0.0,1,1,1,3,At Risk
C100770,19,5,183642.37,5403.83,1,4,5,10,Loyal
C100771,68,4,21935.6,0.0,2,4,2,8,Needs Attention
C100773,190,4,23443.57,11551.5,3,4,2,9,Needs Attention
C100774,455,1,4994.04,0.0,4,1,1,6,At Risk
C100776,25,12,185122.83000000002,4401.01,1,5,5,11,Loyal
C100777,23,1,1328.81,0.0,1,1,1,3,At Risk
C100778,94,10,97080.93,0.0,3,5,4,12,Loyal
C100779,166,7,233945.63,0.0,3,4,5,12,Loyal
C100780,56,7,224549.69,19330.12,2,4,5,11,Loyal
C100781,61,5,69895.87,22094.43,2,4,4,10,Loyal
C100783,18,14,614951.37,55715.229999999996,1,5,5,11,Loyal
C100784,11,20,387467.4,23979.6,1,5,5,11,Loyal
C100785,401,4,50220.53,0.0,4,4,3,11,Loyal
C100786,561,1,13420.65,0.0,5,1,2,8,Needs Attention
C100788,131,1,2140.85,0.0,3,1,1,5,At Risk
C100790,597,2,12188.810000000001,0.0,5,2,2,9,Needs Attention
C100791,51,9,75633.23,31657.77,2,5,4,11,Loyal
C100792,286,10,147951.58,18736.95,4,5,4,13,Champions
C100794,221,3,29546.879999999997,0.0,3,3,3,9,Needs Attention
C100795,576,4,97958.67,0.0,5,4,4,13,Champions
C100796,560,1,58297.14,0.0,5,1,3,9,Needs Attention
C100797,149,13,167629.56,32843.39,3,5,5,13,Champions
C100799,67,2,12711.810000000001,0.0,2,2,2,6,At Risk
C100800,221,3,28719.96,0.0,3,3,3,9,Needs Attention
C100801,440,1,8987.53,0.0,4,1,2,7,Needs Attention
C100802,10,12,419941.7,7535.25,1,5,5,11,Loyal
C100803,561,1,3577.53,0.0,5,1,1,7,Needs Attention
C100804,210,3,66585.95000000001,0.0,3,3,3,9,Needs Attention
C100806,295,5,118061.44,4953.82,4,4,4,12,Loyal
C100807,5,62,1637660.89,17885.95,1,5,5,11,Loyal
C100808,21,11,198659.39,10626.29,1,5,5,11,Loyal
C100809,23,7,49992.51,0.0,1,4,3,8,Needs Attention
C100811,238,8,217099.22,0.0,3,5,5,13,Champions
C100813,63,3,38314.6,33795.24,2,3,3,8,Needs Attention
C100814,895,1,48627.29,0.0,5,1,3,9,Needs Attention
C100816,455,4,94862.99,43062.02,4,4,4,12,Loyal
C100817,71,1,53864.04,0.0,2,1,3,6,At Risk
C100819,378,1,12458.84,12373.77,4,1,2,7,Needs Attention
C100820,64,2,9685.56,0.0,2,2,2,6,At Risk
C100821,86,1,1194.54,0.0,2,1,1,4,At Risk
C100822,422,1,6098.88,0.0,4,1,1,6,At Risk
C100823,235,2,11798.91,0.0,3,2,2,7,Needs Attention
C100825,832,1,9069.87,0.0,5,1,2,8,Needs Attention
C100826,1065,1,1389.4,0.0,5,1,1,7,Needs Attention
C100827,117,4,159978.77000000002,0.0,3,4,5,12,Loyal
C100828,44,4,38409.97,15023.6,2,4,3,9,Needs Attention
C100829,605,1,8751.41,0.0,5,1,2,8,Needs Attention
C100830,46,8,144125.32,0.0,2,5,4,11,Loyal
C100831,22,20,415191.89,190521.32,1,5,5,11,Loyal
C100833,209,3,176164.73,0.0,3,3,5,11,Loyal
C100835,82,1,2525.42,0.0,2,1,1,4,At Risk
C100837,139,2,34430.11,0.0,3,2,3,8,Needs Attention
C100838,35,19,394257.07,0.0,1,5,5,11,Loyal
C100839,258,2,26139.239999999998,0.0,3,2,2,7,Needs Attention
C100841,8,10,171631.18,0.0,1,5,5,11,Loyal
C100842,233,2,8776.2,0.0,3,2,2,7,Needs Attention
C100845,57,30,708732.6,10098.19,2,5,5,12,Loyal
C100846,215,3,16500.96,4771.35,3,3,2,8,Needs Attention
C100847,475,1,7957.91,0.0,4,1,1,6,At Risk
C100849,470,3,60872.36,0.0,4,3,3,10,Loyal
C100850,10,121,2191489.2,98914.85,1,5,5,11,Loyal
C100851,13,11,187350.74000000002,0.0,1,5,5,11,Loyal
C100852,216,4,127597.42000000001,0.0,3,4,4,11,Loyal
C100853,315,3,55066.24,0.0,4,3,3,10,Loyal
C100854,198,2,22052.2,0.0,3,2,2,7,Needs Attention
C100855,126,3,36671.42,0.0,3,3,3,9,Needs Attention
C100856,647,1,2774.99,0.0,5,1,1,7,Needs Attention
C100857,71,5,77856.15,0.0,2,4,4,10,Loyal
C100860,148,8,162753.57,0.0,3,5,5,13,Champions
C100862,54,5,77142.47,0.0,2,4,4,10,Loyal
C100863,518,3,38339.97,0.0,4,3,3,10,Loyal
C100864,509,1,19679.73,0.0,4,1,2,7,Needs Attention
C100865,596,2,121447.87,0.0,5,2,4,11,Loyal
C100866,947,1,24425.3,0.0,5,1,2,8,Needs Attention
C100868,1063,1,12711.34,0.0,5,1,2,8,Needs Attention
C100869,130,1,4686.51,0.0,3,1,1,5,At Risk
C100870,253,2,64380.33,0.0,3,2,3,8,Needs Attention
C100872,76,5,37424.05,0.0,2,4,3,9,Needs Attention
C100873,581,1,546.75,0.0,5,1,1,7,Needs Attention
C100874,793,4,28552.230000000003,6707.93,5,4,3,12,Loyal
C100875,240,3,59121.97,0.0,3,3,3,9,Needs Attention
C100876,367,1,2004.96,0.0,4,1,1,6,At Risk
C100877,116,6,136777.59,0.0,3,4,4,11,Loyal
C100879,72,5,89451.07999999999,9996.55,2,4,4,10,Loyal
C100882,1,27,745689.23,55992.98,1,5,5,11,Loyal
C100884,29,14,202867.09,35860.96,1,5,5,11,Loyal
C100885,93,1,6419.87,0.0,3,1,1,5,At Risk
C100887,13,1,820.08,0.0,1,1,1,3,At Risk
C100888,509,3,46101.71,0.0,4,3,3,10,Loyal
C100889,319,3,70944.33,60110.32,4,3,4,11,Loyal
C100890,74,3,19739.03,0.0,2,3,2,7,Needs Attention
C100891,371,1,3859.34,0.0,4,1,1,6,At Risk
C100892,8,3,65297.1,0.0,1,3,3,7,Needs Attention
C100893,423,3,54293.99,0.0,4,3,3,10,Loyal
C100894,52,5,54466.979999999996,0.0,2,4,3,9,Needs Attention
C100895,324,3,32142.31,0.0,4,3,3,10,Loyal
C100896,38,9,156212.82,21709.7,2,5,4,11,Loyal
C100897,377,2,20408.61,12402.6,4,2,2,8,Needs Attention
C100898,971,1,2774.99,0.0,5,1,1,7,Needs Attention
C100899,685,2,126025.84,0.0,5,2,4,11,Loyal
C100900,388,3,10712.07,0.0,4,3,2,9,Needs Attention
C100901,203,1,2293.79,0.0,3,1,1,5,At Risk
C100902,123,2,15590.640000000001,0.0,3,2,2,7,Needs Attention
C100903,27,16,342811.37,0.0,1,5,5,11,Loyal
C100904,21,6,122492.53000000001,0.0,1,4,4,9,Needs Attention
C100906,4,6,191840.95,0.0,1,4,5,10,Loyal
C100909,774,2,11886.1,0.0,5,2,2,9,Needs Attention
C100911,88,5,61437.240000000005,0.0,2,4,3,9,Needs Attention
C100912,588,1,60846.89,59490.14,5,1,3,9,Needs Attention
C100915,73,2,17647.41,0.0,2,2,2,6,At Risk
C100916,241,2,10593.45,0.0,3,2,2,7,Needs Attention
C100917,6,4,154885.30000000002,0.0,1,4,4,9,Needs Attention
C100918,77,1,15884.73,0.0,2,1,2,5,At Risk
C100919,385,2,74046.45,0.0,4,2,4,10,Loyal
C100920,445,1,29976.55,0.0,4,1,3,8,Needs Attention
C100921,225,1,4943.3,0.0,3,1,1,5,At Risk
C100922,32,2,5681.26,0.0,1,2,1,4,At Risk
C100923,573,1,6535.55,0.0,5,1,1,7,Needs Attention
C100924,488,1,5264.29,0.0,4,1,1,6,At Risk
C100926,21,2,51537.840000000004,0.0,1,2,3,6,At Risk
C100927,756,1,12454.55,0.0,5,1,2,8,Needs Attention
C100928,486,2,25384.079999999998,5069.85,4,2,2,8,Needs Attention
C100929,69,5,125507.7,0.0,2,4,4,10,Loyal
C100930,557,2,110100.54999999999,0.0,5,2,4,11,Loyal
C100932,81,1,10226.62,0.0,2,1,2,5,At Risk
C100933,2,5,164805.6,0.0,1,4,5,10,Loyal
C100934,228,2,9408.32,0.0,3,2,2,7,Needs Attention
C100935,329,1,5456.89,0.0,4,1,1,6,At Risk
C100936,474,2,17216.129999999997,0.0,4,2,2,8,Needs Attention
C100937,5,4,32786.34,0.0,1,4,3,8,Needs Attention
C100938,631,5,159163.28,0.0,5,4,5,14,Champions
C100940,904,1,5976.1,0.0,5,1,1,7,Needs Attention
C100942,558,1,3503.77,0.0,5,1,1,7,Needs Attention
C100943,187,5,107475.9,0.0,3,4,4,11,Loyal
C100944,121,9,177869.75,0.0,3,5,5,13,Champions
C100945,29,6,67953.69,0.0,1,4,4,9,Needs Attention
C100946,85,3,93562.82,42601.43,2,3,4,9,Needs Attention
C100947,247,4,121005.51,0.0,3,4,4,11,Loyal
C100949,195,3,74796.04,0.0,3,3,4,10,Loyal
C100953,90,5,136344.32,0.0,2,4,4,10,Loyal
C100955,726,2,13876.130000000001,0.0,5,2,2,9,Needs Attention
C100956,576,1,3723.52,3648.43,5,1,1,7,Needs Attention
C100957,399,3,44765.58,8157.56,4,3,3,10,Loyal
C100958,142,5,283665.0,0.0,3,4,5,12,Loyal
C100959,800,1,42499.7,0.0,5,1,3,9,Needs Attention
C100960,284,5,86996.39,4822.23,4,4,4,12,Loyal
C100961,86,1,3077.56,0.0,2,1,1,4,At Risk
C100962,6,16,316062.93,58879.12,1,5,5,11,Loyal
C100963,587,1,12494.23,0.0,5,1,2,8,Needs Attention
C100964,416,2,12839.74,0.0,4,2,2,8,Needs Attention
C100965,422,1,35898.75,0.0,4,1,3,8,Needs Attention
C100966,17,11,214255.06999999998,1850.7,1,5,5,11,Loyal
C100967,12,3,117186.54000000001,72260.56,1,3,4,8,Needs Attention
C100968,125,3,193504.27000000002,0.0,3,3,5,11,Loyal
C100969,82,8,244264.71,22086.46,2,5,5,12,Loyal
C100970,226,1,3653.93,0.0,3,1,1,5,At Risk
C100971,883,1,1350.53,1241.34,5,1,1,7,Needs Attention
C100972,316,3,27156.57,0.0,4,3,2,9,Needs Attention
C100975,364,1,15928.6,0.0,4,1,2,7,Needs Attention
C100976,371,1,47305.62,0.0,4,1,3,8,Needs Attention
C100977,362,3,43081.97,0.0,4,3,3,10,Loyal
C100978,1085,1,9860.03,0.0,5,1,2,8,Needs Attention
C100980,928,1,1522.49,0.0,5,1,1,7,Needs Attention
C100981,36,8,42651.99,3779.99,1,5,3,9,Needs Attention
C100983,450,1,2152.2,0.0,4,1,1,6,At Risk
C100984,73,6,145767.68,0.0,2,4,4,10,Loyal
C100985,306,2,64089.719999999994,0.0,4,2,3,9,Needs Attention
C100986,968,2,86167.88,0.0,5,2,4,11,Loyal
C100988,599,2,8940.45,0.0,5,2,2,9,Needs Attention
C100989,208,1,39839.3,0.0,3,1,3,7,Needs Attention
C100990,79,4,196459.37999999998,0.0,2,4,5,11,Loyal
C100991,638,1,12133.55,0.0,5,1,2,8,Needs Attention
C100993,55,7,164771.7,0.0,2,4,5,11,Loyal
C100994,582,1,164994.06,0.0,5,1,5,11,Loyal
C100995,681,1,23983.77,0.0,5,1,2,8,Needs Attention
C100998,199,1,553.89,0.0,3,1,1,5,At Risk
C100999,822,1,517.92,0.0,5,1,1,7,Needs Attention
C101000,609,2,22451.37,0.0,5,2,2,9,Needs Attention
C101001,28,3,64848.39,0.0,1,3,3,7,Needs Attention
C101002,221,3,2846.62,0.0,3,3,1,7,Needs Attention
C101003,209,2,22112.440000000002,0.0,3,2,2,7,Needs Attention
C101006,776,1,3109.71,0.0,5,1,1,7,Needs Attention
C101008,231,1,11170.57,0.0,3,1,2,6,At Risk
C101009,649,1,1524.32,0.0,5,1,1,7,Needs Attention
C101010,28,17,508604.51,4637.25,1,5,5,11,Loyal
C101011,496,3,86177.41,0.0,4,3,4,11,Loyal
C101012,398,2,107809.73,0.0,4,2,4,10,Loyal
C101014,558,2,4465.12,0.0,5,2,1,8,Needs Attention
C101016,781,3,223951.38,3986.13,5,3,5,13,Champions
C101017,737,1,52037.66,0.0,5,1,3,9,Needs Attention
C101018,730,1,703.35,0.0,5,1,1,7,Needs Attention
C101019,486,3,17519.55,0.0,4,3,2,9,Needs Attention
C101021,162,2,63790.92,0.0,3,2,3,8,Needs Attention
C101024,60,9,247152.02000000002,0.0,2,5,5,12,Loyal
C101025,1003,1,25037.49,0.0,5,1,2,8,Needs Attention
C101027,530,3,15430.39,0.0,5,3,2,10,Loyal
C101028,340,2,5278.03,0.0,4,2,1,7,Needs Attention
C101029,32,6,166851.18,22113.34,1,4,5,10,Loyal
C101030,571,1,6151.78,0.0,5,1,1,7,Needs Attention
C101031,723,1,5328.49,0.0,5,1,1,7,Needs Attention
C101032,36,2,74792.26000000001,0.0,1,2,4,7,Needs Attention
C101033,420,4,167683.31,12623.93,4,4,5,13,Champions
C101034,22,38,684032.47,116685.29999999999,1,5,5,11,Loyal
C101035,104,4,40428.51,0.0,3,4,3,10,Loyal
C101037,9,23,334942.95,1448.18,1,5,5,11,Loyal
C101038,239,6,129174.89,5752.66,3,4,4,11,Loyal
C101039,60,2,5073.58,0.0,2,2,1,5,At Risk
C101045,508,2,48252.45,0.0,4,2,3,9,Needs Attention
C101048,68,1,5264.29,0.0,2,1,1,4,At Risk
C101049,43,2,74799.73999999999,0.0,2,2,4,8,Needs Attention
C101050,119,2,1928.21,930.5,3,2,1,6,At Risk
C101051,813,2,5908.41,0.0,5,2,1,8,Needs Attention
C101052,474,1,6052.69,0.0,4,1,1,6,At Risk
C101053,186,13,356063.61,134979.99,3,5,5,13,Champions
C101055,22,9,200711.47,9359.93,1,5,5,11,Loyal
C101056,154,1,19259.61,0.0,3,1,2,6,At Risk
C101058,40,4,33126.91,12061.67,2,4,3,9,Needs Attention
C101059,591,2,3175.3199999999997,0.0,5,2,1,8,Needs Attention
C101060,99,11,150889.63,92102.29000000001,3,5,4,12,Loyal
C101061,186,4,66836.48,0.0,3,4,3,10,Loyal
C101062,179,3,31225.77,0.0,3,3,3,9,Needs Attention
C101063,227,7,72878.38,48246.13,3,4,4,11,Loyal
C101064,27,5,33525.6,0.0,1,4,3,8,Needs Attention
C101065,19,11,89932.21,38804.18,1,5,4,10,Loyal
C101066,307,2,10079.2,0.0,4,2,2,8,Needs Attention
C101067,105,6,56515.35,7884.6,3,4,3,10,Loyal
C101068,2,11,225065.34,2888.62,1,5,5,11,Loyal
C101069,43,9,90160.94,0.0,2,5,4,11,Loyal
C101071,116,2,22934.870000000003,0.0,3,2,2,7,Needs Attention
C101072,192,1,4641.64,0.0,3,1,1,5,At Risk
C101073,351,1,31202.3,0.0,4,1,3,8,Needs Attention
C101074,209,5,48940.98,0.0,3,4,3,10,Loyal
C101076,482,6,120532.21999999999,7083.5,4,4,4,12,Loyal
C101077,156,2,9269.080000000002,0.0,3,2,2,7,Needs Attention
C101078,258,5,56368.54,9874.6,3,4,3,10,Loyal
C101079,20,2,219433.25,0.0,1,2,5,8,Needs Attention
C101080,529,1,8602.63,8272.2,4,1,2,7,Needs Attention
C101081,519,2,70606.19,0.0,4,2,4,10,Loyal
C101082,484,1,4044.52,0.0,4,1,1,6,At Risk
C101083,12,6,109009.11,0.0,1,4,4,9,Needs Attention
C101085,427,1,29370.52,0.0,4,1,3,8,Needs Attention
C101086,172,8,73703.36,0.0,3,5,4,12,Loyal
C101087,632,1,22205.12,0.0,5,1,2,8,Needs Attention
C101088,599,4,89747.31,0.0,5,4,4,13,Champions
C101089,223,1,1359.88,0.0,3,1,1,5,At Risk
C101090,233,2,14181.57,0.0,3,2,2,7,Needs Attention
C101091,189,1,2229.8,0.0,3,1,1,5,At Risk
C101093,85,10,178952.11,58113.3,2,5,5,12,Loyal
C101094,68,2,63621.09,0.0,2,2,3,7,Needs Attention
C101095,4,32,563535.7,62107.86,1,5,5,11,Loyal
C101096,291,5,145165.25,0.0,4,4,4,12,Loyal
C101098,224,2,52463.649999999994,0.0,3,2,3,8,Needs Attention
C101099,681,1,5817.45,0.0,5,1,1,7,Needs Attention
C101101,243,4,49346.37,2529.4,3,4,3,10,Loyal
C101106,352,4,28278.309999999998,2467.56,4,4,3,11,Loyal
C101107,896,1,17815.14,0.0,5,1,2,8,Needs Attention
C101108,187,1,5585.29,0.0,3,1,1,5,At Risk
C101109,63,4,35155.38,0.0,2,4,3,9,Needs Attention
C101110,208,2,6936.17,0.0,3,2,1,6,At Risk
C101111,255,1,17911.44,0.0,3,1,2,6,At Risk
C101112,68,7,244140.89,0.0,2,4,5,11,Loyal
C101113,965,2,131310.26,0.0,5,2,4,11,Loyal
C101114,51,1,1922.58,0.0,2,1,1,4,At Risk
C101115,16,3,31421.519999999997,0.0,1,3,3,7,Needs Attention
C101117,21,35,1126257.55,8364.32,1,5,5,11,Loyal
C101118,27,1,2206.11,0.0,1,1,1,3,At Risk
C101119,34,3,34608.520000000004,0.0,1,3,3,7,Needs Attention
C101120,46,2,66978.18,0.0,2,2,3,7,Needs Attention
C101121,16,1,2029.99,1598.65,1,1,1,3,At Risk
C101123,59,2,24138.71,5207.75,2,2,2,6,At Risk
C101124,6,23,548162.04,39080.96,1,5,5,11,Loyal
C101125,337,1,15400.86,0.0,4,1,2,7,Needs Attention
C101127,341,2,89478.31,78607.0,4,2,4,10,Loyal
C101129,86,5,75400.09,0.0,2,4,4,10,Loyal
C101130,450,5,69176.23000000001,4573.24,4,4,4,12,Loyal
C101131,299,2,75234.78,8053.14,4,2,4,10,Loyal
C101132,930,1,42468.83,0.0,5,1,3,9,Needs Attention
C101133,444,2,5883.01,0.0,4,2,1,7,Needs Attention
C101134,2,4,39386.72,0.0,1,4,3,8,Needs Attention
C101135,16,6,103718.8,0.0,1,4,4,9,Needs Attention
C101136,219,7,160828.44,0.0,3,4,5,12,Loyal
C101139,2,8,179323.8,9090.63,1,5,5,11,Loyal
C101141,444,1,12582.95,0.0,4,1,2,7,Needs Attention
C101143,776,1,5296.39,0.0,5,1,1,7,Needs Attention
C101144,13,119,2707543.4,70932.29,1,5,5,11,Loyal
C101147,400,2,51448.5,0.0,4,2,3,9,Needs Attention
C101148,12,2,11029.23,0.0,1,2,2,5,At Risk
C101149,121,4,55613.25,553.89,3,4,3,10,Loyal
C101150,40,17,306670.65,31925.18,2,5,5,12,Loyal
C101152,111,3,10913.759999999998,0.0,3,3,2,8,Needs Attention
C101154,55,3,76142.84,55219.0,2,3,4,9,Needs Attention
C101155,65,12,55873.229999999996,0.0,2,5,3,10,Loyal
C101156,8,7,161944.27,6658.03,1,4,5,10,Loyal
C101158,50,9,197459.50999999998,0.0,2,5,5,12,Loyal
C101159,287,5,35848.67,17053.760000000002,4,4,3,11,Loyal
C101161,982,1,17718.84,0.0,5,1,2,8,Needs Attention
C101162,9,2,9263.96,0.0,1,2,2,5,At Risk
C101163,196,3,60996.01,0.0,3,3,3,9,Needs Attention
C101164,72,14,145947.36,0.0,2,5,4,11,Loyal
C101165,154,4,95999.17,0.0,3,4,4,11,Loyal
C101166,1055,1,3980.32,0.0,5,1,1,7,Needs Attention
C101167,1025,1,29640.77,0.0,5,1,3,9,Needs Attention
C101168,714,3,25729.370000000003,738.05,5,3,2,10,Loyal
C101170,334,4,31622.65,0.0,4,4,3,11,Loyal
C101171,445,1,6116.27,0.0,4,1,1,6,At Risk
C101173,13,129,2401725.44,147799.46,1,5,5,11,Loyal
C101175,675,1,2168.92,0.0,5,1,1,7,Needs Attention
C101176,98,25,474450.43,3443.3,3,5,5,13,Champions
C101177,73,7,258409.38999999996,0.0,2,4,5,11,Loyal
C101179,0,27,666843.16,0.0,1,5,5,11,Loyal
C101182,359,3,48802.19,0.0,4,3,3,10,Loyal
C101183,393,3,136412.39,0.0,4,3,4,11,Loyal
C101184,258,1,7336.62,0.0,3,1,1,5,At Risk
C101185,94,7,48558.04,0.0,3,4,3,10,Loyal
C101187,42,39,631355.1,18689.23,2,5,5,12,Loyal
C101188,64,2,290244.24,0.0,2,2,5,9,Needs Attention
C101189,115,10,209989.99,107999.51,3,5,5,13,Champions
C101190,24,6,64153.65,0.0,1,4,3,8,Needs Attention
C101191,749,2,10297.02,0.0,5,2,2,9,Needs Attention
C101192,572,2,37067.14,0.0,5,2,3,10,Loyal
C101193,283,2,80835.62000000001,0.0,4,2,4,10,Loyal
C101194,49,4,39401.21,5049.1,2,4,3,9,Needs Attention
C101195,695,1,64617.75,0.0,5,1,3,9,Needs Attention
C101200,771,1,24967.87,0.0,5,1,2,8,Needs Attention
C101201,134,8,68304.45,0.0,3,5,4,12,Loyal
C101202,514,3,91829.77,881.78,4,3,4,11,Loyal
C101203,37,10,300019.19,0.0,1,5,5,11,Loyal
C101204,1017,1,1563.08,0.0,5,1,1,7,Needs Attention
C101205,96,6,110263.62,0.0,3,4,4,11,Loyal
C101206,6,8,99842.68000000001,0.0,1,5,4,10,Loyal
C101208,754,3,250970.62,0.0,5,3,5,13,Champions
C101209,443,1,23711.84,0.0,4,1,2,7,Needs Attention
C101210,196,5,84007.29999999999,0.0,3,4,4,11,Loyal
C101211,289,6,164226.54,0.0,4,4,5,13,Champions
C101212,37,74,1079958.66,32010.14,1,5,5,11,Loyal
C101213,300,5,252388.3,0.0,4,4,5,13,Champions
C101214,681,2,23851.2,0.0,5,2,2,9,Needs Attention
C101215,152,3,20746.68,0.0,3,3,2,8,Needs Attention
C101216,61,9,162046.81,6701.97,2,5,5,12,Loyal
C101217,962,1,29630.02,0.0,5,1,3,9,Needs Attention
C101219,36,5,85140.17,0.0,1,4,4,9,Needs Attention
C101220,764,3,154659.07,0.0,5,3,4,12,Loyal
C101223,85,2,29195.44,0.0,2,2,3,7,Needs Attention
C101224,281,1,64799.9,0.0,4,1,3,8,Needs Attention
C101226,84,13,112672.26,4473.51,2,5,4,11,Loyal
C101228,7,13,428329.79,136993.44,1,5,5,11,Loyal
C101229,172,14,177675.29,36438.01,3,5,5,13,Champions
C101231,727,1,5496.88,0.0,5,1,1,7,Needs Attention
C101232,582,5,55758.83,9672.47,5,4,3,12,Loyal
C101233,5,9,210054.09,51878.63,1,5,5,11,Loyal
C101234,22,4,43242.06,1593.88,1,4,3,8,Needs Attention
C101235,31,2,74428.84,53241.47,1,2,4,7,Needs Attention
C101236,910,1,5264.29,4090.04,5,1,1,7,Needs Attention
C101237,1061,1,5970.48,0.0,5,1,1,7,Needs Attention
C101238,993,2,40296.01,0.0,5,2,3,10,Loyal
C101243,458,2,22501.92,0.0,4,2,2,8,Needs Attention
C101244,903,1,15792.88,0.0,5,1,2,8,Needs Attention
C101245,6,42,810538.7899999999,63165.99999999999,1,5,5,11,Loyal
C101246,478,1,808.85,0.0,4,1,1,6,At Risk
C101247,15,3,11255.2,0.0,1,3,2,6,At Risk
C101248,8,35,685556.51,29684.300000000003,1,5,5,11,Loyal
C101249,23,7,101085.81,3316.67,1,4,4,9,Needs Attention
C101250,77,2,43585.08,1719.35,2,2,3,7,Needs Attention
C101251,308,2,8681.62,2970.21,4,2,2,8,Needs Attention
C101252,472,1,330.05,0.0,4,1,1,6,At Risk
C101253,70,4,20339.75,0.0,2,4,2,8,Needs Attention
C101254,344,2,54068.57,0.0,4,2,3,9,Needs Attention
C101256,533,2,81688.97,0.0,5,2,4,11,Loyal
C101257,380,5,249242.98,0.0,4,4,5,13,Champions
C101258,718,3,91221.1,19582.68,5,3,4,12,Loyal
C101261,230,1,12839.74,0.0,3,1,2,6,At Risk
C101262,808,1,3723.52,0.0,5,1,1,7,Needs Attention
C101265,414,1,4814.9,0.0,4,1,1,6,At Risk
C101266,553,3,142403.47,0.0,5,3,4,12,Loyal
C101267,186,4,11233.04,0.0,3,4,2,9,Needs Attention
C101268,453,2,12618.439999999999,0.0,4,2,2,8,Needs Attention
C101269,37,16,231380.41,11382.59,1,5,5,11,Loyal
C101270,6,5,154387.62,0.0,1,4,4,9,Needs Attention
C101271,741,1,2579.26,0.0,5,1,1,7,Needs Attention
C101272,419,2,32475.25,0.0,4,2,3,9,Needs Attention
C101273,599,1,474.25,0.0,5,1,1,7,Needs Attention
C101274,395,2,6572.740000000001,0.0,4,2,1,7,Needs Attention
C101275,321,1,4622.31,0.0,4,1,1,6,At Risk
C101276,486,3,118688.12,0.0,4,3,4,11,Loyal
C101277,65,21,485784.18,10061.76,2,5,5,12,Loyal
C101278,82,1,44757.13,0.0,2,1,3,6,At Risk
C101279,747,1,5328.49,0.0,5,1,1,7,Needs Attention
C101280,430,1,3975.89,0.0,4,1,1,6,At Risk
C101282,372,2,57102.87,0.0,4,2,3,9,Needs Attention
C101283,386,1,13007.14,0.0,4,1,2,7,Needs Attention
C101284,71,2,20897.940000000002,0.0,2,2,2,6,At Risk
C101287,90,4,15589.28,6158.14,2,4,2,8,Needs Attention
C101288,89,3,34271.270000000004,0.0,2,3,3,8,Needs Attention
C101289,774,1,41474.25,0.0,5,1,3,9,Needs Attention
C101290,438,1,8296.09,0.0,4,1,2,7,Needs Attention
C101291,2,11,216568.71000000002,0.0,1,5,5,11,Loyal
C101292,166,2,6142.549999999999,0.0,3,2,1,6,At Risk
C101293,146,1,10642.63,0.0,3,1,2,6,At Risk
C101295,453,3,49568.63,2460.61,4,3,3,10,Loyal
C101296,768,1,4214.27,0.0,5,1,1,7,Needs Attention
C101297,49,2,9308.81,0.0,2,2,2,6,At Risk
C101298,190,2,14014.439999999999,0.0,3,2,2,7,Needs Attention
C101299,35,36,814427.86,0.0,1,5,5,11,Loyal
C101300,48,2,15142.580000000002,0.0,2,2,2,6,At Risk
C101301,516,3,119144.73999999999,0.0,4,3,4,11,Loyal
C101303,113,6,273749.79,136416.33000000002,3,4,5,12,Loyal
C101304,1083,1,22597.94,0.0,5,1,2,8,Needs Attention
C101305,541,1,5906.28,5215.78,5,1,1,7,Needs Attention
C101307,430,1,50256.22,0.0,4,1,3,8,Needs Attention
C101308,905,1,7834.86,6607.31,5,1,1,7,Needs Attention
C101309,84,2,5981.5,0.0,2,2,1,5,At Risk
C101310,6,54,588727.81,7060.360000000001,1,5,5,11,Loyal
C101312,36,3,175773.97999999998,0.0,1,3,5,9,Needs Attention
C101315,577,2,129949.85,11842.2,5,2,4,11,Loyal
C101316,345,1,5264.29,0.0,4,1,1,6,At Risk
C101318,810,1,64799.9,0.0,5,1,3,9,Needs Attention
C101319,685,1,835.23,0.0,5,1,1,7,Needs Attention
C101321,67,2,34573.97,0.0,2,2,3,7,Needs Attention
C101322,674,2,113631.37,0.0,5,2,4,11,Loyal
C101323,376,1,1721.76,0.0,4,1,1,6,At Risk
C101327,2,7,44900.09,0.0,1,4,3,8,Needs Attention
C101328,24,1,22359.85,0.0,1,1,2,4,At Risk
C101329,91,8,203646.4,0.0,2,5,5,12,Loyal
C101331,40,6,67779.17,17134.36,2,4,3,9,Needs Attention
C101334,34,12,121123.46,29061.66,1,5,4,10,Loyal
C101335,237,8,406422.7,0.0,3,5,5,13,Champions
C101336,224,1,860.61,0.0,3,1,1,5,At Risk
C101337,60,5,155635.97,60111.25,2,4,4,10,Loyal
C101338,73,8,126869.55,16328.55,2,5,4,11,Loyal
C101339,81,4,20224.739999999998,0.0,2,4,2,8,Needs Attention
C101340,205,7,81991.75,0.0,3,4,4,11,Loyal
C101341,279,2,159884.05,0.0,4,2,5,11,Loyal
C101342,23,35,466045.32,5966.4400000000005,1,5,5,11,Loyal
C101343,70,2,56594.97,3652.99,2,2,3,7,Needs Attention
C101345,338,5,109266.95000000001,9921.4,4,4,4,12,Loyal
C101346,49,13,467002.13,97321.24999999999,2,5,5,12,Loyal
C101347,53,7,163281.49,0.0,2,4,5,11,Loyal
C101348,314,2,5525.469999999999,0.0,4,2,1,7,Needs Attention
C101350,378,2,12088.76,0.0,4,2,2,8,Needs Attention
C101352,193,7,210638.16,0.0,3,4,5,12,Loyal
C101353,374,2,25929.78,1907.55,4,2,2,8,Needs Attention
C101355,240,2,240829.79,0.0,3,2,5,10,Loyal
C101356,64,6,109528.94,3288.3,2,4,4,10,Loyal
C101357,32,14,418662.71,30058.25,1,5,5,11,Loyal
C101358,113,2,22493.53,0.0,3,2,2,7,Needs Attention
C101359,384,2,22334.38,0.0,4,2,2,8,Needs Attention
C101360,82,8,360485.22,25795.56,2,5,5,12,Loyal
C101362,29,6,93479.76,62813.96,1,4,4,9,Needs Attention
C101365,135,2,31663.050000000003,0.0,3,2,3,8,Needs Attention
C101367,97,5,181246.66000000003,0.0,3,4,5,12,Loyal
C101368,14,6,145598.04,0.0,1,4,4,9,Needs Attention
C101369,29,2,11110.04,0.0,1,2,2,5,At Risk
C101372,46,1,9943.84,0.0,2,1,2,5,At Risk
C101373,983,1,54374.28,0.0,5,1,3,9,Needs Attention
C101374,37,4,26509.03,0.0,1,4,2,7,Needs Attention
C101375,911,1,5585.29,5108.63,5,1,1,7,Needs Attention
C101376,859,1,5906.28,0.0,5,1,1,7,Needs Attention
C101377,82,4,69103.22,0.0,2,4,4,10,Loyal
C101379,2,18,271520.85,4391.06,1,5,5,11,Loyal
C101380,24,23,460345.4,266276.39,1,5,5,11,Loyal
C101382,294,1,498.51,0.0,4,1,1,6,At Risk
C101383,8,2,56866.53,0.0,1,2,3,6,At Risk
C101384,347,1,45567.48,0.0,4,1,3,8,Needs Attention
C101385,44,13,455303.13,49354.52,2,5,5,12,Loyal
C101386,307,1,5498.01,0.0,4,1,1,6,At Risk
C101387,975,1,57224.53,0.0,5,1,3,9,Needs Attention
C101388,621,2,1496.9,0.0,5,2,1,8,Needs Attention
C101390,75,13,137053.5,25289.8,2,5,4,11,Loyal
C101391,245,9,198489.06000000003,60573.899999999994,3,5,5,13,Champions
C101394,715,2,10916.61,0.0,5,2,2,9,Needs Attention
C101395,411,2,50822.0,8374.56,4,2,3,9,Needs Attention
C101396,494,1,65895.2,0.0,4,1,3,8,Needs Attention
C101397,55,8,157210.94,9605.71,2,5,5,12,Loyal
C101398,443,3,47046.34,0.0,4,3,3,10,Loyal
C101399,403,2,11363.17,0.0,4,2,2,8,Needs Attention
C101401,335,4,12231.57,0.0,4,4,2,10,Loyal
C101402,17,3,71464.48,0.0,1,3,4,8,Needs Attention
C101405,366,1,6098.88,0.0,4,1,1,6,At Risk
C101406,107,12,141965.73,14312.5,3,5,4,12,Loyal
C101407,643,1,4869.44,0.0,5,1,1,7,Needs Attention
C101408,9,10,288104.3,0.0,1,5,5,11,Loyal
C101410,212,1,48872.73,0.0,3,1,3,7,Needs Attention
C101412,119,4,22040.25,1993.7,3,4,2,9,Needs Attention
C101413,205,5,61226.76,0.0,3,4,3,10,Loyal
C101414,545,2,23314.690000000002,0.0,5,2,2,9,Needs Attention
C101415,158,1,2416.7,0.0,3,1,1,5,At Risk
C101416,455,1,25108.13,0.0,4,1,2,7,Needs Attention
C101417,180,2,14871.83,0.0,3,2,2,7,Needs Attention
C101419,124,4,74319.52,0.0,3,4,4,11,Loyal
C101420,350,7,47297.29,10407.73,4,4,3,11,Loyal
C101422,88,2,80753.33,0.0,2,2,4,8,Needs Attention
C101424,864,1,1406.77,0.0,5,1,1,7,Needs Attention
C101425,342,1,11623.35,0.0,4,1,2,7,Needs Attention
C101427,344,5,121478.19,38804.61,4,4,4,12,Loyal
C101428,234,1,13762.29,0.0,3,1,2,6,At Risk
C101429,33,6,32885.98,0.0,1,4,3,8,Needs Attention
C101430,163,2,33422.5,0.0,3,2,3,8,Needs Attention
C101432,87,4,31842.56,0.0,2,4,3,9,Needs Attention
C101433,4,8,203385.79,24694.769999999997,1,5,5,11,Loyal
C101434,617,2,78808.70999999999,0.0,5,2,4,11,Loyal
C101436,69,8,96368.22,0.0,2,5,4,11,Loyal
C101438,325,4,88966.51000000001,3336.85,4,4,4,12,Loyal
C101440,173,1,3411.57,0.0,3,1,1,5,At Risk
C101441,223,3,101746.28,15448.11,3,3,4,10,Loyal
C101443,16,1,24980.03,0.0,1,1,2,4,At Risk
C101444,242,2,30906.2,0.0,3,2,3,8,Needs Attention
C101445,43,3,40356.880000000005,0.0,2,3,3,8,Needs Attention
C101446,94,12,50668.89,0.0,3,5,3,11,Loyal
C101447,40,6,36208.04,0.0,2,4,3,9,Needs Attention
C101448,1020,1,578.92,0.0,5,1,1,7,Needs Attention
C101449,380,1,8987.82,0.0,4,1,2,7,Needs Attention
C101450,811,1,1229.64,0.0,5,1,1,7,Needs Attention
C101451,316,2,132020.59,0.0,4,2,4,10,Loyal
C101452,98,6,56689.82,561.06,3,4,3,10,Loyal
C101453,44,5,82772.70000000001,0.0,2,4,4,10,Loyal
C101454,996,1,1243.57,0.0,5,1,1,7,Needs Attention
C101455,19,11,273348.55,59285.880000000005,1,5,5,11,Loyal
C101456,423,2,255668.14,0.0,4,2,5,11,Loyal
C101457,333,3,202395.1,0.0,4,3,5,12,Loyal
C101458,678,2,32888.82,0.0,5,2,3,10,Loyal
C101459,73,18,280907.32,5286.94,2,5,5,12,Loyal
C101462,15,5,91107.58,0.0,1,4,4,9,Needs Attention
C101463,554,4,85052.47,0.0,5,4,4,13,Champions
C101464,23,3,105717.71,0.0,1,3,4,8,Needs Attention
C101465,24,9,31471.48,1407.64,1,5,3,9,Needs Attention
C101466,43,14,137881.87,5237.25,2,5,4,11,Loyal
C101467,46,3,10398.810000000001,0.0,2,3,2,7,Needs Attention
C101468,221,2,24297.44,0.0,3,2,2,7,Needs Attention
C101470,681,3,10713.44,0.0,5,3,2,10,Loyal
C101471,766,1,4301.31,0.0,5,1,1,7,Needs Attention
C101472,588,2,11818.75,8158.59,5,2,2,9,Needs Attention
C101476,466,7,114064.41,1130.29,4,4,4,12,Loyal
C101477,355,3,467104.45999999996,0.0,4,3,5,12,Loyal
C101479,963,1,3851.92,0.0,5,1,1,7,Needs Attention
C101481,6,9,779225.18,93590.55,1,5,5,11,Loyal
C101482,128,2,49651.94,0.0,3,2,3,8,Needs Attention
C101483,586,1,1578.05,0.0,5,1,1,7,Needs Attention
C101485,56,3,14579.240000000002,0.0,2,3,2,7,Needs Attention
C101487,30,10,147207.46,0.0,1,5,4,10,Loyal
C101488,237,1,22843.74,0.0,3,1,2,6,At Risk
C101489,43,2,26592.28,0.0,2,2,2,6,At Risk
C101490,423,1,56912.96,55615.45,4,1,3,8,Needs Attention
C101491,2,34,817864.8,61554.41,1,5,5,11,Loyal
C101493,21,2,12390.349999999999,0.0,1,2,2,5,At Risk
C101494,168,2,49130.07,0.0,3,2,3,8,Needs Attention
C101495,529,1,28297.72,0.0,4,1,3,8,Needs Attention
C101496,416,2,117005.95,0.0,4,2,4,10,Loyal
C101498,348,1,10271.79,0.0,4,1,2,7,Needs Attention
C101499,130,1,26254.72,22730.93,3,1,2,6,At Risk
C101500,488,3,66852.12000000001,0.0,4,3,3,10,Loyal
C101501,43,1,2467.36,2390.62,2,1,1,4,At Risk
C101502,49,15,241246.36,100402.18000000001,2,5,5,12,Loyal
C101504,43,26,781109.44,4685.29,2,5,5,12,Loyal
C101505,3,6,93883.38,0.0,1,4,4,9,Needs Attention
C101506,38,2,97023.54,0.0,2,2,4,8,Needs Attention
C101509,71,4,19796.489999999998,3730.02,2,4,2,8,Needs Attention
C101510,328,9,219200.27000000002,0.0,4,5,5,14,Champions
C101511,162,1,2234.45,0.0,3,1,1,5,At Risk
C101512,141,2,215439.04,0.0,3,2,5,10,Loyal
C101513,24,31,723449.24,76101.01000000001,1,5,5,11,Loyal
C101514,200,3,49238.49,3410.2,3,3,3,9,Needs Attention
C101515,16,11,246368.62,40732.67,1,5,5,11,Loyal
C101517,428,2,33400.6,0.0,4,2,3,9,Needs Attention
C101518,815,1,32341.94,0.0,5,1,3,9,Needs Attention
C101519,342,1,779.08,0.0,4,1,1,6,At Risk
C101520,7,14,330028.87,13608.28,1,5,5,11,Loyal
C101521,40,2,19099.11,0.0,2,2,2,6,At Risk
C101523,19,7,93334.41,0.0,1,4,4,9,Needs Attention
C101524,0,19,158931.91999999998,0.0,1,5,5,11,Loyal
C101525,27,37,914725.23,5480.39,1,5,5,11,Loyal
C101526,41,6,66989.07,0.0,2,4,3,9,Needs Attention
C101527,24,8,140766.57,0.0,1,5,4,10,Loyal
C101528,6,18,254955.42,29631.46,1,5,5,11,Loyal
C101529,30,8,315960.84,0.0,1,5,5,11,Loyal
C101530,84,1,6252.93,0.0,2,1,1,4,At Risk
C101531,348,2,6182.9400000000005,2814.96,4,2,1,7,Needs Attention
C101532,392,3,98680.26,12914.79,4,3,4,11,Loyal
C101533,54,7,84036.2,1362.92,2,4,4,10,Loyal
C101534,360,4,44899.880000000005,0.0,4,4,3,11,Loyal
C101535,304,2,89136.97,0.0,4,2,4,10,Loyal
C101537,105,3,18971.78,0.0,3,3,2,8,Needs Attention
C101538,201,6,54109.79,0.0,3,4,3,10,Loyal
C101539,431,1,8320.8,0.0,4,1,2,7,Needs Attention
C101540,67,3,65364.81,0.0,2,3,3,8,Needs Attention
C101541,452,1,18489.23,0.0,4,1,2,7,Needs Attention
C101542,412,1,5627.48,5509.71,4,1,1,6,At Risk
C101543,961,1,4656.66,0.0,5,1,1,7,Needs Attention
C101547,36,12,356251.6,12080.36,1,5,5,11,Loyal
C101550,225,2,7558.46,0.0,3,2,1,6,At Risk
C101555,960,1,3343.36,0.0,5,1,1,7,Needs Attention
C101556,189,19,181538.81,9103.08,3,5,5,13,Champions
C101559,20,10,154238.49,6041.92,1,5,4,10,Loyal
C101562,557,2,45613.67,1368.11,5,2,3,10,Loyal
C101564,351,1,16389.16,0.0,4,1,2,7,Needs Attention
C101565,586,5,168921.61,0.0,5,4,5,14,Champions
C101566,127,1,5435.66,0.0,3,1,1,5,At Risk
C101567,9,13,174688.55,31066.47,1,5,5,11,Loyal
C101568,60,27,524771.8200000001,0.0,2,5,5,12,Loyal
C101570,242,3,33150.97,0.0,3,3,3,9,Needs Attention
C101571,48,4,76188.57,0.0,2,4,4,10,Loyal
C101573,71,3,114789.94,1635.6,2,3,4,9,Needs Attention
C101574,8,71,1236250.12,41820.93,1,5,5,11,Loyal
C101576,6,1,10506.74,0.0,1,1,2,4,At Risk
C101577,171,6,26638.44,773.58,3,4,2,9,Needs Attention
C101578,48,5,87555.51999999999,0.0,2,4,4,10,Loyal
C101581,308,3,44097.11,457.45,4,3,3,10,Loyal
C101582,38,6,89757.23,6591.88,2,4,4,10,Loyal
C101583,66,1,10248.22,0.0,2,1,2,5,At Risk
C101585,398,3,18219.23,4409.61,4,3,2,9,Needs Attention
C101586,192,5,31916.98,0.0,3,4,3,10,Loyal
C101587,38,10,381891.51999999996,301.86,2,5,5,12,Loyal
C101588,562,1,3668.31,0.0,5,1,1,7,Needs Attention
C101589,23,44,864675.14,5246.05,1,5,5,11,Loyal
C101590,431,2,11852.349999999999,0.0,4,2,2,8,Needs Attention
C101591,60,1,3659.33,0.0,2,1,1,4,At Risk
C101592,578,5,136713.66,0.0,5,4,4,13,Champions
C101593,57,2,19814.670000000002,0.0,2,2,2,6,At Risk
C101594,227,2,10320.41,0.0,3,2,2,7,Needs Attention
C101595,944,1,64631.79,0.0,5,1,3,9,Needs Attention
C101596,449,2,2498.7799999999997,0.0,4,2,1,7,Needs Attention
C101597,653,1,4734.96,0.0,5,1,1,7,Needs Attention
C101598,54,2,9277.77,0.0,2,2,2,6,At Risk
C101599,420,2,15129.41,0.0,4,2,2,8,Needs Attention
C101600,228,1,13969.98,0.0,3,1,2,6,At Risk
C101601,19,6,114362.89,0.0,1,4,4,9,Needs Attention
C101602,435,2,19151.02,0.0,4,2,2,8,Needs Attention
C101604,482,1,13347.31,0.0,4,1,2,7,Needs Attention
C101605,47,2,3450.98,0.0,2,2,1,5,At Risk
C101606,68,12,280880.22000000003,51346.97,2,5,5,12,Loyal
C101607,43,1,693.01,0.0,2,1,1,4,At Risk
C101610,168,2,64125.45,0.0,3,2,3,8,Needs Attention
C101612,148,5,18734.71,0.0,3,4,2,9,Needs Attention
C101614,268,5,55989.38,37198.9,4,4,3,11,Loyal
C101615,183,2,7183.16,0.0,3,2,1,6,At Risk
C101616,699,3,20806.800000000003,10602.25,5,3,2,10,Loyal
C101617,16,3,146647.08000000002,0.0,1,3,4,8,Needs Attention
C101618,685,2,10625.5,4793.23,5,2,2,9,Needs Attention
C101619,191,5,21428.11,0.0,3,4,2,9,Needs Attention
C101620,456,2,94951.65,0.0,4,2,4,10,Loyal
C101621,83,3,6958.61,0.0,2,3,1,6,At Risk
C101622,453,3,118879.93,10752.59,4,3,4,11,Loyal
C101623,174,11,181698.15,8413.380000000001,3,5,5,13,Champions
C101625,761,1,10913.78,0.0,5,1,2,8,Needs Attention
C101626,147,1,4249.87,0.0,3,1,1,5,At Risk
C101628,937,1,6419.87,0.0,5,1,1,7,Needs Attention
C101629,445,1,19594.92,0.0,4,1,2,7,Needs Attention
C101631,369,2,5279.26,0.0,4,2,1,7,Needs Attention
C101632,580,2,76940.19,1833.58,5,2,4,11,Loyal
C101633,28,8,269899.24,36346.72,1,5,5,11,Loyal
C101634,392,4,351187.39,0.0,4,4,5,13,Champions
C101635,18,40,1147023.52,51474.87,1,5,5,11,Loyal
C101636,58,8,72754.52,0.0,2,5,4,11,Loyal
C101637,263,6,48466.159999999996,0.0,4,4,3,11,Loyal
C101638,591,2,70240.6,0.0,5,2,4,11,Loyal
C101640,228,4,92262.96,0.0,3,4,4,11,Loyal
C101641,198,11,293342.33999999997,0.0,3,5,5,13,Champions
C101642,353,2,3675.16,0.0,4,2,1,7,Needs Attention
C101643,16,7,34502.92,1647.85,1,4,3,8,Needs Attention
C101644,548,1,2238.69,0.0,5,1,1,7,Needs Attention
C101645,64,9,72752.47,0.0,2,5,4,11,Loyal
C101647,61,2,54469.869999999995,0.0,2,2,3,7,Needs Attention
C101649,53,5,15006.06,0.0,2,4,2,8,Needs Attention
C101650,220,1,2843.05,0.0,3,1,1,5,At Risk
C101652,365,1,13249.56,0.0,4,1,2,7,Needs Attention
C101654,224,1,1494.62,0.0,3,1,1,5,At Risk
C101655,481,5,162130.43,66742.1,4,4,5,13,Champions
C101656,961,1,13299.35,0.0,5,1,2,8,Needs Attention
C101657,738,2,17808.08,0.0,5,2,2,9,Needs Attention
C101658,331,3,86522.78,0.0,4,3,4,11,Loyal
C101660,1055,1,2594.66,0.0,5,1,1,7,Needs Attention
C101661,694,3,94495.03,5919.63,5,3,4,12,Loyal
C101662,203,1,1879.65,0.0,3,1,1,5,At Risk
C101663,10,6,78729.31,11485.22,1,4,4,9,Needs Attention
C101667,463,3,115603.1,0.0,4,3,4,11,Loyal
C101668,190,4,192025.95,4188.42,3,4,5,12,Loyal
C101669,110,1,19395.53,0.0,3,1,2,6,At Risk
C101670,31,16,397386.33,93717.25,1,5,5,11,Loyal
C101671,402,3,42923.14,0.0,4,3,3,10,Loyal
C101672,178,2,5275.44,0.0,3,2,1,6,At Risk
C101673,44,7,54503.48,0.0,2,4,3,9,Needs Attention
C101674,173,4,194229.80000000002,0.0,3,4,5,12,Loyal
C101675,18,14,135909.22,3590.24,1,5,4,10,Loyal
C101676,44,1,7289.09,0.0,2,1,1,4,At Risk
C101677,56,6,99082.18999999999,0.0,2,4,4,10,Loyal
C101679,11,7,57230.020000000004,0.0,1,4,3,8,Needs Attention
C101682,4,7,55946.48,0.0,1,4,3,8,Needs Attention
C101683,151,17,227427.77,4127.73,3,5,5,13,Champions
C101684,58,2,20340.55,0.0,2,2,2,6,At Risk
C101685,26,27,570223.74,68108.14000000001,1,5,5,11,Loyal
C101686,407,1,10656.98,0.0,4,1,2,7,Needs Attention
C101687,58,7,115211.97,0.0,2,4,4,10,Loyal
C101688,718,1,11529.24,0.0,5,1,2,8,Needs Attention
C101689,421,1,5521.09,0.0,4,1,1,6,At Risk
C101690,800,1,903.59,0.0,5,1,1,7,Needs Attention
C101692,673,1,2779.87,0.0,5,1,1,7,Needs Attention
C101693,329,1,1723.21,0.0,4,1,1,6,At Risk
C101694,931,1,4117.02,0.0,5,1,1,7,Needs Attention
C101696,237,2,5663.36,0.0,3,2,1,6,At Risk
C101697,136,4,23463.33,0.0,3,4,2,9,Needs Attention
C101699,29,17,249747.45,4541.52,1,5,5,11,Loyal
C101700,895,1,1967.52,0.0,5,1,1,7,Needs Attention
C101701,259,3,12151.599999999999,0.0,3,3,2,8,Needs Attention
C101702,34,11,323991.95999999996,5358.0,1,5,5,11,Loyal
C101704,118,3,16229.08,0.0,3,3,2,8,Needs Attention
C101705,91,2,7942.39,0.0,2,2,1,5,At Risk
C101706,25,5,123201.31000000001,0.0,1,4,4,9,Needs Attention
C101707,144,3,84175.91,0.0,3,3,4,10,Loyal
C101709,41,1,51029.09,0.0,2,1,3,6,At Risk
C101710,36,2,24798.0,5111.38,1,2,2,5,At Risk
C101711,24,4,126571.98000000001,1639.39,1,4,4,9,Needs Attention
C101713,16,8,80565.29000000001,11175.91,1,5,4,10,Loyal
C101715,69,22,480449.41000000003,0.0,2,5,5,12,Loyal
C101716,158,2,24727.36,0.0,3,2,2,7,Needs Attention
C101717,228,7,68756.11,0.0,3,4,4,11,Loyal
C101718,3,1,9351.5,0.0,1,1,2,4,At Risk
C101719,48,7,113166.39,2392.62,2,4,4,10,Loyal
C101720,444,3,115764.11,31180.67,4,3,4,11,Loyal
C101721,81,1,225.67,211.38,2,1,1,4,At Risk
C101722,203,6,67836.35,629.21,3,4,3,10,Loyal
C101723,141,5,56662.969999999994,29467.25,3,4,3,10,Loyal
C101724,16,18,332803.65,55212.31,1,5,5,11,Loyal
C101726,795,2,15045.98,0.0,5,2,2,9,Needs Attention
C101728,780,2,6809.6900000000005,0.0,5,2,1,8,Needs Attention
C101729,144,2,7993.59,0.0,3,2,1,6,At Risk
C101730,8,14,155238.46,1439.53,1,5,4,10,Loyal
C101731,11,4,16523.99,0.0,1,4,2,7,Needs Attention
C101733,67,4,236578.34999999998,38533.47,2,4,5,11,Loyal
C101735,1015,1,32314.1,0.0,5,1,3,9,Needs Attention
C101737,82,4,39532.88,0.0,2,4,3,9,Needs Attention
C101738,577,3,70233.32999999999,0.0,5,3,4,12,Loyal
C101739,60,7,285235.13,10999.06,2,4,5,11,Loyal
C101740,20,3,14226.869999999999,2598.09,1,3,2,6,At Risk
C101741,546,3,11987.81,0.0,5,3,2,10,Loyal
C101742,315,2,68010.45,0.0,4,2,4,10,Loyal
C101743,440,2,7180.16,0.0,4,2,1,7,Needs Attention
C101745,403,3,37614.6,0.0,4,3,3,10,Loyal
C101747,217,4,68697.79,32215.03,3,4,4,11,Loyal
C101748,264,1,5649.49,0.0,4,1,1,6,At Risk
C101749,279,1,31380.0,0.0,4,1,3,8,Needs Attention
C101751,760,1,5777.88,0.0,5,1,1,7,Needs Attention
C101753,431,6,165178.31999999998,1578.59,4,4,5,13,Champions
C101754,301,2,38288.200000000004,0.0,4,2,3,9,Needs Attention
C101755,828,2,68130.53,0.0,5,2,4,11,Loyal
C101756,86,6,242694.48,0.0,2,4,5,11,Loyal
C101757,394,2,127076.27,0.0,4,2,4,10,Loyal
C101758,261,1,12792.67,0.0,4,1,2,7,Needs Attention
C101760,107,5,220572.82,50866.26,3,4,5,12,Loyal
C101761,974,1,56014.22,0.0,5,1,3,9,Needs Attention
C101763,26,15,266900.19,22315.940000000002,1,5,5,11,Loyal
C101766,600,1,23018.26,0.0,5,1,2,8,Needs Attention
C101767,67,5,54411.03,0.0,2,4,3,9,Needs Attention
C101768,964,1,11529.24,0.0,5,1,2,8,Needs Attention
C101769,21,4,44596.78,796.13,1,4,3,8,Needs Attention
C101770,1,108,2101567.63,109734.41,1,5,5,11,Loyal
C101772,48,3,10059.699999999999,0.0,2,3,2,7,Needs Attention
C101774,28,28,969652.2,61571.950000000004,1,5,5,11,Loyal
C101777,281,2,272651.66000000003,0.0,4,2,5,11,Loyal
C101780,168,5,129694.82,0.0,3,4,4,11,Loyal
C101781,16,7,29688.33,0.0,1,4,3,8,Needs Attention
C101782,236,3,21067.33,0.0,3,3,2,8,Needs Attention
C101783,24,2,18883.64,8411.27,1,2,2,5,At Risk
C101785,763,1,693.01,0.0,5,1,1,7,Needs Attention
C101786,450,1,349.67,0.0,4,1,1,6,At Risk
C101787,35,16,309066.35,0.0,1,5,5,11,Loyal
C101788,346,1,7929.27,0.0,4,1,1,6,At Risk
C101789,190,8,103414.79,10299.880000000001,3,5,4,12,Loyal
C101790,429,6,59550.74,0.0,4,4,3,11,Loyal
C101792,804,1,2732.12,2456.67,5,1,1,7,Needs Attention
C101797,261,9,195845.66,10780.13,4,5,5,14,Champions
C101799,563,2,11217.19,0.0,5,2,2,9,Needs Attention
C101800,215,1,1669.51,0.0,3,1,1,5,At Risk
C101801,123,7,167236.54,7327.030000000001,3,4,5,12,Loyal
C101804,356,2,4632.360000000001,0.0,4,2,1,7,Needs Attention
C101805,116,2,8474.23,3998.39,3,2,2,7,Needs Attention
C101806,32,18,313572.2,40914.98,1,5,5,11,Loyal
C101807,51,6,30268.09,9630.65,2,4,3,9,Needs Attention
C101808,794,1,4263.16,0.0,5,1,1,7,Needs Attention
C101809,13,14,180145.1,1513.61,1,5,5,11,Loyal
C101810,24,5,218681.9,0.0,1,4,5,10,Loyal
C101811,606,1,5456.89,0.0,5,1,1,7,Needs Attention
C101812,47,7,163646.82,0.0,2,4,5,11,Loyal
C101814,5,3,68738.28,0.0,1,3,4,8,Needs Attention
C101815,234,4,47476.53,46483.63,3,4,3,10,Loyal
C101817,136,4,43892.63,0.0,3,4,3,10,Loyal
C101818,302,7,83113.76,0.0,4,4,4,12,Loyal
C101819,52,1,4943.3,0.0,2,1,1,4,At Risk
C101820,163,1,15792.88,0.0,3,1,2,6,At Risk
C101821,409,1,4333.41,0.0,4,1,1,6,At Risk
C101822,29,1,6419.87,0.0,1,1,1,3,At Risk
C101823,257,8,125701.58,13367.14,3,5,4,12,Loyal
C101824,205,3,15368.86,0.0,3,3,2,8,Needs Attention
C101825,393,3,35351.9,0.0,4,3,3,10,Loyal
C101826,12,3,44391.69,0.0,1,3,3,7,Needs Attention
C101827,782,1,6419.87,0.0,5,1,1,7,Needs Attention
C101828,74,5,192262.44,0.0,2,4,5,11,Loyal
C101831,62,14,221768.93,4435.32,2,5,5,12,Loyal
C101832,597,2,117485.92,0.0,5,2,4,11,Loyal
C101833,418,1,42052.6,0.0,4,1,3,8,Needs Attention
C101834,425,3,16148.16,0.0,4,3,2,9,Needs Attention
C101835,896,1,4622.31,0.0,5,1,1,7,Needs Attention
C101836,303,8,245944.8,0.0,4,5,5,14,Champions
C101837,737,1,14742.62,0.0,5,1,2,8,Needs Attention
C101839,332,2,32154.07,2157.93,4,2,3,9,Needs Attention
C101840,230,2,28201.32,0.0,3,2,3,8,Needs Attention
C101842,759,1,2685.22,0.0,5,1,1,7,Needs Attention
C101843,17,2,13734.02,0.0,1,2,2,5,At Risk
C101844,76,3,60698.58,0.0,2,3,3,8,Needs Attention
C101846,36,3,31609.66,2119.93,1,3,3,7,Needs Attention
C101847,9,3,131443.29,0.0,1,3,4,8,Needs Attention
C101848,50,1,25340.9,0.0,2,1,2,5,At Risk
C101849,28,17,407933.86,137982.11,1,5,5,11,Loyal
C101850,666,2,7818.41,0.0,5,2,1,8,Needs Attention
C101851,758,2,42850.64,0.0,5,2,3,10,Loyal
C101852,84,2,14022.66,0.0,2,2,2,6,At Risk
C101854,1024,1,56698.99,0.0,5,1,3,9,Needs Attention
C101855,577,3,25194.2,0.0,5,3,2,10,Loyal
C101856,1077,1,6419.87,0.0,5,1,1,7,Needs Attention
C101857,76,3,104039.56,0.0,2,3,4,9,Needs Attention
C101859,502,2,8640.810000000001,0.0,4,2,2,8,Needs Attention
C101860,600,1,8281.55,0.0,5,1,2,8,Needs Attention
C101861,5,11,555154.23,52453.76,1,5,5,11,Loyal
C101863,437,4,32906.979999999996,0.0,4,4,3,11,Loyal
C101864,629,1,13559.07,0.0,5,1,2,8,Needs Attention
C101865,1090,1,9629.8,0.0,5,1,2,8,Needs Attention
C101867,34,5,129845.99,0.0,1,4,4,9,Needs Attention
C101868,230,4,92008.44,66763.77,3,4,4,11,Loyal
C101869,7,10,162377.76,0.0,1,5,5,11,Loyal
C101870,161,20,369688.9,18588.41,3,5,5,13,Champions
C101871,655,2,15062.34,0.0,5,2,2,9,Needs Attention
C101873,10,109,2231255.12,58268.64,1,5,5,11,Loyal
C101876,94,8,160315.53,0.0,3,5,5,13,Champions
C101878,168,1,6419.87,0.0,3,1,1,5,At Risk
C101879,127,5,48917.84,0.0,3,4,3,10,Loyal
C101885,749,1,8602.63,0.0,5,1,2,8,Needs Attention
C101886,58,9,111314.15,17574.77,2,5,4,11,Loyal
C101887,447,4,46963.399999999994,0.0,4,4,3,11,Loyal
C101889,48,4,91488.29,0.0,2,4,4,10,Loyal
C101890,74,3,17139.84,0.0,2,3,2,7,Needs Attention
C101891,72,2,51383.54,0.0,2,2,3,7,Needs Attention
C101892,89,3,36028.37,0.0,2,3,3,8,Needs Attention
C101894,826,1,53772.25,0.0,5,1,3,9,Needs Attention
C101896,666,1,6419.87,0.0,5,1,1,7,Needs Attention
C101897,33,1,5915.75,0.0,1,1,1,3,At Risk
C101900,932,1,50044.64,0.0,5,1,3,9,Needs Attention
C101902,15,2,125616.74,0.0,1,2,4,7,Needs Attention
C101904,269,2,10423.4,0.0,4,2,2,8,Needs Attention
C101907,328,2,29828.08,0.0,4,2,3,9,Needs Attention
C101908,168,1,6789.44,0.0,3,1,1,5,At Risk
C101909,288,4,170310.79,0.0,4,4,5,13,Champions
C101910,1022,1,57636.27,0.0,5,1,3,9,Needs Attention
C101911,366,2,8193.52,0.0,4,2,1,7,Needs Attention
C101912,384,6,39864.68,0.0,4,4,3,11,Loyal
C101915,456,2,6955.07,0.0,4,2,1,7,Needs Attention
C101918,2,12,198706.24,0.0,1,5,5,11,Loyal
C101919,774,2,10592.79,4250.87,5,2,2,9,Needs Attention
C101921,613,2,15490.05,3730.36,5,2,2,9,Needs Attention
C101923,44,2,2822.14,0.0,2,2,1,5,At Risk
C101924,211,1,3442.98,3341.3,3,1,1,5,At Risk
C101925,116,2,22542.489999999998,0.0,3,2,2,7,Needs Attention
C101926,210,3,17502.079999999998,0.0,3,3,2,8,Needs Attention
C101929,278,2,77460.91,0.0,4,2,4,10,Loyal
C101930,360,4,175819.48,1894.46,4,4,5,13,Champions
C101931,349,1,11555.77,0.0,4,1,2,7,Needs Attention
C101936,291,1,6291.47,0.0,4,1,1,6,At Risk
C101937,225,4,196604.94,0.0,3,4,5,12,Loyal
C101938,68,5,101360.49,0.0,2,4,4,10,Loyal
C101940,133,7,133403.81,0.0,3,4,4,11,Loyal
C101941,170,1,1489.26,1410.42,3,1,1,5,At Risk
C101942,50,2,10913.779999999999,0.0,2,2,2,6,At Risk
C101944,4,8,83380.93,13996.75,1,5,4,10,Loyal
C101945,24,3,105526.83,0.0,1,3,4,8,Needs Attention
C101946,455,2,50588.53,0.0,4,2,3,9,Needs Attention
C101947,95,1,6419.87,0.0,3,1,1,5,At Risk
C101948,203,1,99225.78,0.0,3,1,4,8,Needs Attention
C101949,7,46,623905.8,6572.16,1,5,5,11,Loyal
C101952,24,4,185123.31,0.0,1,4,5,10,Loyal
C101953,711,1,36947.88,0.0,5,1,3,9,Needs Attention
C101954,210,2,12169.89,0.0,3,2,2,7,Needs Attention
C101955,751,1,2045.71,0.0,5,1,1,7,Needs Attention
C101956,396,5,41506.770000000004,0.0,4,4,3,11,Loyal
C101957,131,1,79685.71,0.0,3,1,4,8,Needs Attention
C101958,761,1,18681.82,0.0,5,1,2,8,Needs Attention
C101961,414,2,15368.14,0.0,4,2,2,8,Needs Attention
C101962,203,5,129686.45000000001,0.0,3,4,4,11,Loyal
C101963,815,1,43814.12,38304.05,5,1,3,9,Needs Attention
C101964,223,4,52584.229999999996,0.0,3,4,3,10,Loyal
C101965,774,1,746.91,0.0,5,1,1,7,Needs Attention
C101966,443,1,24941.56,23424.19,4,1,2,7,Needs Attention
C101967,404,1,57023.91,0.0,4,1,3,8,Needs Attention
C101968,441,1,12515.11,0.0,4,1,2,7,Needs Attention
C101969,85,5,39441.2,6578.03,2,4,3,9,Needs Attention
C101970,965,1,50258.25,0.0,5,1,3,9,Needs Attention
C101971,25,10,224947.55,0.0,1,5,5,11,Loyal
C101972,742,1,5970.48,0.0,5,1,1,7,Needs Attention
C101973,446,2,48000.270000000004,0.0,4,2,3,9,Needs Attention
C101974,212,1,5456.89,0.0,3,1,1,5,At Risk
C101975,700,1,6419.87,0.0,5,1,1,7,Needs Attention
C101976,270,6,139330.98,0.0,4,4,4,12,Loyal
C101977,65,8,394103.81999999995,0.0,2,5,5,12,Loyal
C101978,65,1,5755.89,0.0,2,1,1,4,At Risk
C101979,239,4,65517.090000000004,0.0,3,4,3,10,Loyal
C101980,553,8,50477.35,10258.51,5,5,3,13,Champions
C101981,276,7,45716.32,12283.27,4,4,3,11,Loyal
C101982,35,11,344324.94,8604.14,1,5,5,11,Loyal
C101984,11,5,116087.3,0.0,1,4,4,9,Needs Attention
C101985,199,3,64219.51,0.0,3,3,3,9,Needs Attention
C101986,83,6,98366.08,14350.85,2,4,4,10,Loyal
C101987,767,1,487.84,0.0,5,1,1,7,Needs Attention
C101988,77,1,17333.65,0.0,2,1,2,5,At Risk
C101989,770,1,11855.92,0.0,5,1,2,8,Needs Attention
C101990,10,5,257361.22999999998,0.0,1,4,5,10,Loyal
C101991,435,2,74802.61,0.0,4,2,4,10,Loyal
C101992,929,1,48688.31,0.0,5,1,3,9,Needs Attention
C101993,45,32,843187.73,8502.42,2,5,5,12,Loyal
C101994,101,2,12214.150000000001,0.0,3,2,2,7,Needs Attention
C101995,32,20,458043.36,40636.880000000005,1,5,5,11,Loyal
C101996,39,7,215103.4,68656.22,2,4,5,11,Loyal
C101997,79,2,14958.47,0.0,2,2,2,6,At Risk
C101998,879,1,4145.77,0.0,5,1,1,7,Needs Attention
C101999,3,62,1075578.95,106573.48000000001,1,5,5,11,Loyal
C102000,63,5,128377.55,10793.69,2,4,4,10,Loyal
C102002,357,3,32642.67,0.0,4,3,3,10,Loyal
C102003,403,4,51754.94,3289.22,4,4,3,11,Loyal
C102007,19,19,390697.93,1583.54,1,5,5,11,Loyal
C102009,267,1,65539.01,0.0,4,1,3,8,Needs Attention
C102010,293,1,86495.28,0.0,4,1,4,9,Needs Attention
C102011,62,3,14249.46,0.0,2,3,2,7,Needs Attention
C102012,232,3,28463.97,4517.79,3,3,3,9,Needs Attention
C102013,226,3,96590.57,0.0,3,3,4,10,Loyal
C102014,84,2,71178.65999999999,0.0,2,2,4,8,Needs Attention
C102015,68,8,89894.44,0.0,2,5,4,11,Loyal
C102016,117,9,218418.07,0.0,3,5,5,13,Champions
C102017,17,2,16671.62,0.0,1,2,2,5,At Risk
C102019,17,4,19392.07,0.0,1,4,2,7,Needs Attention
C102021,67,3,101235.06,0.0,2,3,4,9,Needs Attention
C102024,37,9,156374.94999999998,0.0,1,5,5,11,Loyal
C102025,964,1,28889.41,0.0,5,1,3,9,Needs Attention
C102026,54,2,63620.38,0.0,2,2,3,7,Needs Attention
C102028,779,1,8579.72,0.0,5,1,2,8,Needs Attention
C102030,5,10,143646.01,2631.45,1,5,4,10,Loyal
C102031,6,1,3517.47,0.0,1,1,1,3,At Risk
C102032,565,1,137089.32,0.0,5,1,4,10,Loyal
C102033,662,4,216927.97,0.0,5,4,5,14,Champions
C102035,766,2,2203.5,0.0,5,2,1,8,Needs Attention
C102036,547,2,9710.6,0.0,5,2,2,9,Needs Attention
C102038,987,1,12587.55,0.0,5,1,2,8,Needs Attention
C102039,32,1,30986.12,24520.35,1,1,3,5,At Risk
C102040,49,3,37287.28,14750.74,2,3,3,8,Needs Attention
C102041,1060,1,642.24,0.0,5,1,1,7,Needs Attention
C102043,423,1,54754.73,0.0,4,1,3,8,Needs Attention
C102044,960,1,11876.76,0.0,5,1,2,8,Needs Attention
C102045,242,5,101410.06,59433.09,3,4,4,11,Loyal
C102046,412,1,4371.2,0.0,4,1,1,6,At Risk
C102048,586,2,18973.93,0.0,5,2,2,9,Needs Attention
C102050,202,7,207095.34,3315.36,3,4,5,12,Loyal
C102051,140,3,45591.83,0.0,3,3,3,9,Needs Attention
C102053,13,4,65344.74,7072.16,1,4,3,8,Needs Attention
C102054,228,2,12005.16,0.0,3,2,2,7,Needs Attention
C102056,5,114,1917126.98,128188.79000000001,1,5,5,11,Loyal
C102057,223,6,422656.42,0.0,3,4,5,12,Loyal
C102059,3,25,364786.73,14625.36,1,5,5,11,Loyal
C102060,705,2,54635.13,0.0,5,2,3,10,Loyal
C102061,9,82,1700143.62,23741.82,1,5,5,11,Loyal
C102063,77,3,243248.61000000002,0.0,2,3,5,10,Loyal
C102064,6,2,27005.65,0.0,1,2,2,5,At Risk
C102066,1,6,73590.02,36890.97,1,4,4,9,Needs Attention
C102067,32,16,340860.72,0.0,1,5,5,11,Loyal
C102069,641,1,12494.23,0.0,5,1,2,8,Needs Attention
C102072,185,7,185626.49,0.0,3,4,5,12,Loyal
C102073,423,5,49515.6,0.0,4,4,3,11,Loyal
C102074,178,4,77193.34,0.0,3,4,4,11,Loyal
C102075,50,8,249223.7,136025.35,2,5,5,12,Loyal
C102076,371,2,40257.95,0.0,4,2,3,9,Needs Attention
C102077,37,55,1034278.51,79829.48,1,5,5,11,Loyal
C102078,676,1,2684.13,0.0,5,1,1,7,Needs Attention
C102079,157,2,109976.71,83373.89,3,2,4,9,Needs Attention
C102081,427,2,12484.740000000002,0.0,4,2,2,8,Needs Attention
C102082,219,4,16075.25,0.0,3,4,2,9,Needs Attention
C102083,3,37,697255.69,2452.6,1,5,5,11,Loyal
C102084,59,7,263018.6,0.0,2,4,5,11,Loyal
C102086,438,1,6419.87,6063.41,4,1,1,6,At Risk
C102088,610,1,1017.99,0.0,5,1,1,7,Needs Attention
C102089,8,2,36010.26,0.0,1,2,3,6,At Risk
C102090,35,4,80635.69,0.0,1,4,4,9,Needs Attention
C102091,36,2,36823.09,0.0,1,2,3,6,At Risk
C102092,489,1,58886.74,0.0,4,1,3,8,Needs Attention
C102094,571,3,40494.72,0.0,5,3,3,11,Loyal
C102095,384,2,61691.03,0.0,4,2,3,9,Needs Attention
C102096,866,1,23138.55,20857.44,5,1,2,8,Needs Attention
C102098,332,4,158655.36,0.0,4,4,5,13,Champions
C102100,189,6,25046.809999999998,5424.01,3,4,2,9,Needs Attention
C102101,15,10,104021.68000000001,16761.42,1,5,4,10,Loyal
C102102,33,11,227553.52,0.0,1,5,5,11,Loyal
C102104,165,3,27545.89,0.0,3,3,2,8,Needs Attention
C102107,50,2,25294.29,10471.2,2,2,2,6,At Risk
C102108,130,1,7590.51,0.0,3,1,1,5,At Risk
C102109,456,1,6259.37,0.0,4,1,1,6,At Risk
C102110,124,1,2284.87,0.0,3,1,1,5,At Risk
C102111,64,15,384037.94,0.0,2,5,5,12,Loyal
C102112,401,3,33761.399999999994,0.0,4,3,3,10,Loyal
C102113,402,3,42079.12,0.0,4,3,3,10,Loyal
C102114,201,4,40818.880000000005,0.0,3,4,3,10,Loyal
C102115,263,6,85884.11,0.0,4,4,4,12,Loyal
C102116,439,1,6638.72,0.0,4,1,1,6,At Risk
C102117,227,2,262255.47000000003,0.0,3,2,5,10,Loyal
C102118,342,2,14380.51,0.0,4,2,2,8,Needs Attention
C102119,15,3,70541.01000000001,0.0,1,3,4,8,Needs Attention
C102120,417,1,6259.37,0.0,4,1,1,6,At Risk
C102122,76,3,187442.15000000002,0.0,2,3,5,10,Loyal
C102123,406,1,5970.5,0.0,4,1,1,6,At Risk
C102124,998,1,62445.19,0.0,5,1,3,9,Needs Attention
C102127,53,5,104374.36,0.0,2,4,4,10,Loyal
C102128,6,6,178428.82,41275.92,1,4,5,10,Loyal
C102129,82,2,44296.81,0.0,2,2,3,7,Needs Attention
C102130,192,4,64324.86,0.0,3,4,3,10,Loyal
C102132,85,3,31522.010000000002,4678.42,2,3,3,8,Needs Attention
C102133,59,7,63605.5,2763.52,2,4,3,9,Needs Attention
C102134,55,18,487478.8,49697.95,2,5,5,12,Loyal
C102136,86,4,127774.58,2767.12,2,4,4,10,Loyal
C102137,82,7,375113.20999999996,155407.8,2,4,5,11,Loyal
C102138,631,1,887.37,0.0,5,1,1,7,Needs Attention
C102139,44,6,154100.65,0.0,2,4,4,10,Loyal
C102141,12,10,363543.68,0.0,1,5,5,11,Loyal
C102142,34,5,102376.37,53262.7,1,4,4,9,Needs Attention
C102143,24,12,271772.16,0.0,1,5,5,11,Loyal
C102144,415,1,490.46,0.0,4,1,1,6,At Risk
C102146,6,2,9023.099999999999,0.0,1,2,2,5,At Risk
C102147,31,3,8317.77,0.0,1,3,2,6,At Risk
C102148,967,1,5970.48,0.0,5,1,1,7,Needs Attention
C102149,150,1,12357.94,0.0,3,1,2,6,At Risk
C102150,1095,1,67807.38,0.0,5,1,3,9,Needs Attention
C102151,931,1,8119.96,0.0,5,1,1,7,Needs Attention
C102152,266,1,15490.54,0.0,4,1,2,7,Needs Attention
C102153,17,74,1815140.33,31899.75,1,5,5,11,Loyal
C102155,21,2,82464.35,0.0,1,2,4,7,Needs Attention
C102156,8,13,161846.25,20588.67,1,5,5,11,Loyal
C102157,18,4,57519.72,0.0,1,4,3,8,Needs Attention
C102158,964,1,1877.74,1544.85,5,1,1,7,Needs Attention
C102159,407,1,4924.95,0.0,4,1,1,6,At Risk
C102160,36,6,119042.41,13509.499999999998,1,4,4,9,Needs Attention
C102161,1087,1,23058.49,0.0,5,1,2,8,Needs Attention
C102162,37,3,86345.03,0.0,1,3,4,8,Needs Attention
C102163,213,3,49074.97,0.0,3,3,3,9,Needs Attention
C102164,117,8,279657.78,0.0,3,5,5,13,Champions
C102166,197,1,292.55,0.0,3,1,1,5,At Risk
C102168,40,13,252826.68,6839.4,2,5,5,12,Loyal
C102169,15,18,463829.51,319.48,1,5,5,11,Loyal
C102170,49,9,88696.76999999999,0.0,2,5,4,11,Loyal
C102171,8,5,77866.69,11165.45,1,4,4,9,Needs Attention
C102172,336,2,4993.46,0.0,4,2,1,7,Needs Attention
C102173,325,1,1183.55,0.0,4,1,1,6,At Risk
C102174,147,2,54274.11,0.0,3,2,3,8,Needs Attention
C102175,483,2,6331.06,0.0,4,2,1,7,Needs Attention
C102176,253,5,89343.05,26863.68,3,4,4,11,Loyal
C102178,662,2,10592.79,0.0,5,2,2,9,Needs Attention
C102179,51,9,176695.55,55593.270000000004,2,5,5,12,Loyal
C102180,604,2,14469.59,0.0,5,2,2,9,Needs Attention
C102181,37,2,1978.3,0.0,1,2,1,4,At Risk
C102182,18,2,8501.68,0.0,1,2,2,5,At Risk
C102183,483,2,18360.829999999998,0.0,4,2,2,8,Needs Attention
C102185,119,6,114312.75,0.0,3,4,4,11,Loyal
C102187,395,2,146882.25,0.0,4,2,4,10,Loyal
C102189,406,2,224455.09999999998,0.0,4,2,5,11,Loyal
C102190,60,3,118541.87,0.0,2,3,4,9,Needs Attention
C102192,32,13,369777.29000000004,7688.21,1,5,5,11,Loyal
C102193,574,3,20768.460000000003,0.0,5,3,2,10,Loyal
C102194,76,4,42505.12,2088.25,2,4,3,9,Needs Attention
C102195,288,3,20746.61,0.0,4,3,2,9,Needs Attention
C102196,453,3,270286.32,0.0,4,3,5,12,Loyal
C102197,231,3,59526.2,0.0,3,3,3,9,Needs Attention
C102198,23,9,249360.75999999998,164217.53,1,5,5,11,Loyal
C102199,194,3,17604.19,0.0,3,3,2,8,Needs Attention
C102200,187,1,2125.23,0.0,3,1,1,5,At Risk
C102201,17,2,19259.61,0.0,1,2,2,5,At Risk
C102202,422,1,22584.7,0.0,4,1,2,7,Needs Attention
C102204,45,4,128866.39,5934.81,2,4,4,10,Loyal
C102205,180,9,244744.71,51536.74,3,5,5,13,Champions
C102206,813,1,54792.02,0.0,5,1,3,9,Needs Attention
C102210,203,2,19288.8,0.0,3,2,2,7,Needs Attention
C102211,314,2,77535.56000000001,0.0,4,2,4,10,Loyal
C102213,37,6,147373.55,0.0,1,4,4,9,Needs Attention
C102214,530,1,3753.61,0.0,5,1,1,7,Needs Attention
C102215,118,6,44964.229999999996,4991.1,3,4,3,10,Loyal
C102216,106,6,189833.32,11062.73,3,4,5,12,Loyal
C102217,214,2,1348.9299999999998,0.0,3,2,1,6,At Risk
C102219,391,2,10219.48,0.0,4,2,2,8,Needs Attention
C102221,806,1,1995.41,0.0,5,1,1,7,Needs Attention
C102225,87,1,12197.75,0.0,2,1,2,5,At Risk
C102226,86,8,73592.4,9707.58,2,5,4,11,Loyal
C102227,587,1,50281.09,0.0,5,1,3,9,Needs Attention
C102228,15,16,254177.47,0.0,1,5,5,11,Loyal
C102231,31,2,44780.96,0.0,1,2,3,6,At Risk
C102232,605,1,6419.87,0.0,5,1,1,7,Needs Attention
C102235,7,131,3122546.83,25632.73,1,5,5,11,Loyal
C102238,76,12,261005.52000000002,59516.119999999995,2,5,5,12,Loyal
C102241,388,1,5809.25,0.0,4,1,1,6,At Risk
C102242,403,2,26085.85,5075.12,4,2,2,8,Needs Attention
C102243,451,1,64799.9,0.0,4,1,3,8,Needs Attention
C102244,366,2,209204.34,0.0,4,2,5,11,Loyal
C102245,8,15,305366.01999999996,6691.63,1,5,5,11,Loyal
C102246,22,3,8252.8,1269.53,1,3,2,6,At Risk
C102248,24,19,221495.87,60872.07,1,5,5,11,Loyal
C102249,102,3,34844.97,0.0,3,3,3,9,Needs Attention
C102251,563,2,61824.08,0.0,5,2,3,10,Loyal
C102254,931,1,34084.74,0.0,5,1,3,9,Needs Attention
C102255,54,15,380170.18,0.0,2,5,5,12,Loyal
C102256,130,6,350444.91,4601.35,3,4,5,12,Loyal
C102257,217,3,38436.9,25799.21,3,3,3,9,Needs Attention
C102258,882,2,47407.270000000004,0.0,5,2,3,10,Loyal
C102260,51,1,26744.32,0.0,2,1,2,5,At Risk
C102262,250,4,65487.200000000004,0.0,3,4,3,10,Loyal
C102263,558,1,5585.29,0.0,5,1,1,7,Needs Attention
C102264,935,1,68022.83,0.0,5,1,4,10,Loyal
C102266,289,1,5970.48,0.0,4,1,1,6,At Risk
C102267,574,3,6475.46,0.0,5,3,1,9,Needs Attention
C102269,187,9,123068.33,0.0,3,5,4,12,Loyal
C102272,51,4,154347.42,101086.76,2,4,4,10,Loyal
C102274,478,2,5923.429999999999,0.0,4,2,1,7,Needs Attention
C102275,4,9,95046.95999999999,0.0,1,5,4,10,Loyal
C102276,35,5,42265.86,0.0,1,4,3,8,Needs Attention
C102277,68,6,212899.33000000002,0.0,2,4,5,11,Loyal
C102278,438,4,68637.17,3329.27,4,4,4,12,Loyal
C102279,709,1,11812.56,0.0,5,1,2,8,Needs Attention
C102280,37,19,267423.33,575.51,2,5,5,12,Loyal
C102281,199,1,4493.91,0.0,3,1,1,5,At Risk
C102282,925,1,764.9,581.04,5,1,1,7,Needs Attention
C102283,433,3,33410.5,0.0,4,3,3,10,Loyal
C102284,938,2,61367.700000000004,0.0,5,2,3,10,Loyal
C102286,196,9,74290.18000000001,0.0,3,5,4,12,Loyal
C102287,190,6,97549.87,0.0,3,4,4,11,Loyal
C102289,238,2,128336.52,0.0,3,2,4,9,Needs Attention
C102290,753,1,418.67,409.6,5,1,1,7,Needs Attention
C102291,13,4,206859.06,0.0,1,4,5,10,Loyal
C102293,700,1,140414.24,108999.26,5,1,4,10,Loyal
C102294,417,4,61905.11,0.0,4,4,3,11,Loyal
C102295,230,3,32633.83,0.0,3,3,3,9,Needs Attention
C102296,42,2,48297.46,0.0,2,2,3,7,Needs Attention
C102297,775,1,3236.93,0.0,5,1,1,7,Needs Attention
C102298,1,65,1390440.46,35414.229999999996,1,5,5,11,Loyal
C102299,7,1,5135.9,0.0,1,1,1,3,At Risk
C102301,469,3,58006.05,0.0,4,3,3,10,Loyal
C102306,1005,1,6227.27,0.0,5,1,1,7,Needs Attention
C102307,1085,1,6419.87,4916.96,5,1,1,7,Needs Attention
C102308,408,2,16882.55,0.0,4,2,2,8,Needs Attention
C102309,916,1,281.29,0.0,5,1,1,7,Needs Attention
C102310,68,3,47571.73,0.0,2,3,3,8,Needs Attention
C102311,15,9,62204.47,0.0,1,5,3,9,Needs Attention
C102313,232,1,4473.55,4211.31,3,1,1,5,At Risk
C102314,95,9,224741.84,20726.15,3,5,5,13,Champions
C102315,300,2,97379.84,0.0,4,2,4,10,Loyal
C102316,542,3,14896.49,0.0,5,3,2,10,Loyal
C102317,103,2,105438.61,0.0,3,2,4,9,Needs Attention
C102318,247,3,25652.270000000004,0.0,3,3,2,8,Needs Attention
C102319,739,1,31343.14,0.0,5,1,3,9,Needs Attention
C102320,135,3,20119.85,0.0,3,3,2,8,Needs Attention
C102324,118,2,2128.58,1407.75,3,2,1,6,At Risk
C102326,83,2,44630.12,38848.19,2,2,3,7,Needs Attention
C102327,2,389,7473580.58,233702.87,1,5,5,11,Loyal
C102328,200,3,46894.25,0.0,3,3,3,9,Needs Attention
C102329,33,7,218098.16,0.0,1,4,5,10,Loyal
C102330,27,18,263848.36,53235.29,1,5,5,11,Loyal
C102331,147,5,108979.78,0.0,3,4,4,11,Loyal
C102332,769,2,39957.69,0.0,5,2,3,10,Loyal
C102334,423,1,11717.8,0.0,4,1,2,7,Needs Attention
C102335,43,4,71896.58,48698.9,2,4,4,10,Loyal
C102336,85,2,22897.93,0.0,2,2,2,6,At Risk
C102337,1051,1,41623.41,0.0,5,1,3,9,Needs Attention
C102338,79,1,716.11,0.0,2,1,1,4,At Risk
C102339,706,1,1499.47,0.0,5,1,1,7,Needs Attention
C102340,226,5,19618.78,1847.61,3,4,2,9,Needs Attention
C102341,25,6,206973.38,10122.49,1,4,5,10,Loyal
C102342,1011,1,38062.0,34306.92,5,1,3,9,Needs Attention
C102343,14,10,506643.14,0.0,1,5,5,11,Loyal
C102344,212,1,64736.82,0.0,3,1,3,7,Needs Attention
C102345,53,4,35186.369999999995,0.0,2,4,3,9,Needs Attention
C102346,845,1,4622.31,0.0,5,1,1,7,Needs Attention
C102347,38,4,65778.4,38643.9,2,4,3,9,Needs Attention
C102348,28,15,306804.88,0.0,1,5,5,11,Loyal
C102349,60,13,187059.38,0.0,2,5,5,12,Loyal
C102353,1027,1,12169.76,0.0,5,1,2,8,Needs Attention
C102354,258,10,240190.08,0.0,3,5,5,13,Champions
C102355,274,1,5456.89,0.0,4,1,1,6,At Risk
C102356,273,1,3710.21,0.0,4,1,1,6,At Risk
C102358,81,4,37995.86,15802.28,2,4,3,9,Needs Attention
C102359,2,15,234720.27,28664.94,1,5,5,11,Loyal
C102361,28,12,181015.3,7095.18,1,5,5,11,Loyal
C102362,87,2,192599.87,143152.27,2,2,5,9,Needs Attention
C102363,225,5,52871.25,0.0,3,4,3,10,Loyal
C102364,72,2,9231.8,0.0,2,2,2,6,At Risk
C102365,249,2,32933.93,0.0,3,2,3,8,Needs Attention
C102366,539,1,1963.17,0.0,5,1,1,7,Needs Attention
C102367,808,1,797.92,0.0,5,1,1,7,Needs Attention
C102368,9,14,168659.37,6462.719999999999,1,5,5,11,Loyal
C102369,109,2,7882.889999999999,6123.8,3,2,1,6,At Risk
C102370,750,4,88860.35,3506.76,5,4,4,13,Champions
C102371,575,1,943.17,0.0,5,1,1,7,Needs Attention
C102372,758,3,162773.53,0.0,5,3,5,13,Champions
C102373,395,5,42908.4,11289.56,4,4,3,11,Loyal
C102374,994,1,35831.53,0.0,5,1,3,9,Needs Attention
C102376,75,13,155479.08,481.69,2,5,4,11,Loyal
C102377,347,2,31568.6,0.0,4,2,3,9,Needs Attention
C102378,958,1,3402.53,0.0,5,1,1,7,Needs Attention
C102379,229,1,10724.66,0.0,3,1,2,6,At Risk
C102381,831,2,100333.76999999999,0.0,5,2,4,11,Loyal
C102382,594,1,747.31,0.0,5,1,1,7,Needs Attention
C102384,65,1,5777.88,0.0,2,1,1,4,At Risk
C102386,782,2,16533.07,0.0,5,2,2,9,Needs Attention
C102387,15,28,796096.1,6996.280000000001,1,5,5,11,Loyal
C102388,121,3,59057.130000000005,0.0,3,3,3,9,Needs Attention
C102389,437,3,21890.54,0.0,4,3,2,9,Needs Attention
C102390,451,1,5328.49,0.0,4,1,1,6,At Risk
C102391,203,2,29691.9,0.0,3,2,3,8,Needs Attention
C102392,35,1,12169.76,0.0,1,1,2,4,At Risk
C102393,64,13,126934.22,0.0,2,5,4,11,Loyal
C102394,230,1,10913.78,0.0,3,1,2,6,At Risk
C102396,36,7,255370.73,0.0,1,4,5,10,Loyal
C102398,102,1,6419.87,0.0,3,1,1,5,At Risk
C102399,16,8,213688.69,899.88,1,5,5,11,Loyal
C102400,32,1,527.46,0.0,1,1,1,3,At Risk
C102402,9,5,39141.04,0.0,1,4,3,8,Needs Attention
C102404,89,5,110556.34,0.0,2,4,4,10,Loyal
C102405,32,2,71916.16,2473.35,1,2,4,7,Needs Attention
C102406,165,13,323208.41,15458.849999999999,3,5,5,13,Champions
C102407,60,8,139121.5,0.0,2,5,4,11,Loyal
C102408,387,4,36378.17,905.69,4,4,3,11,Loyal
C102409,702,2,34567.049999999996,0.0,5,2,3,10,Loyal
C102410,561,1,642.26,0.0,5,1,1,7,Needs Attention
C102411,75,4,241576.58,0.0,2,4,5,11,Loyal
C102412,167,1,53260.69,0.0,3,1,3,7,Needs Attention
C102413,360,4,46805.100000000006,0.0,4,4,3,11,Loyal
C102414,222,2,3267.79,0.0,3,2,1,6,At Risk
C102415,442,1,35640.18,0.0,4,1,3,8,Needs Attention
C102418,210,2,13506.970000000001,0.0,3,2,2,7,Needs Attention
C102419,446,5,103715.23,0.0,4,4,4,12,Loyal
C102420,2,4,39569.72,8705.07,1,4,3,8,Needs Attention
C102421,879,1,4814.9,0.0,5,1,1,7,Needs Attention
C102422,72,2,8286.900000000001,0.0,2,2,2,6,At Risk
C102424,9,18,360688.72,25863.14,1,5,5,11,Loyal
C102425,389,1,27562.81,0.0,4,1,2,7,Needs Attention
C102428,13,9,188762.19,4784.21,1,5,5,11,Loyal
C102430,42,4,19426.9,4401.96,2,4,2,8,Needs Attention
C102431,8,1,1601.67,0.0,1,1,1,3,At Risk
C102432,58,13,267248.58,1243.11,2,5,5,12,Loyal
C102433,80,9,59993.1,0.0,2,5,3,10,Loyal
C102435,45,10,72433.62999999999,0.0,2,5,4,11,Loyal
C102436,402,1,3135.8,0.0,4,1,1,6,At Risk
C102437,88,3,5101.39,658.02,2,3,1,6,At Risk
C102438,22,3,80079.75,0.0,1,3,4,8,Needs Attention
C102439,180,12,430244.41000000003,0.0,3,5,5,13,Champions
C102441,161,2,28051.71,0.0,3,2,2,7,Needs Attention
C102443,250,1,2138.36,0.0,3,1,1,5,At Risk
C102444,441,1,10248.22,9337.45,4,1,2,7,Needs Attention
C102446,30,22,469760.56,0.0,1,5,5,11,Loyal
C102448,139,7,167792.5,74871.02,3,4,5,12,Loyal
C102449,1053,1,32890.67,0.0,5,1,3,9,Needs Attention
C102450,685,1,5264.29,0.0,5,1,1,7,Needs Attention
C102451,1079,1,5425.43,0.0,5,1,1,7,Needs Attention
C102453,52,5,69258.99,19855.49,2,4,4,10,Loyal
C102455,62,47,1513091.08,128747.06,2,5,5,12,Loyal
C102456,81,9,248064.19,114122.8,2,5,5,12,Loyal
C102457,393,1,40175.94,0.0,4,1,3,8,Needs Attention
C102458,57,6,66173.33,41824.27,2,4,3,9,Needs Attention
C102459,554,2,20530.769999999997,0.0,5,2,2,9,Needs Attention
C102460,171,2,9508.41,0.0,3,2,2,7,Needs Attention
C102461,677,1,12454.55,0.0,5,1,2,8,Needs Attention
C102462,163,2,176038.63,0.0,3,2,5,10,Loyal
C102463,28,19,472707.97000000003,255252.54,1,5,5,11,Loyal
C102465,46,1,3753.61,3603.24,2,1,1,4,At Risk
C102466,61,7,193061.15,25470.58,2,4,5,11,Loyal
C102469,393,2,12729.28,0.0,4,2,2,8,Needs Attention
C102470,77,3,64684.99,0.0,2,3,3,8,Needs Attention
C102471,15,8,169417.25,4881.92,1,5,5,11,Loyal
C102472,207,1,233279.64,0.0,3,1,5,9,Needs Attention
C102473,83,31,596213.4,65622.22,2,5,5,12,Loyal
C102475,340,3,45336.490000000005,0.0,4,3,3,10,Loyal
C102476,783,2,10566.81,0.0,5,2,2,9,Needs Attention
C102477,51,25,484814.39,70596.53,2,5,5,12,Loyal
C102479,99,3,60063.02,5448.87,3,3,3,9,Needs Attention
C102480,391,2,30624.25,4244.35,4,2,3,9,Needs Attention
C102481,812,3,122475.41,0.0,5,3,4,12,Loyal
C102482,35,1,1758.38,0.0,1,1,1,3,At Risk
C102483,18,15,332407.04,0.0,1,5,5,11,Loyal
C102484,931,1,1859.74,0.0,5,1,1,7,Needs Attention
C102485,115,9,289992.83,0.0,3,5,5,13,Champions
C102486,16,25,932603.85,410747.6,1,5,5,11,Loyal
C102487,144,9,358876.95,0.0,3,5,5,13,Champions
C102488,895,1,8774.97,0.0,5,1,2,8,Needs Attention
C102490,1044,1,11967.69,0.0,5,1,2,8,Needs Attention
C102491,220,5,109319.4,0.0,3,4,4,11,Loyal
C102492,643,1,14291.32,0.0,5,1,2,8,Needs Attention
C102496,176,3,52586.69,0.0,3,3,3,9,Needs Attention
C102498,137,1,1758.38,1371.52,3,1,1,5,At Risk
C102499,15,3,24172.059999999998,4681.34,1,3,2,6,At Risk
C102500,110,25,550749.89,1594.82,3,5,5,13,Champions
C102502,13,6,122773.39,4635.58,1,4,4,9,Needs Attention
C102505,23,7,41651.08,427.31,1,4,3,8,Needs Attention
C102507,24,7,172285.46,6687.79,1,4,5,10,Loyal
C102508,199,4,19642.420000000002,0.0,3,4,2,9,Needs Attention
C102509,63,1,5906.28,0.0,2,1,1,4,At Risk
C102511,13,7,55596.270000000004,0.0,1,4,3,8,Needs Attention
C102513,57,7,187264.61,0.0,2,4,5,11,Loyal
C102514,225,1,817.65,738.8,3,1,1,5,At Risk
C102515,34,1,1568.25,0.0,1,1,1,3,At Risk
C102516,324,11,179230.05,0.0,4,5,5,14,Champions
C102517,57,11,151554.65,8984.24,2,5,4,11,Loyal
C102519,190,1,11273.04,0.0,3,1,2,6,At Risk
C102520,0,9,158057.33000000002,20352.03,1,5,5,11,Loyal
C102521,245,2,61377.82,0.0,3,2,3,8,Needs Attention
C102522,60,10,240139.96,0.0,2,5,5,12,Loyal
C102523,144,2,56100.42999999999,0.0,3,2,3,8,Needs Attention
C102524,621,2,39250.66,0.0,5,2,3,10,Loyal
C102525,389,2,44445.520000000004,0.0,4,2,3,9,Needs Attention
C102526,54,2,53109.590000000004,0.0,2,2,3,7,Needs Attention
C102527,805,1,8602.63,0.0,5,1,2,8,Needs Attention
C102529,892,1,657.53,0.0,5,1,1,7,Needs Attention
C102531,44,8,78612.77,0.0,2,5,4,11,Loyal
C102532,24,11,187527.44,16810.61,1,5,5,11,Loyal
C102533,23,6,107943.36000000002,0.0,1,4,4,9,Needs Attention
C102534,822,1,4752.17,0.0,5,1,1,7,Needs Attention
C102535,26,4,48678.130000000005,0.0,1,4,3,8,Needs Attention
C102536,881,1,19708.97,0.0,5,1,2,8,Needs Attention
C102537,107,1,44265.89,0.0,3,1,3,7,Needs Attention
C102538,284,3,10847.8,0.0,4,3,2,9,Needs Attention
C102540,487,1,13710.54,0.0,4,1,2,7,Needs Attention
C102541,34,20,296264.82,62727.79,1,5,5,11,Loyal
C102542,178,2,47517.689999999995,0.0,3,2,3,8,Needs Attention
C102543,1,9,130249.24,33946.89,1,5,4,10,Loyal
C102545,400,1,2148.18,0.0,4,1,1,6,At Risk
C102546,787,2,34410.5,0.0,5,2,3,10,Loyal
C102548,14,3,76146.81,0.0,1,3,4,8,Needs Attention
C102549,401,4,23433.57,0.0,4,4,2,10,Loyal
C102551,883,1,4221.38,0.0,5,1,1,7,Needs Attention
C102552,54,2,5056.4,0.0,2,2,1,5,At Risk
C102553,584,5,78420.83,44304.08,5,4,4,13,Champions
C102554,920,1,5264.29,0.0,5,1,1,7,Needs Attention
C102555,1,113,2406952.09,381309.19,1,5,5,11,Loyal
C102557,17,6,22307.1,0.0,1,4,2,7,Needs Attention
C102558,53,3,7945.08,0.0,2,3,1,6,At Risk
C102559,31,5,76520.53,4046.97,1,4,4,9,Needs Attention
C102561,30,22,791735.32,122930.19,1,5,5,11,Loyal
C102562,956,1,96632.75,0.0,5,1,4,10,Loyal
C102563,825,2,81255.42000000001,0.0,5,2,4,11,Loyal
C102564,371,1,37277.89,0.0,4,1,3,8,Needs Attention
C102565,81,9,186895.36,0.0,2,5,5,12,Loyal
C102566,442,3,47897.310000000005,0.0,4,3,3,10,Loyal
C102567,462,2,19989.33,0.0,4,2,2,8,Needs Attention
C102568,401,5,287512.6,10352.92,4,4,5,13,Champions
C102569,445,2,7987.709999999999,0.0,4,2,1,7,Needs Attention
C102572,591,1,67302.04,0.0,5,1,3,9,Needs Attention
C102573,673,1,243.6,0.0,5,1,1,7,Needs Attention
C102574,94,6,97487.73,0.0,3,4,4,11,Loyal
C102575,441,2,5821.67,0.0,4,2,1,7,Needs Attention
C102577,16,21,375299.95,0.0,1,5,5,11,Loyal
C102579,780,1,4301.31,0.0,5,1,1,7,Needs Attention
C102581,187,3,155005.47,0.0,3,3,4,10,Loyal
C102582,46,8,162725.63,27004.11,2,5,5,12,Loyal
C102583,46,13,75333.84999999999,0.0,2,5,4,11,Loyal
C102584,580,1,51985.98,0.0,5,1,3,9,Needs Attention
C102586,581,2,20727.32,16121.94,5,2,2,9,Needs Attention
C102587,232,3,124541.3,91588.94,3,3,4,10,Loyal
C102588,9,2,31224.23,0.0,1,2,3,6,At Risk
C102590,14,16,222441.61,79715.68000000001,1,5,5,11,Loyal
C102591,285,1,356.12,0.0,4,1,1,6,At Risk
C102592,932,2,55355.270000000004,0.0,5,2,3,10,Loyal
C102593,32,1,4473.55,0.0,1,1,1,3,At Risk
C102594,83,1,10962.3,0.0,2,1,2,5,At Risk
C102595,223,2,34485.36,0.0,3,2,3,8,Needs Attention
C102596,141,6,34615.96,14949.86,3,4,3,10,Loyal
C102597,14,17,349505.14,0.0,1,5,5,11,Loyal
C102598,72,1,54374.28,0.0,2,1,3,6,At Risk
C102599,408,2,67980.22,50354.14,4,2,4,10,Loyal
C102600,419,1,17165.76,0.0,4,1,2,7,Needs Attention
C102601,0,10,277174.84,0.0,1,5,5,11,Loyal
C102602,408,1,5456.89,0.0,4,1,1,6,At Risk
C102606,18,60,1305365.72,65586.53,1,5,5,11,Loyal
C102607,262,7,347143.61,0.0,4,4,5,13,Champions
C102610,64,3,15215.09,3716.98,2,3,2,7,Needs Attention
C102611,56,26,285403.6,26445.52,2,5,5,12,Loyal
C102612,639,3,45950.76,0.0,5,3,3,11,Loyal
C102613,117,1,4004.21,0.0,3,1,1,5,At Risk
C102614,8,5,75267.3,4250.1,1,4,4,9,Needs Attention
C102615,85,8,146107.45,0.0,2,5,4,11,Loyal
C102616,6,18,298694.6,16921.4,1,5,5,11,Loyal
C102617,658,4,26962.699999999997,0.0,5,4,2,11,Loyal
C102620,160,7,215336.48,5029.8,3,4,5,12,Loyal
C102621,721,1,12454.55,0.0,5,1,2,8,Needs Attention
C102622,9,24,577300.39,1573.83,1,5,5,11,Loyal
C102623,959,1,31512.66,0.0,5,1,3,9,Needs Attention
C102624,406,3,20654.31,0.0,4,3,2,9,Needs Attention
C102625,910,1,6291.07,0.0,5,1,1,7,Needs Attention
C102628,20,3,43569.12,0.0,1,3,3,7,Needs Attention
C102629,32,4,150708.46,0.0,1,4,4,9,Needs Attention
C102630,1055,1,62935.3,0.0,5,1,3,9,Needs Attention
C102631,784,1,6163.08,5644.82,5,1,1,7,Needs Attention
C102632,331,2,19883.03,0.0,4,2,2,8,Needs Attention
C102633,815,1,1897.8,0.0,5,1,1,7,Needs Attention
C102634,57,30,387386.25,28119.98,2,5,5,12,Loyal
C102636,737,1,4249.87,0.0,5,1,1,7,Needs Attention
C102637,210,2,82670.23,0.0,3,2,4,9,Needs Attention
C102639,144,12,166795.74,65396.16,3,5,5,13,Champions
C102640,303,3,55150.71,0.0,4,3,3,10,Loyal
C102641,523,2,3337.71,1487.42,4,2,1,7,Needs Attention
C102642,599,1,3963.51,0.0,5,1,1,7,Needs Attention
C102643,6,10,159770.85,0.0,1,5,5,11,Loyal
C102644,29,14,610601.34,8573.279999999999,1,5,5,11,Loyal
C102645,934,1,5906.28,0.0,5,1,1,7,Needs Attention
C102646,142,5,21371.71,0.0,3,4,2,9,Needs Attention
C102648,896,1,133512.59,107730.12,5,1,4,10,Loyal
C102649,370,1,12454.55,0.0,4,1,2,7,Needs Attention
C102650,196,2,53237.49,0.0,3,2,3,8,Needs Attention
C102651,706,1,19326.35,0.0,5,1,2,8,Needs Attention
C102653,163,1,1435.14,0.0,3,1,1,5,At Risk
C102654,165,5,315488.59,0.0,3,4,5,12,Loyal
C102656,83,10,137612.08,0.0,2,5,4,11,Loyal
C102657,230,3,20464.46,5021.47,3,3,2,8,Needs Attention
C102658,813,1,754.61,0.0,5,1,1,7,Needs Attention
C102659,1072,1,3355.16,0.0,5,1,1,7,Needs Attention
C102660,75,9,219167.94999999998,0.0,2,5,5,12,Loyal
C102662,25,33,824764.46,35839.44,1,5,5,11,Loyal
C102663,997,1,25972.41,0.0,5,1,2,8,Needs Attention
C102665,186,2,19023.81,0.0,3,2,2,7,Needs Attention
C102666,282,3,69828.35,0.0,4,3,4,11,Loyal
C102667,492,1,5777.88,0.0,4,1,1,6,At Risk
C102668,25,2,109390.57999999999,0.0,1,2,4,7,Needs Attention
C102670,410,3,19950.53,0.0,4,3,2,9,Needs Attention
C102671,722,2,67084.34,0.0,5,2,3,10,Loyal
C102672,151,13,387327.83,13455.54,3,5,5,13,Champions
C102673,137,1,9093.77,0.0,3,1,2,6,At Risk
C102674,33,6,137809.97,0.0,1,4,4,9,Needs Attention
C102675,543,2,4579.76,0.0,5,2,1,8,Needs Attention
C102676,184,5,67845.47,0.0,3,4,3,10,Loyal
C102680,66,1,795.48,0.0,2,1,1,4,At Risk
C102681,7,1,3490.86,0.0,1,1,1,3,At Risk
C102682,56,10,67401.67,0.0,2,5,3,10,Loyal
C102684,837,1,3990.81,0.0,5,1,1,7,Needs Attention
C102685,50,2,21442.36,9280.29,2,2,2,6,At Risk
C102686,1003,1,32904.89,0.0,5,1,3,9,Needs Attention
C102687,477,1,11234.77,0.0,4,1,2,7,Needs Attention
C102688,29,5,176243.30000000002,0.0,1,4,5,10,Loyal
C102689,147,2,2819.66,0.0,3,2,1,6,At Risk
C102690,83,4,22064.93,0.0,2,4,2,8,Needs Attention
C102691,4,8,225291.46000000002,0.0,1,5,5,11,Loyal
C102692,2,1,81002.36,0.0,1,1,4,6,At Risk
C102693,0,80,1846166.4,254490.46000000002,1,5,5,11,Loyal
C102694,5,2,43619.619999999995,0.0,1,2,3,6,At Risk
C102695,763,3,67501.23,0.0,5,3,3,11,Loyal
C102698,382,3,33671.21,0.0,4,3,3,10,Loyal
C102699,38,12,302903.44999999995,3288.97,2,5,5,12,Loyal
C102700,1067,1,112401.35,0.0,5,1,4,10,Loyal
C102701,48,3,117656.39,54951.29,2,3,4,9,Needs Attention
C102702,426,2,159684.69,0.0,4,2,5,11,Loyal
C102703,53,2,11077.96,0.0,2,2,2,6,At Risk
C102705,427,5,81261.47,0.0,4,4,4,12,Loyal
C102706,47,4,219295.92,6106.65,2,4,5,11,Loyal
C102707,22,5,27492.399999999998,0.0,1,4,2,7,Needs Attention
C102708,157,3,158114.15,0.0,3,3,5,11,Loyal
C102710,264,2,15694.949999999999,0.0,4,2,2,8,Needs Attention
C102711,53,4,49700.9,0.0,2,4,3,9,Needs Attention
C102712,22,5,79789.19,0.0,1,4,4,9,Needs Attention
C102713,680,2,25849.539999999997,0.0,5,2,2,9,Needs Attention
C102714,1038,1,15407.69,0.0,5,1,2,8,Needs Attention
C102715,1,2,99482.40999999999,0.0,1,2,4,7,Needs Attention
C102716,366,3,83608.22,0.0,4,3,4,11,Loyal
C102717,107,3,32419.179999999997,0.0,3,3,3,9,Needs Attention
C102718,21,2,65860.64,0.0,1,2,3,6,At Risk
C102719,8,8,95653.38,0.0,1,5,4,10,Loyal
C102720,15,2,51076.76,0.0,1,2,3,6,At Risk
C102721,426,1,50679.46,0.0,4,1,3,8,Needs Attention
C102722,117,5,73882.73000000001,0.0,3,4,4,11,Loyal
C102723,9,4,141010.66,13082.38,1,4,4,9,Needs Attention
C102724,421,5,114565.26,0.0,4,4,4,12,Loyal
C102725,54,2,29211.489999999998,0.0,2,2,3,7,Needs Attention
C102726,242,8,88653.48,3907.09,3,5,4,12,Loyal
C102727,1055,1,12839.74,0.0,5,1,2,8,Needs Attention
C102729,247,3,39590.05,0.0,3,3,3,9,Needs Attention
C102733,43,8,78135.54000000001,1387.53,2,5,4,11,Loyal
C102735,238,4,62105.12,5628.83,3,4,3,10,Loyal
C102736,668,2,8402.300000000001,0.0,5,2,2,9,Needs Attention
C102737,794,1,16641.61,12641.89,5,1,2,8,Needs Attention
C102738,571,1,43491.37,0.0,5,1,3,9,Needs Attention
C102739,418,3,11875.0,0.0,4,3,2,9,Needs Attention
C102741,256,3,137714.37,0.0,3,3,4,10,Loyal
C102742,340,3,47147.31,12253.7,4,3,3,10,Loyal
C102743,11,7,72442.23,0.0,1,4,4,9,Needs Attention
C102744,15,9,161587.16,0.0,1,5,5,11,Loyal
C102745,652,2,17774.74,6998.79,5,2,2,9,Needs Attention
C102747,203,4,147714.91,0.0,3,4,4,11,Loyal
C102748,14,6,115542.53,34236.19,1,4,4,9,Needs Attention
C102749,134,4,61050.81,0.0,3,4,3,10,Loyal
C102750,55,5,71494.38,0.0,2,4,4,10,Loyal
C102751,82,12,199568.16,0.0,2,5,5,12,Loyal
C102752,729,1,5948.3,0.0,5,1,1,7,Needs Attention
C102754,70,22,382388.49,21944.01,2,5,5,12,Loyal
C102756,33,6,112473.23999999999,4707.77,1,4,4,9,Needs Attention
C102758,22,2,6032.1900000000005,0.0,1,2,1,4,At Risk
C102759,57,30,852916.6199999999,1626.09,2,5,5,12,Loyal
C102760,41,2,7393.42,0.0,2,2,1,5,At Risk
C102761,226,1,5585.29,0.0,3,1,1,5,At Risk
C102764,18,7,312239.65,0.0,1,4,5,10,Loyal
C102765,319,1,2707.28,0.0,4,1,1,6,At Risk
C102766,14,4,43845.55,0.0,1,4,3,8,Needs Attention
C102767,868,1,6702.08,0.0,5,1,1,7,Needs Attention
C102769,17,12,156449.69,55260.96,1,5,5,11,Loyal
C102770,93,4,26480.29,0.0,3,4,2,9,Needs Attention
C102771,11,12,262437.49,81985.35,1,5,5,11,Loyal
C102772,352,2,23108.22,0.0,4,2,2,8,Needs Attention
C102773,272,1,14884.11,0.0,4,1,2,7,Needs Attention
C102774,31,2,59056.04,0.0,1,2,3,6,At Risk
C102775,29,3,80683.13,0.0,1,3,4,8,Needs Attention
C102776,389,1,2953.68,0.0,4,1,1,6,At Risk
C102777,32,10,104698.03,1266.35,1,5,4,10,Loyal
C102778,25,4,27184.24,3120.92,1,4,2,7,Needs Attention
C102779,9,6,67905.32,4869.99,1,4,4,9,Needs Attention
C102780,95,2,15959.83,0.0,3,2,2,7,Needs Attention
C102781,10,11,50402.04,0.0,1,5,3,9,Needs Attention
C102782,21,12,145851.32,28923.96,1,5,4,10,Loyal
C102783,9,9,207735.30000000002,10742.18,1,5,5,11,Loyal
C102784,415,1,12921.94,0.0,4,1,2,7,Needs Attention
C102785,473,3,35753.57,0.0,4,3,3,10,Loyal
C102786,520,3,4634.08,1087.88,4,3,1,8,Needs Attention
C102787,420,2,26923.019999999997,0.0,4,2,2,8,Needs Attention
C102788,692,1,46218.14,0.0,5,1,3,9,Needs Attention
C102790,186,8,127726.37,0.0,3,5,4,12,Loyal
C102791,54,6,174850.16,0.0,2,4,5,11,Loyal
C102792,74,12,116365.63,27358.0,2,5,4,11,Loyal
C102793,52,24,479968.04,782.28,2,5,5,12,Loyal
C102795,58,8,121892.58,4747.83,2,5,4,11,Loyal
C102796,27,6,173322.24000000002,0.0,1,4,5,10,Loyal
C102798,611,1,12839.74,10997.71,5,1,2,8,Needs Attention
C102800,171,2,38135.8,0.0,3,2,3,8,Needs Attention
C102801,31,3,34165.53,0.0,1,3,3,7,Needs Attention
C102802,356,4,133821.95,0.0,4,4,4,12,Loyal
C102803,16,2,40775.69,36015.33,1,2,3,6,At Risk
C102804,41,3,10286.53,0.0,2,3,2,7,Needs Attention
C102805,67,4,153659.73,130259.89,2,4,4,10,Loyal
C102806,111,5,24077.75,5408.15,3,4,2,9,Needs Attention
C102807,50,14,527432.73,4799.09,2,5,5,12,Loyal
C102808,156,8,93280.55,0.0,3,5,4,12,Loyal
C102810,37,9,138896.8,0.0,2,5,4,11,Loyal
C102811,911,2,79520.26,0.0,5,2,4,11,Loyal
C102812,42,1,55079.92,0.0,2,1,3,6,At Risk
C102813,104,2,150210.09,97128.33,3,2,4,9,Needs Attention
C102817,69,1,9735.81,0.0,2,1,2,5,At Risk
C102818,106,4,79676.15,0.0,3,4,4,11,Loyal
C102819,72,12,179801.46,0.0,2,5,5,12,Loyal
C102821,36,1,5456.89,0.0,1,1,1,3,At Risk
C102822,928,2,11716.26,0.0,5,2,2,9,Needs Attention
C102824,1077,1,53488.64,0.0,5,1,3,9,Needs Attention
C102826,72,1,3807.84,0.0,2,1,1,4,At Risk
C102827,323,3,10208.04,5191.51,4,3,2,9,Needs Attention
C102828,228,3,70506.70999999999,0.0,3,3,4,10,Loyal
C102830,17,7,144425.73,0.0,1,4,4,9,Needs Attention
C102833,239,4,32390.93,1822.2,3,4,3,10,Loyal
C102835,79,8,216477.09999999998,58647.54,2,5,5,12,Loyal
C102837,419,2,121601.95,0.0,4,2,4,10,Loyal
C102838,473,1,857.21,0.0,4,1,1,6,At Risk
C102839,271,1,32886.89,0.0,4,1,3,8,Needs Attention
C102841,19,11,368113.37,9489.78,1,5,5,11,Loyal
C102843,77,16,360625.57,22075.940000000002,2,5,5,12,Loyal
C102844,2,4,95454.5,0.0,1,4,4,9,Needs Attention
C102845,71,11,142670.08,0.0,2,5,4,11,Loyal
C102846,18,50,990817.82,8120.209999999999,1,5,5,11,Loyal
C102847,10,1,3200.69,0.0,1,1,1,3,At Risk
C102848,942,1,4493.91,0.0,5,1,1,7,Needs Attention
C102849,865,1,6163.08,0.0,5,1,1,7,Needs Attention
C102850,636,1,808.44,0.0,5,1,1,7,Needs Attention
C102851,191,3,68152.6,0.0,3,3,4,10,Loyal
C102852,858,1,2365.26,0.0,5,1,1,7,Needs Attention
C102853,204,4,205741.21,0.0,3,4,5,12,Loyal
C102856,207,2,41832.58,0.0,3,2,3,8,Needs Attention
C102857,34,5,20350.559999999998,3070.13,1,4,2,7,Needs Attention
C102858,379,2,25376.66,12874.79,4,2,2,8,Needs Attention
C102860,77,6,91185.45000000001,676.65,2,4,4,10,Loyal
C102861,191,4,55590.39000000001,0.0,3,4,3,10,Loyal
C102862,818,1,19761.62,0.0,5,1,2,8,Needs Attention
C102865,5,61,2551554.1,52735.380000000005,1,5,5,11,Loyal
C102866,38,4,66749.83,0.0,2,4,3,9,Needs Attention
C102867,419,4,34635.009999999995,0.0,4,4,3,11,Loyal
C102868,117,1,120660.33,0.0,3,1,4,8,Needs Attention
C102869,62,5,108558.29000000001,0.0,2,4,4,10,Loyal
C102870,291,4,211303.23,0.0,4,4,5,13,Champions
C102871,18,4,120603.74,0.0,1,4,4,9,Needs Attention
C102872,218,4,26942.15,11087.39,3,4,2,9,Needs Attention
C102873,395,6,187736.71,0.0,4,4,5,13,Champions
C102874,170,5,62755.22,365.83,3,4,3,10,Loyal
C102875,222,3,19495.53,8880.9,3,3,2,8,Needs Attention
C102876,35,18,450549.19999999995,20160.22,1,5,5,11,Loyal
C102877,994,1,1132.1,0.0,5,1,1,7,Needs Attention
C102878,1078,1,5585.29,0.0,5,1,1,7,Needs Attention
C102879,118,1,104154.23,0.0,3,1,4,8,Needs Attention
C102880,443,2,8537.71,0.0,4,2,2,8,Needs Attention
C102882,790,3,44655.090000000004,0.0,5,3,3,11,Loyal
C102883,168,4,60449.57,0.0,3,4,3,10,Loyal
C102884,65,1,2096.95,0.0,2,1,1,4,At Risk
C102885,66,21,339880.76,96797.07,2,5,5,12,Loyal
C102886,6,6,74962.81,0.0,1,4,4,9,Needs Attention
C102888,75,3,38658.700000000004,0.0,2,3,3,8,Needs Attention
C102890,448,3,90799.28,0.0,4,3,4,11,Loyal
C102892,35,1,117952.04,0.0,1,1,4,6,At Risk
C102894,429,1,12767.38,0.0,4,1,2,7,Needs Attention
C102895,10,3,9789.69,0.0,1,3,2,6,At Risk
C102896,36,5,86685.28000000001,61811.96,1,4,4,9,Needs Attention
C102897,107,3,20952.85,0.0,3,3,2,8,Needs Attention
C102899,226,11,390310.33999999997,2560.4,3,5,5,13,Champions
C102901,199,3,10953.45,0.0,3,3,2,8,Needs Attention
C102902,759,2,73368.03,0.0,5,2,4,11,Loyal
C102903,691,2,7463.03,0.0,5,2,1,8,Needs Attention
C102904,51,16,250411.2,0.0,2,5,5,12,Loyal
C102905,709,1,36390.5,0.0,5,1,3,9,Needs Attention
C102906,251,3,72626.6,0.0,3,3,4,10,Loyal
C102907,591,1,2347.77,0.0,5,1,1,7,Needs Attention
C102908,440,1,5777.88,0.0,4,1,1,6,At Risk
C102909,57,6,430577.85000000003,3287.93,2,4,5,11,Loyal
C102910,24,7,110037.39,6388.72,1,4,4,9,Needs Attention
C102912,523,5,133005.61,5266.42,4,4,4,12,Loyal
C102914,506,2,10828.210000000001,0.0,4,2,2,8,Needs Attention
C102915,358,2,6859.049999999999,0.0,4,2,1,7,Needs Attention
C102916,55,36,620944.65,52865.54,2,5,5,12,Loyal
C102917,253,3,40300.600000000006,0.0,3,3,3,9,Needs Attention
C102918,1,14,432364.74,17343.879999999997,1,5,5,11,Loyal
C102920,236,2,212188.66999999998,0.0,3,2,5,10,Loyal
C102921,10,2,20068.46,681.35,1,2,2,5,At Risk
C102922,545,2,20253.27,0.0,5,2,2,9,Needs Attention
C102923,122,1,1558.15,1168.85,3,1,1,5,At Risk
C102925,572,4,99420.05,0.0,5,4,4,13,Champions
C102926,609,3,55026.1,0.0,5,3,3,11,Loyal
C102928,20,19,383206.65,56491.020000000004,1,5,5,11,Loyal
C102929,31,33,511339.23,45090.2,1,5,5,11,Loyal
C102930,55,10,188903.51,0.0,2,5,5,12,Loyal
C102932,37,3,73834.08,0.0,2,3,4,9,Needs Attention
C102933,154,2,13088.09,5047.35,3,2,2,7,Needs Attention
C102934,795,1,527.46,0.0,5,1,1,7,Needs Attention
C102935,78,2,52324.91,0.0,2,2,3,7,Needs Attention
C102941,161,2,45992.18,0.0,3,2,3,8,Needs Attention
C102942,211,2,112048.73000000001,61778.96,3,2,4,9,Needs Attention
C102943,13,17,273756.6,12608.94,1,5,5,11,Loyal
C102944,105,1,5521.09,0.0,3,1,1,5,At Risk
C102945,19,5,55198.85,883.22,1,4,3,8,Needs Attention
C102946,993,1,709.56,0.0,5,1,1,7,Needs Attention
C102947,632,1,53310.56,0.0,5,1,3,9,Needs Attention
C102949,7,20,769145.47,5747.49,1,5,5,11,Loyal
C102950,48,12,104113.63,28894.71,2,5,4,11,Loyal
C102952,33,5,144140.04,62239.77,1,4,4,9,Needs Attention
C102953,134,4,114619.83,53908.19,3,4,4,11,Loyal
C102954,12,1,12810.27,0.0,1,1,2,4,At Risk
C102956,533,1,45984.6,0.0,5,1,3,9,Needs Attention
C102958,75,1,5906.28,0.0,2,1,1,4,At Risk
C102959,66,21,349842.59,8870.17,2,5,5,12,Loyal
C102960,532,1,9244.61,0.0,5,1,2,8,Needs Attention
C102961,10,18,206137.92,65227.659999999996,1,5,5,11,Loyal
C102964,184,3,7163.57,0.0,3,3,1,7,Needs Attention
C102965,39,1,12169.76,0.0,2,1,2,5,At Risk
C102966,230,2,36491.47,11003.67,3,2,3,8,Needs Attention
C102967,62,6,99468.36,4153.14,2,4,4,10,Loyal
C102968,28,1,1995.81,0.0,1,1,1,3,At Risk
C102969,104,7,217667.22,10938.08,3,4,5,12,Loyal
C102970,348,1,35483.53,0.0,4,1,3,8,Needs Attention
C102971,43,5,160077.08000000002,4037.28,2,4,5,11,Loyal
C102972,641,1,87628.24,0.0,5,1,4,10,Loyal
C102973,306,3,12180.619999999999,0.0,4,3,2,9,Needs Attention
C102974,983,2,5624.98,5006.29,5,2,1,8,Needs Attention
C102976,444,2,56412.34,0.0,4,2,3,9,Needs Attention
C102977,458,1,731.51,0.0,4,1,1,6,At Risk
C102978,400,2,6733.99,0.0,4,2,1,7,Needs Attention
C102980,682,1,5954.44,0.0,5,1,1,7,Needs Attention
C102981,556,3,19279.620000000003,9689.68,5,3,2,10,Loyal
C102982,35,13,128712.63,8929.26,1,5,4,10,Loyal
C102984,37,19,494551.74,19102.11,2,5,5,12,Loyal
C102986,372,4,101336.79000000001,0.0,4,4,4,12,Loyal
C102987,596,1,55727.91,0.0,5,1,3,9,Needs Attention
C102988,46,10,681180.94,476.9,2,5,5,12,Loyal
C102989,224,2,58282.42,0.0,3,2,3,8,Needs Attention
C102990,83,2,13806.56,0.0,2,2,2,6,At Risk
C102991,10,1,42453.04,0.0,1,1,3,5,At Risk
C102992,382,2,5649.3099999999995,0.0,4,2,1,7,Needs Attention
C102993,439,1,4153.3,0.0,4,1,1,6,At Risk
C102998,434,1,32730.83,0.0,4,1,3,8,Needs Attention
C102999,251,5,95026.07999999999,1107.79,3,4,4,11,Loyal
C103000,355,2,48604.75,5573.17,4,2,3,9,Needs Attention
C103001,446,2,12455.59,0.0,4,2,2,8,Needs Attention
C103003,505,3,9665.3,0.0,4,3,2,9,Needs Attention
C103004,9,6,47076.7,0.0,1,4,3,8,Needs Attention
C103005,6,5,110915.68,57937.72,1,4,4,9,Needs Attention
C103006,1047,1,4686.51,0.0,5,1,1,7,Needs Attention
C103008,196,1,60432.52,0.0,3,1,3,7,Needs Attention
C103009,86,19,572757.25,0.0,2,5,5,12,Loyal
C103011,538,1,29795.96,0.0,5,1,3,9,Needs Attention
C103012,242,1,6419.87,0.0,3,1,1,5,At Risk
C103015,85,3,72741.53,0.0,2,3,4,9,Needs Attention
C103016,440,1,3465.8,0.0,4,1,1,6,At Risk
C103018,125,1,101585.67,0.0,3,1,4,8,Needs Attention
C103020,122,12,184585.79,8576.09,3,5,5,13,Champions
C103023,239,11,216782.61000000002,70892.83,3,5,5,13,Champions
C103024,219,3,16617.61,0.0,3,3,2,8,Needs Attention
C103025,664,1,6805.06,0.0,5,1,1,7,Needs Attention
C103026,2,16,574294.34,93357.67,1,5,5,11,Loyal
C103027,228,5,59883.6,754.74,3,4,3,10,Loyal
C103030,239,3,38217.909999999996,0.0,3,3,3,9,Needs Attention
C103031,85,9,66139.23999999999,0.0,2,5,3,10,Loyal
C103032,646,2,9455.65,0.0,5,2,2,9,Needs Attention
C103033,437,1,981.08,0.0,4,1,1,6,At Risk
C103035,57,10,153446.02000000002,0.0,2,5,4,11,Loyal
C103038,56,6,137903.12,37335.25,2,4,4,10,Loyal
C103039,11,7,242298.38,4604.59,1,4,5,10,Loyal
C103040,126,2,156291.03,0.0,3,2,4,9,Needs Attention
C103041,42,4,151996.73,25570.32,2,4,4,10,Loyal
C103043,25,4,71139.24,0.0,1,4,4,9,Needs Attention
C103044,282,3,14004.62,6006.62,4,3,2,9,Needs Attention
C103046,65,6,68638.12,0.0,2,4,4,10,Loyal
C103048,32,2,10251.43,0.0,1,2,2,5,At Risk
C103049,515,1,4564.87,0.0,4,1,1,6,At Risk
C103051,738,1,12587.55,0.0,5,1,2,8,Needs Attention
C103052,209,7,107411.98999999999,0.0,3,4,4,11,Loyal
C103053,428,2,157671.25,0.0,4,2,5,11,Loyal
C103054,559,1,6419.87,0.0,5,1,1,7,Needs Attention
C103055,394,2,8070.71,0.0,4,2,1,7,Needs Attention
C103056,196,2,242383.51,0.0,3,2,5,10,Loyal
C103057,414,2,37133.560000000005,0.0,4,2,3,9,Needs Attention
C103058,1086,1,4026.19,0.0,5,1,1,7,Needs Attention
C103059,573,2,7282.3099999999995,543.72,5,2,1,8,Needs Attention
C103061,533,1,2200.02,0.0,5,1,1,7,Needs Attention
C103062,125,2,6862.24,0.0,3,2,1,6,At Risk
C103063,1044,1,8002.83,0.0,5,1,1,7,Needs Attention
C103064,200,7,232769.24,37206.7,3,4,5,12,Loyal
C103065,43,3,213799.31,0.0,2,3,5,10,Loyal
C103066,155,2,17084.079999999998,5997.5,3,2,2,7,Needs Attention
C103067,57,4,33565.1,13241.59,2,4,3,9,Needs Attention
C103068,166,1,3134.95,0.0,3,1,1,5,At Risk
C103071,56,24,380260.48,52840.87,2,5,5,12,Loyal
C103072,435,2,11106.380000000001,0.0,4,2,2,8,Needs Attention
C103074,381,3,18544.64,0.0,4,3,2,9,Needs Attention
C103075,475,1,55775.02,0.0,4,1,3,8,Needs Attention
C103078,668,1,10398.69,0.0,5,1,2,8,Needs Attention
C103079,135,7,266710.78,3551.07,3,4,5,12,Loyal
C103082,1084,1,8231.33,0.0,5,1,1,7,Needs Attention
C103084,17,4,13132.82,0.0,1,4,2,7,Needs Attention
C103085,203,3,42498.09,0.0,3,3,3,9,Needs Attention
C103086,28,10,300820.08,52420.69,1,5,5,11,Loyal
C103088,297,1,1811.49,0.0,4,1,1,6,At Risk
C103090,153,5,103245.14000000001,0.0,3,4,4,11,Loyal
C103091,444,1,468.98,0.0,4,1,1,6,At Risk
C103092,27,27,473239.64,1024.07,1,5,5,11,Loyal
C103093,937,1,6074.24,0.0,5,1,1,7,Needs Attention
C103094,3,8,389367.58,19877.67,1,5,5,11,Loyal
C103096,430,2,10173.48,0.0,4,2,2,8,Needs Attention
C103098,77,3,12503.36,0.0,2,3,2,7,Needs Attention
C103099,77,3,15253.3,0.0,2,3,2,7,Needs Attention
C103100,63,15,316754.32,2021.91,2,5,5,12,Loyal
C103101,826,1,12197.75,0.0,5,1,2,8,Needs Attention
C103102,153,3,57142.17,0.0,3,3,3,9,Needs Attention
C103104,175,5,73486.7,0.0,3,4,4,11,Loyal
C103105,433,3,31091.739999999998,6435.18,4,3,3,10,Loyal
C103106,1,30,629553.56,147729.16999999998,1,5,5,11,Loyal
C103107,253,2,39610.729999999996,0.0,3,2,3,8,Needs Attention
C103109,609,1,5456.89,0.0,5,1,1,7,Needs Attention
C103110,101,5,101694.17,0.0,3,4,4,11,Loyal
C103111,919,1,8602.63,0.0,5,1,2,8,Needs Attention
C103112,269,1,1200.48,0.0,4,1,1,6,At Risk
C103114,256,4,144217.69,0.0,3,4,4,11,Loyal
C103115,74,10,144360.08000000002,3087.91,2,5,4,11,Loyal
C103116,64,23,571133.65,55849.43,2,5,5,12,Loyal
C103117,345,2,21829.79,21050.5,4,2,2,8,Needs Attention
C103118,555,2,137270.2,0.0,5,2,4,11,Loyal
C103119,4,23,105164.48,12416.11,1,5,4,10,Loyal
C103120,68,9,59743.39,491.38,2,5,3,10,Loyal
C103122,65,3,13912.21,1960.07,2,3,2,7,Needs Attention
C103123,769,1,13124.64,0.0,5,1,2,8,Needs Attention
C103124,180,3,94413.70999999999,0.0,3,3,4,10,Loyal
C103125,314,5,96209.48999999999,0.0,4,4,4,12,Loyal
C103127,99,3,15604.04,1238.11,3,3,2,8,Needs Attention
C103129,1,7,118420.8,9963.65,1,4,4,9,Needs Attention
C103130,199,3,33621.39,0.0,3,3,3,9,Needs Attention
C103131,781,1,2201.88,0.0,5,1,1,7,Needs Attention
C103132,83,2,14324.67,0.0,2,2,2,6,At Risk
C103133,12,3,13848.88,0.0,1,3,2,6,At Risk
C103134,32,2,18628.29,0.0,1,2,2,5,At Risk
C103136,329,2,17708.510000000002,0.0,4,2,2,8,Needs Attention
C103137,891,1,64744.64,0.0,5,1,3,9,Needs Attention
C103138,523,1,5968.23,0.0,4,1,1,6,At Risk
C103139,946,1,5015.04,0.0,5,1,1,7,Needs Attention
C103140,331,3,102688.15,78790.75,4,3,4,11,Loyal
C103141,869,1,56894.51,0.0,5,1,3,9,Needs Attention
C103144,271,1,10656.98,9157.13,4,1,2,7,Needs Attention
C103145,350,7,98661.98,3051.27,4,4,4,12,Loyal
C103146,223,1,4493.91,0.0,3,1,1,5,At Risk
C103147,593,1,3578.84,0.0,5,1,1,7,Needs Attention
C103148,69,4,102629.98000000001,0.0,2,4,4,10,Loyal
C103149,417,2,26392.95,19898.41,4,2,2,8,Needs Attention
C103150,191,1,3966.39,3948.87,3,1,1,5,At Risk
C103151,423,1,62855.9,0.0,4,1,3,8,Needs Attention
C103152,181,1,2017.1,1986.06,3,1,1,5,At Risk
C103153,360,1,5257.9,0.0,4,1,1,6,At Risk
C103154,541,3,52575.41,0.0,5,3,3,11,Loyal
C103155,588,1,8760.44,0.0,5,1,2,8,Needs Attention
C103156,103,8,38156.96,0.0,3,5,3,11,Loyal
C103157,178,1,654.51,0.0,3,1,1,5,At Risk
C103159,634,1,5970.48,4481.08,5,1,1,7,Needs Attention
C103160,99,7,298698.58,0.0,3,4,5,12,Loyal
C103161,1003,1,4610.02,0.0,5,1,1,7,Needs Attention
C103162,56,5,35971.409999999996,0.0,2,4,3,9,Needs Attention
C103164,112,2,13333.44,0.0,3,2,2,7,Needs Attention
C103165,505,1,11298.97,0.0,4,1,2,7,Needs Attention
C103168,1,4,40650.98,0.0,1,4,3,8,Needs Attention
C103169,1027,3,50509.39,0.0,5,3,3,11,Loyal
C103170,961,1,19259.61,0.0,5,1,2,8,Needs Attention
C103171,10,20,410211.04,132652.15999999997,1,5,5,11,Loyal
C103174,35,2,9099.57,0.0,1,2,2,5,At Risk
C103175,544,4,20534.02,0.0,5,4,2,11,Loyal
C103176,122,3,85131.79000000001,0.0,3,3,4,10,Loyal
C103177,187,2,39139.47,0.0,3,2,3,8,Needs Attention
C103178,916,2,5373.1,0.0,5,2,1,8,Needs Attention
C103179,17,3,16468.34,0.0,1,3,2,6,At Risk
C103180,561,1,12154.61,0.0,5,1,2,8,Needs Attention
C103181,638,4,177387.38999999998,0.0,5,4,5,14,Champions
C103182,295,1,1336.67,0.0,4,1,1,6,At Risk
C103183,39,2,150192.75,0.0,2,2,4,8,Needs Attention
C103184,75,1,9629.8,0.0,2,1,2,5,At Risk
C103187,32,2,5618.33,0.0,1,2,1,4,At Risk
C103188,225,1,7041.9,0.0,3,1,1,5,At Risk
C103190,680,3,153664.5,16840.11,5,3,4,12,Loyal
C103191,47,5,108833.97,5614.51,2,4,4,10,Loyal
C103192,85,2,11255.099999999999,0.0,2,2,2,6,At Risk
C103194,93,9,99599.64,0.0,3,5,4,12,Loyal
C103195,541,4,77368.3,1581.24,5,4,4,13,Champions
C103196,923,1,93024.48,0.0,5,1,4,10,Loyal
C103197,785,1,11273.04,0.0,5,1,2,8,Needs Attention
C103198,411,1,4558.11,0.0,4,1,1,6,At Risk
C103200,298,3,33590.02,0.0,4,3,3,10,Loyal
C103201,361,4,86840.65,0.0,4,4,4,12,Loyal
C103202,28,11,272024.31,0.0,1,5,5,11,Loyal
C103203,83,20,292768.58,0.0,2,5,5,12,Loyal
C103204,181,2,54535.24,0.0,3,2,3,8,Needs Attention
C103205,699,1,5456.89,0.0,5,1,1,7,Needs Attention
C103206,239,2,13642.23,0.0,3,2,2,7,Needs Attention
C103207,198,3,100253.7,0.0,3,3,4,10,Loyal
C103208,27,2,4832.14,0.0,1,2,1,4,At Risk
C103209,836,2,38537.97,0.0,5,2,3,10,Loyal
C103210,17,106,2508014.42,77208.41,1,5,5,11,Loyal
C103211,71,14,422612.79000000004,24617.059999999998,2,5,5,12,Loyal
C103212,416,4,74061.62,0.0,4,4,4,12,Loyal
C103213,443,3,58978.18000000001,0.0,4,3,3,10,Loyal
C103215,74,2,111675.55,0.0,2,2,4,8,Needs Attention
C103216,22,34,736692.63,116497.77,1,5,5,11,Loyal
C103217,1091,1,168210.38,0.0,5,1,5,11,Loyal
C103219,67,12,326002.58999999997,0.0,2,5,5,12,Loyal
C103220,824,1,5617.39,0.0,5,1,1,7,Needs Attention
C103221,346,1,3280.32,0.0,4,1,1,6,At Risk
C103222,89,4,66536.29999999999,0.0,2,4,3,9,Needs Attention
C103223,436,3,61762.659999999996,0.0,4,3,3,10,Loyal
C103224,235,3,69201.34,0.0,3,3,4,10,Loyal
C103225,238,4,15039.779999999999,0.0,3,4,2,9,Needs Attention
C103226,43,2,32467.5,0.0,2,2,3,7,Needs Attention
C103227,383,5,93887.16,10102.93,4,4,4,12,Loyal
C103228,38,25,489661.59,25585.510000000002,2,5,5,12,Loyal
C103229,17,4,142920.31,18269.4,1,4,4,9,Needs Attention
C103230,116,5,118184.72,54360.810000000005,3,4,4,11,Loyal
C103231,27,7,327007.94999999995,0.0,1,4,5,10,Loyal
C103232,287,7,106370.8,0.0,4,4,4,12,Loyal
C103233,331,4,29783.86,0.0,4,4,3,11,Loyal
C103234,41,6,61088.46000000001,22980.239999999998,2,4,3,9,Needs Attention
C103235,12,47,768529.85,7017.8,1,5,5,11,Loyal
C103236,196,4,67420.95,0.0,3,4,3,10,Loyal
C103237,774,2,25911.969999999998,0.0,5,2,2,9,Needs Attention
C103238,72,2,13742.95,1147.37,2,2,2,6,At Risk
C103239,47,1,4735.07,0.0,2,1,1,4,At Risk
C103241,80,5,68978.56,0.0,2,4,4,10,Loyal
C103242,1089,1,6419.87,0.0,5,1,1,7,Needs Attention
C103243,221,7,71184.08,4460.72,3,4,4,11,Loyal
C103244,2,14,307362.75,0.0,1,5,5,11,Loyal
C103245,798,2,9918.7,5247.17,5,2,2,9,Needs Attention
C103247,25,5,22165.16,0.0,1,4,2,7,Needs Attention
C103248,566,1,20130.97,0.0,5,1,2,8,Needs Attention
C103249,92,4,18496.0,0.0,3,4,2,9,Needs Attention
C103250,58,3,32093.07,0.0,2,3,3,8,Needs Attention
C103251,97,1,11785.45,0.0,3,1,2,6,At Risk
C103252,50,7,136593.44,47915.91,2,4,4,10,Loyal
C103253,618,2,1389.0700000000002,0.0,5,2,1,8,Needs Attention
C103254,767,1,31380.0,0.0,5,1,3,9,Needs Attention
C103255,577,2,90985.01,36417.07,5,2,4,11,Loyal
C103256,62,4,122810.15000000001,22961.67,2,4,4,10,Loyal
C103257,31,17,443443.71,0.0,1,5,5,11,Loyal
C103258,471,1,5906.28,0.0,4,1,1,6,At Risk
C103259,94,2,25830.83,23824.39,3,2,2,7,Needs Attention
C103260,633,1,2243.53,0.0,5,1,1,7,Needs Attention
C103261,30,10,220566.25,59085.24,1,5,5,11,Loyal
C103262,163,4,54898.56,0.0,3,4,3,10,Loyal
C103264,463,1,7681.99,0.0,4,1,1,6,At Risk
C103265,864,1,3401.03,0.0,5,1,1,7,Needs Attention
C103266,3,12,153567.45,36549.76,1,5,4,10,Loyal
C103267,789,3,10893.89,0.0,5,3,2,10,Loyal
C103268,53,41,1524477.53,121207.52,2,5,5,12,Loyal
C103269,443,1,115235.9,0.0,4,1,4,9,Needs Attention
C103273,51,3,23031.69,0.0,2,3,2,7,Needs Attention
C103274,75,8,214099.41999999998,8455.8,2,5,5,12,Loyal
C103275,60,27,321179.02,16276.240000000002,2,5,5,12,Loyal
C103277,67,36,965352.59,29266.26,2,5,5,12,Loyal
C103278,206,11,134896.24,5466.43,3,5,4,12,Loyal
C103281,444,3,54573.490000000005,0.0,4,3,3,10,Loyal
C103282,506,2,86361.62000000001,0.0,4,2,4,10,Loyal
C103283,3,20,329955.08,34306.51,1,5,5,11,Loyal
C103285,5,24,550495.01,365.69,1,5,5,11,Loyal
C103286,968,1,1417.62,0.0,5,1,1,7,Needs Attention
C103287,903,1,2474.39,0.0,5,1,1,7,Needs Attention
C103288,9,9,179401.36,3203.11,1,5,5,11,Loyal
C103291,99,10,154037.46000000002,271.49,3,5,4,12,Loyal
C103293,908,1,2678.17,0.0,5,1,1,7,Needs Attention
C103295,0,11,104794.98,17598.89,1,5,4,10,Loyal
C103296,126,2,85805.46,0.0,3,2,4,9,Needs Attention
C103297,314,2,45731.22,0.0,4,2,3,9,Needs Attention
C103298,102,1,4604.96,0.0,3,1,1,5,At Risk
C103299,6,1,45984.6,0.0,1,1,3,5,At Risk
C103300,76,5,128363.83,0.0,2,4,4,10,Loyal
C103303,12,5,34078.020000000004,0.0,1,4,3,8,Needs Attention
C103304,42,2,71387.20999999999,0.0,2,2,4,8,Needs Attention
C103305,942,1,37154.8,0.0,5,1,3,9,Needs Attention
C103306,986,1,6227.27,0.0,5,1,1,7,Needs Attention
C103307,421,3,124377.28,0.0,4,3,4,11,Loyal
C103308,319,3,21959.87,0.0,4,3,2,9,Needs Attention
C103310,154,3,42026.530000000006,4451.34,3,3,3,9,Needs Attention
C103311,664,1,4674.03,3723.8,5,1,1,7,Needs Attention
C103312,23,37,745746.64,26188.41,1,5,5,11,Loyal
C103313,48,7,132895.17,0.0,2,4,4,10,Loyal
C103315,821,1,6098.88,0.0,5,1,1,7,Needs Attention
C103316,289,1,4191.91,0.0,4,1,1,6,At Risk
C103321,587,2,18427.66,0.0,5,2,2,9,Needs Attention
C103322,229,2,19446.07,14758.62,3,2,2,7,Needs Attention
C103323,602,3,91174.3,2428.31,5,3,4,12,Loyal
C103324,429,3,13335.7,0.0,4,3,2,9,Needs Attention
C103325,31,4,7079.48,0.0,1,4,1,6,At Risk
C103326,247,1,60263.91,0.0,3,1,3,7,Needs Attention
C103327,20,37,879119.28,77249.12999999999,1,5,5,11,Loyal
C103328,171,1,3046.16,0.0,3,1,1,5,At Risk
C103329,688,1,1609.12,0.0,5,1,1,7,Needs Attention
C103331,42,10,446576.86,12438.25,2,5,5,12,Loyal
C103332,90,2,90528.95999999999,0.0,2,2,4,8,Needs Attention
C103333,42,3,17643.34,0.0,2,3,2,7,Needs Attention
C103334,777,2,65280.13,0.0,5,2,3,10,Loyal
C103335,241,2,17397.85,0.0,3,2,2,7,Needs Attention
C103336,56,5,67870.8,2827.66,2,4,3,9,Needs Attention
C103338,22,32,876695.65,66639.66,1,5,5,11,Loyal
C103340,47,42,756860.04,81764.82,2,5,5,12,Loyal
C103341,739,1,1416.39,0.0,5,1,1,7,Needs Attention
C103342,37,9,126891.54000000001,0.0,2,5,4,11,Loyal
C103347,960,1,4622.31,0.0,5,1,1,7,Needs Attention
C103348,85,7,155422.84,0.0,2,4,4,10,Loyal
C103349,58,6,66400.0,9933.34,2,4,3,9,Needs Attention
C103350,689,1,6419.87,5652.52,5,1,1,7,Needs Attention
C103352,130,3,143094.33000000002,119653.71,3,3,4,10,Loyal
C103354,236,3,20865.239999999998,0.0,3,3,2,8,Needs Attention
C103355,210,4,62551.189999999995,0.0,3,4,3,10,Loyal
C103356,91,1,879.19,0.0,2,1,1,4,At Risk
C103358,99,4,58728.51,0.0,3,4,3,10,Loyal
C103360,36,8,60620.02,5429.0,1,5,3,9,Needs Attention
C103363,448,3,9143.07,0.0,4,3,2,9,Needs Attention
C103364,303,1,64799.9,0.0,4,1,3,8,Needs Attention
C103365,248,2,16948.46,0.0,3,2,2,7,Needs Attention
C103367,157,5,94011.36,6083.43,3,4,4,11,Loyal
C103368,57,2,24390.64,11096.39,2,2,2,6,At Risk
C103371,189,2,63180.87,0.0,3,2,3,8,Needs Attention
C103372,36,1,37626.01,29174.31,1,1,3,5,At Risk
C103373,55,11,324140.23,3971.83,2,5,5,12,Loyal
C103374,1065,1,10888.73,0.0,5,1,2,8,Needs Attention
C103375,207,2,8343.900000000001,0.0,3,2,2,7,Needs Attention
C103376,3,206,4388209.47,611036.65,1,5,5,11,Loyal
C103378,236,4,31093.37,0.0,3,4,3,10,Loyal
C103379,95,5,66014.54999999999,0.0,3,4,3,10,Loyal
C103383,61,3,23753.91,8766.75,2,3,2,7,Needs Attention
C103384,850,1,12582.95,0.0,5,1,2,8,Needs Attention
C103386,451,3,120829.5,0.0,4,3,4,11,Loyal
C103389,955,3,119985.87,0.0,5,3,4,12,Loyal
C103390,83,13,249058.57,0.0,2,5,5,12,Loyal
C103391,99,10,152947.63,0.0,3,5,4,12,Loyal
C103392,50,6,109980.66,66592.42,2,4,4,10,Loyal
C103393,959,2,49006.21,40494.13,5,2,3,10,Loyal
C103394,243,6,40369.44,11440.45,3,4,3,10,Loyal
C103395,142,6,105745.53000000001,8894.09,3,4,4,11,Loyal
C103396,815,1,1067.78,0.0,5,1,1,7,Needs Attention
C103398,21,3,29318.59,0.0,1,3,3,7,Needs Attention
C103399,6,7,99523.19,0.0,1,4,4,9,Needs Attention
C103400,56,1,6419.87,0.0,2,1,1,4,At Risk
C103401,2,21,384307.79000000004,71780.55,1,5,5,11,Loyal
C103403,49,3,38427.02,0.0,2,3,3,8,Needs Attention
C103407,216,5,36384.59,0.0,3,4,3,10,Loyal
C103408,399,1,11940.96,0.0,4,1,2,7,Needs Attention
C103410,150,3,25543.85,0.0,3,3,2,8,Needs Attention
C103411,965,1,786.58,0.0,5,1,1,7,Needs Attention
C103412,392,2,4461.6900000000005,0.0,4,2,1,7,Needs Attention
C103413,2,178,4060351.38,219789.12,1,5,5,11,Loyal
C103414,813,1,102113.86,0.0,5,1,4,10,Loyal
C103417,25,10,90168.6,8711.43,1,5,4,10,Loyal
C103418,506,3,105003.75,0.0,4,3,4,11,Loyal
C103419,413,1,6419.87,0.0,4,1,1,6,At Risk
C103420,29,8,380820.37,0.0,1,5,5,11,Loyal
C103421,52,1,6348.89,6172.87,2,1,1,4,At Risk
C103422,17,25,565117.79,5432.38,1,5,5,11,Loyal
C103423,599,1,129599.8,0.0,5,1,4,10,Loyal
C103424,376,3,4141.54,1967.1,4,3,1,8,Needs Attention
C103425,520,1,3691.43,0.0,4,1,1,6,At Risk
C103426,361,2,72515.22,0.0,4,2,4,10,Loyal
C103428,277,1,10312.97,0.0,4,1,2,7,Needs Attention
C103429,48,2,46701.71,1023.17,2,2,3,7,Needs Attention
C103430,412,2,11555.77,0.0,4,2,2,8,Needs Attention
C103431,4,32,781478.9400000001,90464.04999999999,1,5,5,11,Loyal
C103432,14,166,4165603.74,128747.04,1,5,5,11,Loyal
C103433,404,2,1485.45,0.0,4,2,1,7,Needs Attention
C103434,84,1,2703.97,0.0,2,1,1,4,At Risk
C103435,37,5,73932.95999999999,0.0,2,4,4,10,Loyal
C103438,22,7,261356.4,94548.11,1,4,5,10,Loyal
C103439,37,4,18920.100000000002,0.0,2,4,2,8,Needs Attention
C103441,246,4,93113.87,0.0,3,4,4,11,Loyal
C103442,25,15,492648.33,4956.31,1,5,5,11,Loyal
C103444,41,8,268750.42000000004,0.0,2,5,5,12,Loyal
C103445,984,1,249017.85,0.0,5,1,5,11,Loyal
C103447,880,1,5777.88,0.0,5,1,1,7,Needs Attention
C103448,10,10,118115.75,0.0,1,5,4,10,Loyal
C103449,401,1,6291.47,0.0,4,1,1,6,At Risk
C103450,136,4,119315.69,0.0,3,4,4,11,Loyal
C103451,379,2,1145.6100000000001,0.0,4,2,1,7,Needs Attention
C103452,142,5,122558.58,15621.1,3,4,4,11,Loyal
C103453,1016,1,105486.1,0.0,5,1,4,10,Loyal
C103455,317,2,23638.75,0.0,4,2,2,8,Needs Attention
C103456,894,2,4288.469999999999,0.0,5,2,1,8,Needs Attention
C103457,569,2,43171.729999999996,0.0,5,2,3,10,Loyal
C103458,34,3,47452.810000000005,22644.59,1,3,3,7,Needs Attention
C103459,541,3,167387.2,76810.67,5,3,5,13,Champions
C103462,51,8,111466.69,1922.14,2,5,4,11,Loyal
C103464,75,1,5275.92,0.0,2,1,1,4,At Risk
C103465,79,10,492554.22,0.0,2,5,5,12,Loyal
C103466,1024,1,12665.07,0.0,5,1,2,8,Needs Attention
C103467,826,1,59639.95,45121.65,5,1,3,9,Needs Attention
C103469,130,1,12839.74,0.0,3,1,2,6,At Risk
C103470,92,5,82557.72,0.0,3,4,4,11,Loyal
C103471,412,1,643.24,0.0,4,1,1,6,At Risk
C103472,439,7,306751.18,0.0,4,4,5,13,Champions
C103474,50,3,18057.05,0.0,2,3,2,7,Needs Attention
C103475,82,5,63567.5,4091.27,2,4,3,9,Needs Attention
C103476,793,1,1725.08,0.0,5,1,1,7,Needs Attention
C103477,55,4,31262.46,14728.92,2,4,3,9,Needs Attention
C103478,188,2,4191.75,1505.96,3,2,1,6,At Risk
C103480,683,1,5024.23,4403.07,5,1,1,7,Needs Attention
C103481,8,5,153438.83,0.0,1,4,4,9,Needs Attention
C103482,14,7,214793.82,0.0,1,4,5,10,Loyal
C103485,1084,1,12839.74,0.0,5,1,2,8,Needs Attention
C103486,199,4,12255.79,2959.53,3,4,2,9,Needs Attention
C103487,331,1,2234.09,0.0,4,1,1,6,At Risk
C103488,24,1,12839.74,0.0,1,1,2,4,At Risk
C103489,417,1,23001.13,0.0,4,1,2,7,Needs Attention
C103490,77,2,7539.5,3011.19,2,2,1,5,At Risk
C103491,25,9,144830.31,2819.5,1,5,4,10,Loyal
C103494,928,2,65413.65,0.0,5,2,3,10,Loyal
C103496,1,10,217659.78,9007.68,1,5,5,11,Loyal
C103497,89,1,12839.74,12494.75,2,1,2,5,At Risk
C103498,643,1,28889.41,0.0,5,1,3,9,Needs Attention
C103499,79,4,158012.97999999998,0.0,2,4,5,11,Loyal
C103500,775,2,10913.779999999999,0.0,5,2,2,9,Needs Attention
C103501,77,2,81726.36,0.0,2,2,4,8,Needs Attention
C103502,98,8,115947.08,12329.029999999999,3,5,4,12,Loyal
C103503,21,19,488591.13,4822.26,1,5,5,11,Loyal
C103504,724,1,2907.33,0.0,5,1,1,7,Needs Attention
C103505,464,2,16431.58,0.0,4,2,2,8,Needs Attention
C103506,752,2,28764.059999999998,0.0,5,2,3,10,Loyal
C103507,512,8,150303.35,0.0,4,5,4,13,Champions
C103508,81,1,25341.24,0.0,2,1,2,5,At Risk
C103509,306,1,10913.78,0.0,4,1,2,7,Needs Attention
C103510,509,2,31858.16,0.0,4,2,3,9,Needs Attention
C103512,752,1,4133.33,0.0,5,1,1,7,Needs Attention
C103513,173,1,18681.82,0.0,3,1,2,6,At Risk
C103514,663,2,22379.559999999998,0.0,5,2,2,9,Needs Attention
C103515,69,2,17746.95,3515.38,2,2,2,6,At Risk
C103516,11,52,875777.28,3985.97,1,5,5,11,Loyal
C103517,985,1,1778.51,0.0,5,1,1,7,Needs Attention
C103518,488,2,7833.84,0.0,4,2,1,7,Needs Attention
C103519,234,5,76511.89,0.0,3,4,4,11,Loyal
C103520,149,16,371392.70999999996,57355.990000000005,3,5,5,13,Champions
C103521,27,12,329632.57,0.0,1,5,5,11,Loyal
C103522,73,6,103945.62999999999,0.0,2,4,4,10,Loyal
C103524,74,3,65383.36,4215.35,2,3,3,8,Needs Attention
C103525,471,1,4622.31,0.0,4,1,1,6,At Risk
C103526,2,6,65920.94,0.0,1,4,3,8,Needs Attention
C103527,88,2,30038.76,0.0,2,2,3,7,Needs Attention
C103528,26,1,4428.23,0.0,1,1,1,3,At Risk
C103529,477,1,3936.89,0.0,4,1,1,6,At Risk
C103531,208,1,11940.96,11294.64,3,1,2,6,At Risk
C103532,33,2,48510.14,0.0,1,2,3,6,At Risk
C103533,21,4,49496.719999999994,9915.0,1,4,3,8,Needs Attention
C103534,235,4,22362.34,0.0,3,4,2,9,Needs Attention
C103538,269,10,429906.21,4453.62,4,5,5,14,Champions
C103539,239,6,73715.52,5266.47,3,4,4,11,Loyal
C103540,881,1,1950.4,0.0,5,1,1,7,Needs Attention
C103542,31,27,530340.45,30924.36,1,5,5,11,Loyal
C103543,574,1,5200.09,0.0,5,1,1,7,Needs Attention
C103544,603,1,5777.88,0.0,5,1,1,7,Needs Attention
C103546,81,10,121051.53,30070.41,2,5,4,11,Loyal
C103547,398,1,10824.06,0.0,4,1,2,7,Needs Attention
C103549,577,2,10812.529999999999,0.0,5,2,2,9,Needs Attention
C103550,20,24,135217.83000000002,9049.22,1,5,4,10,Loyal
C103551,36,7,46302.020000000004,0.0,1,4,3,8,Needs Attention
C103553,133,5,117780.10999999999,0.0,3,4,4,11,Loyal
C103554,636,1,26898.36,0.0,5,1,2,8,Needs Attention
C103555,6,21,567934.83,122163.51,1,5,5,11,Loyal
C103556,65,11,323029.15,0.0,2,5,5,12,Loyal
C103560,623,1,6227.27,0.0,5,1,1,7,Needs Attention
C103561,513,2,23046.2,0.0,4,2,2,8,Needs Attention
C103562,126,2,36473.43,0.0,3,2,3,8,Needs Attention
C103563,567,1,12518.75,0.0,5,1,2,8,Needs Attention
C103565,447,2,83595.25,0.0,4,2,4,10,Loyal
C103566,60,13,274323.47,50600.78,2,5,5,12,Loyal
C103567,230,2,151939.28,0.0,3,2,4,9,Needs Attention
C103568,40,6,62340.8,0.0,2,4,3,9,Needs Attention
C103571,608,1,2016.93,0.0,5,1,1,7,Needs Attention
C103572,107,5,94400.56,0.0,3,4,4,11,Loyal
C103573,41,1,10817.42,0.0,2,1,2,5,At Risk
C103578,900,1,4797.84,3731.01,5,1,1,7,Needs Attention
C103580,742,1,69383.55,0.0,5,1,4,10,Loyal
C103581,117,6,100866.29999999999,2373.75,3,4,4,11,Loyal
C103586,200,1,1314.61,1068.93,3,1,1,5,At Risk
C103587,286,5,25313.49,0.0,4,4,2,10,Loyal
C103588,50,4,154282.31,0.0,2,4,4,10,Loyal
C103589,397,1,2148.18,0.0,4,1,1,6,At Risk
C103591,292,7,161134.94,0.0,4,4,5,13,Champions
C103592,1056,1,2282.44,0.0,5,1,1,7,Needs Attention
C103594,367,8,134898.37,0.0,4,5,4,13,Champions
C103598,244,1,11170.57,0.0,3,1,2,6,At Risk
C103599,286,4,83499.0,0.0,4,4,4,12,Loyal
C103601,37,5,155129.3,74317.0,2,4,4,10,Loyal
C103602,32,3,3685.96,2988.34,1,3,1,5,At Risk
C103603,48,18,352372.77,53748.93,2,5,5,12,Loyal
C103604,866,1,10553.46,0.0,5,1,2,8,Needs Attention
C103605,268,4,82561.75,0.0,4,4,4,12,Loyal
C103606,391,2,20291.65,0.0,4,2,2,8,Needs Attention
C103608,793,1,4930.02,4428.99,5,1,1,7,Needs Attention
C103609,258,3,14655.53,0.0,3,3,2,8,Needs Attention
C103610,298,2,9360.56,0.0,4,2,2,8,Needs Attention
C103612,1082,1,55079.92,0.0,5,1,3,9,Needs Attention
C103613,385,4,26426.19,0.0,4,4,2,10,Loyal
C103615,300,1,27011.51,0.0,4,1,2,7,Needs Attention
C103617,31,5,50557.95,0.0,1,4,3,8,Needs Attention
C103618,800,1,6098.88,0.0,5,1,1,7,Needs Attention
C103619,30,20,470931.43,5155.28,1,5,5,11,Loyal
C103620,0,4,75317.37,4941.6,1,4,4,9,Needs Attention
C103622,23,1,627.16,0.0,1,1,1,3,At Risk
C103624,196,1,5777.88,0.0,3,1,1,5,At Risk
C103625,277,10,149875.8,4954.32,4,5,4,13,Champions
C103627,51,5,108320.87,0.0,2,4,4,10,Loyal
C103628,917,1,302.36,0.0,5,1,1,7,Needs Attention
C103630,58,15,399461.83,0.0,2,5,5,12,Loyal
C103631,234,4,154777.86,0.0,3,4,4,11,Loyal
C103632,146,16,296730.3,1130.26,3,5,5,13,Champions
C103633,838,1,2038.92,0.0,5,1,1,7,Needs Attention
C103634,122,7,125591.12,10260.82,3,4,4,11,Loyal
C103636,62,1,4943.3,0.0,2,1,1,4,At Risk
C103637,362,2,4523.9400000000005,0.0,4,2,1,7,Needs Attention
C103638,249,3,19372.96,4846.82,3,3,2,8,Needs Attention
C103639,276,2,142328.35,0.0,4,2,4,10,Loyal
C103640,17,23,560113.15,157079.09000000003,1,5,5,11,Loyal
C103641,30,4,61505.88,7879.41,1,4,3,8,Needs Attention
C103642,48,3,27133.6,0.0,2,3,2,7,Needs Attention
C103643,428,1,6227.27,0.0,4,1,1,6,At Risk
C103645,707,3,16604.11,0.0,5,3,2,10,Loyal
C103646,614,2,72828.18000000001,2759.88,5,2,4,11,Loyal
C103647,330,4,49092.64,0.0,4,4,3,11,Loyal
C103648,21,11,504138.27,0.0,1,5,5,11,Loyal
C103649,11,12,473034.08999999997,0.0,1,5,5,11,Loyal
C103650,145,8,115515.47,6132.9,3,5,4,12,Loyal
C103651,43,14,189201.78,10844.2,2,5,5,12,Loyal
C103654,441,2,3493.85,0.0,4,2,1,7,Needs Attention
C103655,22,33,736385.92,8176.9400000000005,1,5,5,11,Loyal
C103656,470,1,557.65,0.0,4,1,1,6,At Risk
C103657,473,2,39841.44,0.0,4,2,3,9,Needs Attention
C103660,122,6,150401.75,0.0,3,4,4,11,Loyal
C103661,31,75,1802571.62,71439.06,1,5,5,11,Loyal
C103662,25,112,2542055.7,150591.18,1,5,5,11,Loyal
C103664,607,1,6900.97,5925.5,5,1,1,7,Needs Attention
C103665,416,1,5617.39,0.0,4,1,1,6,At Risk
C103666,583,1,69383.55,0.0,5,1,4,10,Loyal
C103668,209,7,108420.34,0.0,3,4,4,11,Loyal
C103669,337,3,35052.490000000005,0.0,4,3,3,10,Loyal
C103670,215,5,191687.21000000002,0.0,3,4,5,12,Loyal
C103672,717,2,5885.08,0.0,5,2,1,8,Needs Attention
C103673,1022,1,11243.72,0.0,5,1,2,8,Needs Attention
C103676,227,3,30082.489999999998,0.0,3,3,3,9,Needs Attention
C103678,231,2,8671.619999999999,0.0,3,2,2,7,Needs Attention
C103679,606,1,5166.62,4943.17,5,1,1,7,Needs Attention
C103680,88,6,63293.95,0.0,2,4,3,9,Needs Attention
C103682,163,1,5727.81,0.0,3,1,1,5,At Risk
C103683,206,5,42897.200000000004,0.0,3,4,3,10,Loyal
C103684,255,5,35938.75,9918.78,3,4,3,10,Loyal
C103685,129,2,12133.82,0.0,3,2,2,7,Needs Attention
C103688,543,4,46075.299999999996,0.0,5,4,3,12,Loyal
C103690,972,1,10528.59,0.0,5,1,2,8,Needs Attention
C103692,155,10,266735.82,702.98,3,5,5,13,Champions
C103693,23,2,70206.05,0.0,1,2,4,7,Needs Attention
C103694,29,19,739639.4099999999,4099.22,1,5,5,11,Loyal
C103695,20,5,83716.12,0.0,1,4,4,9,Needs Attention
C103696,27,7,147263.41999999998,0.0,1,4,4,9,Needs Attention
C103698,429,1,17080.33,0.0,4,1,2,7,Needs Attention
C103699,277,1,746.9,0.0,4,1,1,6,At Risk
C103700,626,3,13019.199999999999,0.0,5,3,2,10,Loyal
C103701,44,2,9161.43,0.0,2,2,2,6,At Risk
C103702,34,7,322336.35000000003,0.0,1,4,5,10,Loyal
C103703,149,4,75772.85,0.0,3,4,4,11,Loyal
C103704,53,10,282352.66,44556.909999999996,2,5,5,12,Loyal
C103705,491,2,4067.46,204.55,4,2,1,7,Needs Attention
C103706,554,2,11916.27,0.0,5,2,2,9,Needs Attention
C103708,0,9,53529.1,2153.12,1,5,3,9,Needs Attention
C103709,21,6,47814.91,19472.41,1,4,3,8,Needs Attention
C103710,30,16,244490.13,77624.63,1,5,5,11,Loyal
C103711,34,1,2228.73,0.0,1,1,1,3,At Risk
C103712,560,3,8418.76,0.0,5,3,2,10,Loyal
C103713,1091,1,7542.94,0.0,5,1,1,7,Needs Attention
C103714,692,1,7703.84,0.0,5,1,1,7,Needs Attention
C103715,59,1,4979.07,0.0,2,1,1,4,At Risk
C103716,767,1,533.89,0.0,5,1,1,7,Needs Attention
C103718,298,4,191554.77,0.0,4,4,5,13,Champions
C103720,132,2,39396.810000000005,0.0,3,2,3,8,Needs Attention
C103721,4,4,133724.22,0.0,1,4,4,9,Needs Attention
C103722,85,6,150376.08,41590.27,2,4,4,10,Loyal
C103723,10,7,122466.51,0.0,1,4,4,9,Needs Attention
C103725,519,2,7537.77,0.0,4,2,1,7,Needs Attention
C103727,106,7,58327.719999999994,2635.16,3,4,3,10,Loyal
C103728,15,32,725887.85,47183.94,1,5,5,11,Loyal
C103729,1071,1,5135.9,0.0,5,1,1,7,Needs Attention
C103731,281,2,35652.229999999996,0.0,4,2,3,9,Needs Attention
C103732,502,1,559.62,0.0,4,1,1,6,At Risk
C103733,50,2,24305.52,0.0,2,2,2,6,At Risk
C103734,137,2,37057.01,0.0,3,2,3,8,Needs Attention
C103735,487,1,9344.57,0.0,4,1,2,7,Needs Attention
C103736,597,1,8723.42,0.0,5,1,2,8,Needs Attention
C103737,51,1,81206.84,0.0,2,1,4,7,Needs Attention
C103738,799,1,12518.75,9916.74,5,1,2,8,Needs Attention
C103739,19,26,680418.93,134379.02000000002,1,5,5,11,Loyal
C103740,692,2,87411.22,0.0,5,2,4,11,Loyal
C103742,217,1,922.68,0.0,3,1,1,5,At Risk
C103743,5,51,1280926.24,268366.46,1,5,5,11,Loyal
C103744,54,5,125647.0,45426.63,2,4,4,10,Loyal
C103745,201,7,100545.70999999999,0.0,3,4,4,11,Loyal
C103747,1005,1,13565.33,0.0,5,1,2,8,Needs Attention
C103748,76,3,78234.01,0.0,2,3,4,9,Needs Attention
C103749,945,1,28065.15,27024.59,5,1,3,9,Needs Attention
C103750,350,2,47284.34,0.0,4,2,3,9,Needs Attention
C103751,34,33,603857.21,31813.120000000003,1,5,5,11,Loyal
C103752,201,2,14402.029999999999,0.0,3,2,2,7,Needs Attention
C103753,404,1,31428.78,0.0,4,1,3,8,Needs Attention
C103755,150,6,60022.39,30838.24,3,4,3,10,Loyal
C103756,18,12,173987.13,0.0,1,5,5,11,Loyal
C103757,2,1,5084.23,0.0,1,1,1,3,At Risk
C103758,39,4,94046.58,9323.38,2,4,4,10,Loyal
C103759,48,31,841058.98,8271.29,2,5,5,12,Loyal
C103760,51,2,66741.26,0.0,2,2,3,7,Needs Attention
C103762,177,6,52356.39,0.0,3,4,3,10,Loyal
C103764,35,2,9753.72,4026.96,1,2,2,5,At Risk
C103765,367,2,3526.28,0.0,4,2,1,7,Needs Attention
C103767,810,1,37626.01,0.0,5,1,3,9,Needs Attention
C103768,337,3,24086.809999999998,0.0,4,3,2,9,Needs Attention
C103770,62,2,247817.91999999998,187698.18,2,2,5,9,Needs Attention
C103771,115,17,351257.18,5748.8,3,5,5,13,Champions
C103772,107,7,56319.18,13277.75,3,4,3,10,Loyal
C103773,362,4,142672.58000000002,0.0,4,4,4,12,Loyal
C103774,32,8,134218.02,0.0,1,5,4,10,Loyal
C103775,650,1,108465.83,0.0,5,1,4,10,Loyal
C103776,134,2,68346.58,0.0,3,2,4,9,Needs Attention
C103777,385,2,66852.52,0.0,4,2,3,9,Needs Attention
C103778,21,4,26701.03,0.0,1,4,2,7,Needs Attention
C103780,375,1,50568.08,0.0,4,1,3,8,Needs Attention
C103781,768,1,4059.02,0.0,5,1,1,7,Needs Attention
C103782,606,1,5306.96,0.0,5,1,1,7,Needs Attention
C103783,59,8,105942.63,0.0,2,5,4,11,Loyal
C103784,346,3,37847.61,0.0,4,3,3,10,Loyal
C103785,692,2,96460.75,0.0,5,2,4,11,Loyal
C103786,802,1,12884.68,0.0,5,1,2,8,Needs Attention
C103787,510,1,7447.05,0.0,4,1,1,6,At Risk
C103788,70,5,210789.49,0.0,2,4,5,11,Loyal
C103791,525,1,25951.88,0.0,4,1,2,7,Needs Attention
C103793,22,24,350926.43,0.0,1,5,5,11,Loyal
C103794,217,4,82959.43000000001,0.0,3,4,4,11,Loyal
C103795,151,1,5938.38,5675.1,3,1,1,5,At Risk
C103796,843,1,11812.56,0.0,5,1,2,8,Needs Attention
C103797,406,1,10015.0,0.0,4,1,2,7,Needs Attention
C103798,54,12,222352.28,1556.62,2,5,5,12,Loyal
C103799,720,1,44927.01,0.0,5,1,3,9,Needs Attention
C103800,30,7,93989.83,0.0,1,4,4,9,Needs Attention
C103801,216,3,55977.7,0.0,3,3,3,9,Needs Attention
C103803,63,12,155518.59,0.0,2,5,4,11,Loyal
C103805,63,3,48302.6,0.0,2,3,3,8,Needs Attention
C103808,347,6,83509.72,0.0,4,4,4,12,Loyal
C103809,200,7,114689.20999999999,0.0,3,4,4,11,Loyal
C103810,371,1,6959.94,0.0,4,1,1,6,At Risk
C103811,996,1,6419.87,6064.67,5,1,1,7,Needs Attention
C103812,69,10,160239.51,0.0,2,5,5,12,Loyal
C103814,623,1,2148.18,0.0,5,1,1,7,Needs Attention
C103816,44,20,327223.11,0.0,2,5,5,12,Loyal
C103817,35,9,296338.37,0.0,1,5,5,11,Loyal
C103818,48,4,26292.79,2064.61,2,4,2,8,Needs Attention
C103822,439,2,2368.39,0.0,4,2,1,7,Needs Attention
C103823,11,26,596714.27,121342.61,1,5,5,11,Loyal
C103824,67,5,33934.369999999995,0.0,2,4,3,9,Needs Attention
C103826,97,4,67619.67,51660.72,3,4,3,10,Loyal
C103828,318,2,12197.75,0.0,4,2,2,8,Needs Attention
C103830,106,3,180157.34999999998,1115.03,3,3,5,11,Loyal
C103831,678,3,26591.36,0.0,5,3,2,10,Loyal
C103832,278,4,45699.48,4376.83,4,4,3,11,Loyal
C103833,222,1,5906.28,0.0,3,1,1,5,At Risk
C103834,56,2,8449.86,0.0,2,2,2,6,At Risk
C103835,289,3,5049.85,0.0,4,3,1,8,Needs Attention
C103836,247,2,10143.400000000001,0.0,3,2,2,7,Needs Attention
C103837,941,1,5585.29,0.0,5,1,1,7,Needs Attention
C103839,6,3,58399.369999999995,0.0,1,3,3,7,Needs Attention
C103840,598,1,44002.21,0.0,5,1,3,9,Needs Attention
C103841,402,7,159843.44,0.0,4,4,5,13,Champions
C103842,96,4,110071.62000000001,0.0,3,4,4,11,Loyal
C103843,229,2,9483.68,0.0,3,2,2,7,Needs Attention
C103844,228,4,80838.09,0.0,3,4,4,11,Loyal
C103846,470,3,20013.59,0.0,4,3,2,9,Needs Attention
C103847,112,5,157276.45,0.0,3,4,5,12,Loyal
C103848,194,3,76672.61,0.0,3,3,4,10,Loyal
C103850,146,1,2104.37,0.0,3,1,1,5,At Risk
C103853,1036,1,12839.74,0.0,5,1,2,8,Needs Attention
C103854,8,3,90361.44,0.0,1,3,4,8,Needs Attention
C103856,384,2,171377.16,93342.03,4,2,5,11,Loyal
C103857,11,7,60985.95,1473.29,1,4,3,8,Needs Attention
C103858,136,2,26994.37,0.0,3,2,2,7,Needs Attention
C103859,13,36,659054.19,2775.29,1,5,5,11,Loyal
C103861,44,1,12414.1,0.0,2,1,2,5,At Risk
C103864,81,2,48070.3,0.0,2,2,3,7,Needs Attention
C103865,230,2,224789.59,0.0,3,2,5,10,Loyal
C103866,405,1,30656.95,0.0,4,1,3,8,Needs Attention
C103867,78,6,85733.29000000001,0.0,2,4,4,10,Loyal
C103869,840,1,34268.51,0.0,5,1,3,9,Needs Attention
C103871,76,1,13796.28,0.0,2,1,2,5,At Risk
C103872,97,5,153462.74,0.0,3,4,4,11,Loyal
C103873,83,1,739.21,0.0,2,1,1,4,At Risk
C103874,767,1,4814.9,0.0,5,1,1,7,Needs Attention
C103875,385,4,123796.34,0.0,4,4,4,12,Loyal
C103876,43,6,141590.97,2063.26,2,4,4,10,Loyal
C103878,6,4,16988.82,3992.25,1,4,2,7,Needs Attention
C103880,758,1,6419.87,5659.27,5,1,1,7,Needs Attention
C103881,30,3,77118.31999999999,0.0,1,3,4,8,Needs Attention
C103883,1,5,38722.25,0.0,1,4,3,8,Needs Attention
C103884,71,1,4044.52,0.0,2,1,1,4,At Risk
C103885,316,3,80042.44,0.0,4,3,4,11,Loyal
C103886,10,24,481708.81,66314.37,1,5,5,11,Loyal
C103888,387,3,70050.23,0.0,4,3,4,11,Loyal
C103889,255,3,78905.88,62105.91,3,3,4,10,Loyal
C103890,101,1,116639.82,0.0,3,1,4,8,Needs Attention
C103891,1011,1,5135.9,0.0,5,1,1,7,Needs Attention
C103892,113,3,11433.42,0.0,3,3,2,8,Needs Attention
C103893,427,3,22877.3,0.0,4,3,2,9,Needs Attention
C103894,365,1,12839.74,0.0,4,1,2,7,Needs Attention
C103897,235,1,12810.27,0.0,3,1,2,6,At Risk
C103899,31,2,71746.64,0.0,1,2,4,7,Needs Attention
C103901,39,4,52291.83,7831.2,2,4,3,9,Needs Attention
C103902,185,2,8981.32,0.0,3,2,2,7,Needs Attention
C103903,87,1,5135.9,0.0,2,1,1,4,At Risk
C103904,33,11,283944.06,21218.12,1,5,5,11,Loyal
C103905,18,3,52098.79,0.0,1,3,3,7,Needs Attention
C103906,378,1,10248.22,0.0,4,1,2,7,Needs Attention
C103909,949,1,14778.2,0.0,5,1,2,8,Needs Attention
C103910,736,1,42524.24,0.0,5,1,3,9,Needs Attention
C103911,86,1,21907.06,20982.34,2,1,2,5,At Risk
C103913,325,2,24543.629999999997,0.0,4,2,2,8,Needs Attention
C103916,49,4,22831.5,0.0,2,4,2,8,Needs Attention
C103918,412,2,44939.09,0.0,4,2,3,9,Needs Attention
C103920,21,2,68651.61,0.0,1,2,4,7,Needs Attention
C103921,704,1,67740.63,0.0,5,1,3,9,Needs Attention
C103922,80,10,303584.3,0.0,2,5,5,12,Loyal
C103923,785,1,7750.37,0.0,5,1,1,7,Needs Attention
C103926,295,4,106480.25,0.0,4,4,4,12,Loyal
C103927,1090,1,1708.56,0.0,5,1,1,7,Needs Attention
C103930,29,16,404941.89,91057.84,1,5,5,11,Loyal
C103931,188,4,41003.619999999995,0.0,3,4,3,10,Loyal
C103932,206,4,17536.53,0.0,3,4,2,9,Needs Attention
C103933,457,2,31778.36,0.0,4,2,3,9,Needs Attention
C103934,387,2,32041.149999999998,0.0,4,2,3,9,Needs Attention
C103936,382,1,4622.31,0.0,4,1,1,6,At Risk
C103937,126,2,10446.06,0.0,3,2,2,7,Needs Attention
C103938,40,4,83686.78,0.0,2,4,4,10,Loyal
C103939,77,3,30871.4,0.0,2,3,3,8,Needs Attention
C103941,259,2,118793.45999999999,0.0,3,2,4,9,Needs Attention
C103942,120,2,10335.990000000002,0.0,3,2,2,7,Needs Attention
C103945,333,9,102442.34,10537.05,4,5,4,13,Champions
C103946,72,3,17508.83,0.0,2,3,2,7,Needs Attention
C103948,393,1,7214.57,0.0,4,1,1,6,At Risk
C103950,186,6,336346.72,0.0,3,4,5,12,Loyal
C103951,4,5,60393.76,47953.56,1,4,3,8,Needs Attention
C103952,43,4,25035.79,0.0,2,4,2,8,Needs Attention
C103953,598,1,3737.78,0.0,5,1,1,7,Needs Attention
C103954,34,10,295403.59,19933.9,1,5,5,11,Loyal
C103955,392,2,4540.2,0.0,4,2,1,7,Needs Attention
C103956,323,2,83844.22,0.0,4,2,4,10,Loyal
C103957,282,2,12609.98,0.0,4,2,2,8,Needs Attention
C103958,254,2,65353.01,0.0,3,2,3,8,Needs Attention
C103959,5,2,12834.400000000001,0.0,1,2,2,5,At Risk
C103961,97,5,143004.27000000002,0.0,3,4,4,11,Loyal
C103962,68,6,236080.56,0.0,2,4,5,11,Loyal
C103963,24,1,154608.03,0.0,1,1,4,6,At Risk
C103964,21,10,381607.22,0.0,1,5,5,11,Loyal
C103965,57,5,50462.19,0.0,2,4,3,9,Needs Attention
C103968,40,5,28825.100000000002,1792.86,2,4,3,9,Needs Attention
C103969,714,1,5723.27,0.0,5,1,1,7,Needs Attention
C103970,109,5,188446.52000000002,0.0,3,4,5,12,Loyal
C103972,66,17,490609.87,49139.74,2,5,5,12,Loyal
C103973,898,1,99080.55,0.0,5,1,4,10,Loyal
C103977,1088,1,11718.88,0.0,5,1,2,8,Needs Attention
C103978,286,2,33019.020000000004,0.0,4,2,3,9,Needs Attention
C103979,84,7,98432.34000000001,0.0,2,4,4,10,Loyal
C103980,590,1,5456.89,0.0,5,1,1,7,Needs Attention
C103982,4,3,12678.51,0.0,1,3,2,6,At Risk
C103983,501,2,29421.87,0.0,4,2,3,9,Needs Attention
C103984,478,2,111058.31999999999,0.0,4,2,4,10,Loyal
C103986,338,12,197976.62,0.0,4,5,5,14,Champions
C103988,409,1,321.18,0.0,4,1,1,6,At Risk
C103991,8,5,234168.77,0.0,1,4,5,10,Loyal
C103992,60,3,67721.73999999999,27160.39,2,3,3,8,Needs Attention
C103993,411,4,15539.79,0.0,4,4,2,10,Loyal
C103994,336,2,9864.5,0.0,4,2,2,8,Needs Attention
C103995,643,2,234774.39,0.0,5,2,5,12,Loyal
C103997,10,12,161826.38,3237.86,1,5,5,11,Loyal
C103998,6,86,2285037.67,287133.49,1,5,5,11,Loyal
C103999,87,2,12850.67,0.0,2,2,2,6,At Risk
C104000,867,1,6098.88,5763.15,5,1,1,7,Needs Attention
C104001,66,5,86773.81,62801.2,2,4,4,10,Loyal
C104003,549,2,39721.88,4032.46,5,2,3,10,Loyal
C104004,647,1,10015.0,0.0,5,1,2,8,Needs Attention
C104005,361,1,1067.8,0.0,4,1,1,6,At Risk
C104007,247,1,12876.36,0.0,3,1,2,6,At Risk
C104008,196,3,10845.66,3005.59,3,3,2,8,Needs Attention
C104009,147,1,5328.49,0.0,3,1,1,5,At Risk
C104010,381,1,34700.98,0.0,4,1,3,8,Needs Attention
C104011,216,4,19945.61,0.0,3,4,2,9,Needs Attention
C104012,19,11,225801.16,0.0,1,5,5,11,Loyal
C104013,201,3,17076.86,0.0,3,3,2,8,Needs Attention
C104014,35,1,73500.58,0.0,1,1,4,6,At Risk
C104015,132,1,1529.94,0.0,3,1,1,5,At Risk
C104016,286,1,5649.49,0.0,4,1,1,6,At Risk
C104018,245,1,34821.79,0.0,3,1,3,7,Needs Attention
C104019,12,5,118313.42000000001,343.91,1,4,4,9,Needs Attention
C104021,174,1,9327.97,0.0,3,1,2,6,At Risk
C104023,8,7,178444.46000000002,12855.33,1,4,5,10,Loyal
C104024,105,3,18888.51,0.0,3,3,2,8,Needs Attention
C104025,512,3,13602.349999999999,3432.49,4,3,2,9,Needs Attention
C104026,129,5,35589.81,0.0,3,4,3,10,Loyal
C104027,40,10,228418.16,0.0,2,5,5,12,Loyal
C104028,170,3,37534.880000000005,0.0,3,3,3,9,Needs Attention
C104029,31,4,155557.62,0.0,1,4,4,9,Needs Attention
C104032,394,2,12326.15,0.0,4,2,2,8,Needs Attention
C104033,19,43,982938.39,191745.46000000002,1,5,5,11,Loyal
C104034,67,1,13263.02,0.0,2,1,2,5,At Risk
C104035,22,17,346949.0,67800.97,1,5,5,11,Loyal
C104037,668,2,15900.59,0.0,5,2,2,9,Needs Attention
C104038,126,2,150821.66,0.0,3,2,4,9,Needs Attention
C104039,318,6,109517.65,4608.6,4,4,4,12,Loyal
C104040,82,6,117716.16,0.0,2,4,4,10,Loyal
C104041,169,24,506889.53,80152.95999999999,3,5,5,13,Champions
C104042,2,47,566177.8,48717.03,1,5,5,11,Loyal
C104043,40,20,285028.18,2775.46,2,5,5,12,Loyal
C104045,31,11,380428.67000000004,6319.86,1,5,5,11,Loyal
C104047,19,18,320428.17,124474.56,1,5,5,11,Loyal
C104048,929,1,5895.06,0.0,5,1,1,7,Needs Attention
C104049,155,3,200703.38,0.0,3,3,5,11,Loyal
C104050,125,1,5694.29,0.0,3,1,1,5,At Risk
C104051,46,4,260034.11,2829.38,2,4,5,11,Loyal
C104053,42,12,178760.61,8751.89,2,5,5,12,Loyal
C104055,10,2,7626.07,394.42,1,2,1,4,At Risk
C104057,818,1,117952.04,0.0,5,1,4,10,Loyal
C104058,540,2,18104.03,0.0,5,2,2,9,Needs Attention
C104059,965,1,44265.89,0.0,5,1,3,9,Needs Attention
C104060,454,1,5328.49,4736.58,4,1,1,6,At Risk
C104061,28,7,93870.66,4527.65,1,4,4,9,Needs Attention
C104063,384,5,216429.72999999998,55152.62,4,4,5,13,Champions
C104064,145,1,3936.72,0.0,3,1,1,5,At Risk
C104065,42,3,78803.51000000001,0.0,2,3,4,9,Needs Attention
C104066,53,9,218727.77,34675.78,2,5,5,12,Loyal
C104067,431,3,63895.65,36609.55,4,3,3,10,Loyal
C104069,287,1,4686.51,0.0,4,1,1,6,At Risk
C104070,69,6,146024.94,50316.880000000005,2,4,4,10,Loyal
C104071,442,1,6098.88,5322.73,4,1,1,6,At Risk
C104072,287,3,14115.0,0.0,4,3,2,9,Needs Attention
C104073,427,2,70467.65000000001,0.0,4,2,4,10,Loyal
C104074,24,2,7183.700000000001,0.0,1,2,1,4,At Risk
C104077,625,1,33192.5,0.0,5,1,3,9,Needs Attention
C104080,160,6,220738.02,0.0,3,4,5,12,Loyal
C104081,58,7,171360.15,10896.150000000001,2,4,5,11,Loyal
C104082,74,4,75201.1,0.0,2,4,4,10,Loyal
C104083,536,1,42715.05,0.0,5,1,3,9,Needs Attention
C104087,323,4,131140.31,0.0,4,4,4,12,Loyal
C104088,6,2,59649.340000000004,0.0,1,2,3,6,At Risk
C104089,7,4,50291.22,0.0,1,4,3,8,Needs Attention
C104090,241,1,6419.87,4863.59,3,1,1,5,At Risk
C104091,474,4,57138.06,0.0,4,4,3,11,Loyal
C104092,74,7,122065.61,0.0,2,4,4,10,Loyal
C104094,7,2,57962.93,0.0,1,2,3,6,At Risk
C104096,208,1,135991.76,0.0,3,1,4,8,Needs Attention
C104097,965,1,343.79,0.0,5,1,1,7,Needs Attention
C104098,860,1,643.24,0.0,5,1,1,7,Needs Attention
C104099,553,1,22469.54,0.0,5,1,2,8,Needs Attention
C104101,43,4,93252.42000000001,0.0,2,4,4,10,Loyal
C104102,6,3,33750.96,0.0,1,3,3,7,Needs Attention
C104103,383,2,53352.87,0.0,4,2,3,9,Needs Attention
C104104,28,3,56918.08,0.0,1,3,3,7,Needs Attention
C104106,452,2,136714.0,0.0,4,2,4,10,Loyal
C104108,198,5,115037.35,0.0,3,4,4,11,Loyal
C104111,468,1,10504.42,0.0,4,1,2,7,Needs Attention
C104112,1035,1,739.21,0.0,5,1,1,7,Needs Attention
C104114,474,1,5264.29,0.0,4,1,1,6,At Risk
C104115,123,3,45143.509999999995,0.0,3,3,3,9,Needs Attention
C104116,51,1,5456.89,0.0,2,1,1,4,At Risk
C104117,139,2,22918.940000000002,0.0,3,2,2,7,Needs Attention
C104118,406,6,57576.799999999996,481.23,4,4,3,11,Loyal
C104120,72,3,12871.36,0.0,2,3,2,7,Needs Attention
C104122,12,2,34496.88,27021.2,1,2,3,6,At Risk
C104123,202,8,113919.16,5204.29,3,5,4,12,Loyal
C104124,37,14,298792.42,34349.91,2,5,5,12,Loyal
C104125,804,1,8669.79,0.0,5,1,2,8,Needs Attention
C104126,5,2,60488.97,0.0,1,2,3,6,At Risk
C104127,383,2,8833.119999999999,4012.46,4,2,2,8,Needs Attention
C104128,101,2,12518.75,0.0,3,2,2,7,Needs Attention
C104129,268,2,11492.970000000001,0.0,4,2,2,8,Needs Attention
C104130,574,1,533.89,0.0,5,1,1,7,Needs Attention
C104131,411,3,122533.09,0.0,4,3,4,11,Loyal
C104133,418,4,30669.38,0.0,4,4,3,11,Loyal
C104134,44,3,70653.69,51040.6,2,3,4,9,Needs Attention
C104135,877,1,17252.08,0.0,5,1,2,8,Needs Attention
C104136,376,1,127665.73,0.0,4,1,4,9,Needs Attention
C104137,20,31,752953.39,131705.32,1,5,5,11,Loyal
C104138,257,3,28517.510000000002,0.0,3,3,3,9,Needs Attention
C104139,191,5,147802.83000000002,0.0,3,4,4,11,Loyal
C104140,191,1,21827.56,0.0,3,1,2,6,At Risk
C104141,82,2,10651.48,4895.91,2,2,2,6,At Risk
C104142,48,3,47626.759999999995,0.0,2,3,3,8,Needs Attention
C104143,112,5,22171.94,11813.38,3,4,2,9,Needs Attention
C104144,60,13,270494.03,0.0,2,5,5,12,Loyal
C104145,749,1,62445.19,0.0,5,1,3,9,Needs Attention
C104147,685,2,74379.0,0.0,5,2,4,11,Loyal
C104148,174,1,9863.91,0.0,3,1,2,6,At Risk
C104149,33,13,182684.68,10392.23,1,5,5,11,Loyal
C104150,51,5,27461.54,0.0,2,4,2,8,Needs Attention
C104151,3,13,150514.36,57304.72,1,5,4,10,Loyal
C104152,39,8,114886.64,0.0,2,5,4,11,Loyal
C104154,660,1,9580.3,0.0,5,1,2,8,Needs Attention
C104155,505,4,158045.52000000002,0.0,4,4,5,13,Champions
C104156,78,1,6823.9,0.0,2,1,1,4,At Risk
C104157,54,2,4616.9400000000005,0.0,2,2,1,5,At Risk
C104158,192,1,122119.18,0.0,3,1,4,8,Needs Attention
C104160,35,10,234523.59999999998,21054.42,1,5,5,11,Loyal
C104161,68,11,130038.63,5674.740000000001,2,5,4,11,Loyal
C104162,198,3,17371.52,0.0,3,3,2,8,Needs Attention
C104165,74,14,309206.61,102273.54,2,5,5,12,Loyal
C104166,124,1,3351.76,0.0,3,1,1,5,At Risk
C104169,206,1,11940.96,0.0,3,1,2,6,At Risk
C104171,188,7,50990.89,0.0,3,4,3,10,Loyal
C104172,344,6,78293.01000000001,0.0,4,4,4,12,Loyal
C104173,68,1,23111.53,18421.37,2,1,2,5,At Risk
C104174,417,2,92998.16,0.0,4,2,4,10,Loyal
C104175,500,3,14248.55,4399.21,4,3,2,9,Needs Attention
C104178,48,5,133118.19999999998,69037.17,2,4,4,10,Loyal
C104182,284,3,24586.84,0.0,4,3,2,9,Needs Attention
C104184,73,21,231152.97,1426.65,2,5,5,12,Loyal
C104185,29,20,299771.83,5006.02,1,5,5,11,Loyal
C104191,48,1,12839.74,0.0,2,1,2,5,At Risk
C104192,70,12,213512.49,24696.4,2,5,5,12,Loyal
C104193,64,5,20446.39,0.0,2,4,2,8,Needs Attention
C104194,4,4,51479.439999999995,0.0,1,4,3,8,Needs Attention
C104195,232,4,56065.380000000005,0.0,3,4,3,10,Loyal
C104196,569,1,48568.49,0.0,5,1,3,9,Needs Attention
C104197,784,1,521.02,0.0,5,1,1,7,Needs Attention
C104198,8,6,32997.56,0.0,1,4,3,8,Needs Attention
C104199,30,6,132090.95,4073.8,1,4,4,9,Needs Attention
C104200,765,2,10271.79,0.0,5,2,2,9,Needs Attention
C104201,383,1,52037.66,0.0,4,1,3,8,Needs Attention
C104202,358,7,94947.20000000001,6747.87,4,5,4,13,Champions
C104203,826,1,120727.38,0.0,5,1,4,10,Loyal
C104204,117,4,106582.91,56911.96,3,4,4,11,Loyal
C104206,73,2,89509.08,0.0,2,2,4,8,Needs Attention
C104207,81,1,651.05,0.0,2,1,1,4,At Risk
C104208,0,14,207825.09,1666.71,1,5,5,11,Loyal
C104209,636,2,56285.729999999996,0.0,5,2,3,10,Loyal
C104210,738,1,15749.01,0.0,5,1,2,8,Needs Attention
C104211,241,2,9954.14,0.0,3,2,2,7,Needs Attention
C104212,416,1,9144.26,0.0,4,1,2,7,Needs Attention
C104213,69,6,189321.57,0.0,2,4,5,11,Loyal
C104215,668,2,12966.2,0.0,5,2,2,9,Needs Attention
C104216,25,9,126012.86,0.0,1,5,4,10,Loyal
C104217,111,1,2604.66,0.0,3,1,1,5,At Risk
C104218,22,8,107257.75,33037.84,1,5,4,10,Loyal
C104219,85,3,15876.230000000001,0.0,2,3,2,7,Needs Attention
C104220,739,1,6200.4,0.0,5,1,1,7,Needs Attention
C104221,4,8,207502.38999999998,0.0,1,5,5,11,Loyal
C104222,221,1,659.39,0.0,3,1,1,5,At Risk
C104225,31,4,163549.01,0.0,1,4,5,10,Loyal
C104227,180,4,42634.240000000005,5333.86,3,4,3,10,Loyal
C104228,42,20,418914.02999999997,76766.29000000001,2,5,5,12,Loyal
C104230,158,1,4327.04,0.0,3,1,1,5,At Risk
C104231,34,10,68681.57,26869.63,1,5,4,10,Loyal
C104232,31,1,6419.87,5631.06,1,1,1,3,At Risk
C104233,49,2,39518.439999999995,0.0,2,2,3,7,Needs Attention
C104234,31,4,30460.54,0.0,1,4,3,8,Needs Attention
C104235,48,1,5363.58,0.0,2,1,1,4,At Risk
C104237,450,5,226133.94,0.0,4,4,5,13,Champions
C104238,5,27,611954.51,90630.34,1,5,5,11,Loyal
C104240,25,9,153384.43,19122.59,1,5,4,10,Loyal
C104241,421,4,36168.54,0.0,4,4,3,11,Loyal
C104243,929,2,11181.82,0.0,5,2,2,9,Needs Attention
C104244,319,1,5328.49,0.0,4,1,1,6,At Risk
C104245,195,3,62774.26,0.0,3,3,3,9,Needs Attention
C104246,59,4,81171.02,0.0,2,4,4,10,Loyal
C104247,19,1,17245.35,17083.93,1,1,2,4,At Risk
C104248,69,2,81983.86,0.0,2,2,4,8,Needs Attention
C104250,280,1,6098.88,0.0,4,1,1,6,At Risk
C104251,939,3,72521.82,0.0,5,3,4,12,Loyal
C104252,15,55,1285223.35,7719.76,1,5,5,11,Loyal
C104255,705,1,4814.9,0.0,5,1,1,7,Needs Attention
C104257,50,1,13840.01,0.0,2,1,2,5,At Risk
C104259,73,4,17319.46,8191.11,2,4,2,8,Needs Attention
C104260,20,4,169923.94999999998,0.0,1,4,5,10,Loyal
C104261,8,3,59040.33,0.0,1,3,3,7,Needs Attention
C104262,221,1,86318.49,0.0,3,1,4,8,Needs Attention
C104264,58,6,215762.57,0.0,2,4,5,11,Loyal
C104266,48,3,117387.12999999999,0.0,2,3,4,9,Needs Attention
C104267,519,3,31600.550000000003,0.0,4,3,3,10,Loyal
C104268,7,4,29287.4,0.0,1,4,3,8,Needs Attention
C104269,396,1,5777.88,0.0,4,1,1,6,At Risk
C104270,29,4,13784.619999999999,5667.33,1,4,2,7,Needs Attention
C104271,779,2,6818.9800000000005,0.0,5,2,1,8,Needs Attention
C104272,84,6,344271.0,0.0,2,4,5,11,Loyal
C104273,127,4,111832.62,0.0,3,4,4,11,Loyal
C104275,803,1,5617.39,0.0,5,1,1,7,Needs Attention
C104276,366,1,5412.03,0.0,4,1,1,6,At Risk
C104278,484,1,5328.49,0.0,4,1,1,6,At Risk
C104279,754,1,797.62,744.95,5,1,1,7,Needs Attention
C104280,306,2,7296.55,0.0,4,2,1,7,Needs Attention
C104281,71,4,11944.96,1062.03,2,4,2,8,Needs Attention
C104282,219,5,127169.16,0.0,3,4,4,11,Loyal
C104283,267,2,37353.69,0.0,4,2,3,9,Needs Attention
C104287,35,2,79439.1,0.0,1,2,4,7,Needs Attention
C104289,4,5,187269.07,50944.11,1,4,5,10,Loyal
C104293,17,8,262991.0,8184.62,1,5,5,11,Loyal
C104294,367,1,7417.71,0.0,4,1,1,6,At Risk
C104295,249,1,99960.97,0.0,3,1,4,8,Needs Attention
C104296,361,5,78979.45999999999,33953.82,4,4,4,12,Loyal
C104298,220,3,75975.17,4462.73,3,3,4,10,Loyal
C104300,36,4,126607.22,49873.75,1,4,4,9,Needs Attention
C104301,12,7,89772.88,0.0,1,5,4,10,Loyal
C104302,394,5,81367.38,0.0,4,4,4,12,Loyal
C104303,404,2,52601.49,42948.31,4,2,3,9,Needs Attention
C104304,759,1,1453.66,0.0,5,1,1,7,Needs Attention
C104306,1029,1,32730.83,0.0,5,1,3,9,Needs Attention
C104307,436,1,60363.69,0.0,4,1,3,8,Needs Attention
C104309,5,229,4640348.03,368401.58999999997,1,5,5,11,Loyal
C104310,225,5,246888.35,0.0,3,4,5,12,Loyal
C104311,204,7,14829.79,7475.25,3,5,2,10,Loyal
C104312,11,8,220107.93,0.0,1,5,5,11,Loyal
C104313,756,1,5938.38,0.0,5,1,1,7,Needs Attention
C104314,439,1,2632.09,0.0,4,1,1,6,At Risk
C104315,78,3,23817.72,0.0,2,3,2,7,Needs Attention
C104316,71,7,88350.31,14040.29,2,5,4,11,Loyal
C104317,490,2,55222.9,0.0,4,2,3,9,Needs Attention
C104318,194,1,86761.14,0.0,3,1,4,8,Needs Attention
C104319,335,1,81135.19,0.0,4,1,4,9,Needs Attention
C104320,378,1,45160.85,0.0,4,1,3,8,Needs Attention
C104323,10,3,48963.2,0.0,1,3,3,7,Needs Attention
C104324,24,4,41574.96,0.0,1,4,3,8,Needs Attention
C104325,810,1,10506.74,0.0,5,1,2,8,Needs Attention
C104326,29,9,381668.62,3130.9,1,5,5,11,Loyal
C104327,236,5,94305.89,0.0,3,4,4,11,Loyal
C104328,54,5,88195.49,39289.55,2,4,4,10,Loyal
C104329,433,1,2550.96,0.0,4,1,1,6,At Risk
C104330,68,3,184470.78999999998,0.0,2,3,5,10,Loyal
C104332,226,4,57659.29,0.0,3,4,3,10,Loyal
C104333,243,1,35244.43,0.0,3,1,3,7,Needs Attention
C104334,11,11,158817.18,29699.36,1,5,5,11,Loyal
C104335,137,2,8550.88,0.0,3,2,2,7,Needs Attention
C104336,60,9,299727.02,0.0,2,5,5,12,Loyal
C104338,510,1,43965.53,37773.91,4,1,3,8,Needs Attention
C104341,382,1,1543.46,0.0,4,1,1,6,At Risk
C104342,131,2,4555.24,0.0,3,2,1,6,At Risk
C104344,199,2,10400.189999999999,0.0,3,2,2,7,Needs Attention
C104350,425,5,47329.63,0.0,4,4,3,11,Loyal
C104351,989,1,11684.16,0.0,5,1,2,8,Needs Attention
C104352,180,3,61764.490000000005,0.0,3,3,3,9,Needs Attention
C104353,668,3,218310.72,0.0,5,3,5,13,Champions
C104354,68,8,133871.24,49225.81,2,5,4,11,Loyal
C104355,224,1,1892.21,0.0,3,1,1,5,At Risk
C104356,440,2,46119.29,12627.75,4,2,3,9,Needs Attention
C104357,84,5,89356.13999999998,0.0,2,4,4,10,Loyal
C104361,1,4,31953.27,0.0,1,4,3,8,Needs Attention
C104363,304,3,19180.1,5801.63,4,3,2,9,Needs Attention
C104364,59,1,11555.77,0.0,2,1,2,5,At Risk
C104365,215,9,94723.0,0.0,3,5,4,12,Loyal
C104366,33,5,22464.559999999998,0.0,1,4,2,7,Needs Attention
C104369,7,3,199543.12999999998,0.0,1,3,5,9,Needs Attention
C104370,749,2,22726.34,0.0,5,2,2,9,Needs Attention
C104372,7,26,645593.17,1627.04,1,5,5,11,Loyal
C104373,437,1,4654.41,0.0,4,1,1,6,At Risk
C104374,515,2,3091.16,0.0,4,2,1,7,Needs Attention
C104376,69,6,116552.81,4678.08,2,4,4,10,Loyal
C104377,110,1,33199.42,0.0,3,1,3,7,Needs Attention
C104380,826,1,5200.09,0.0,5,1,1,7,Needs Attention
C104381,765,4,44044.270000000004,0.0,5,4,3,12,Loyal
C104382,8,32,868101.76,37470.729999999996,1,5,5,11,Loyal
C104383,10,4,144909.07,9658.99,1,4,4,9,Needs Attention
C104384,43,8,146612.45,0.0,2,5,4,11,Loyal
C104385,782,1,4814.9,0.0,5,1,1,7,Needs Attention
C104387,391,2,23516.78,0.0,4,2,2,8,Needs Attention
C104389,788,3,96937.93,0.0,5,3,4,12,Loyal
C104391,2,28,520858.19,57234.11,1,5,5,11,Loyal
C104392,59,10,163177.7,1880.38,2,5,5,12,Loyal
C104393,201,5,93928.85,0.0,3,4,4,11,Loyal
C104396,191,9,122169.84,0.0,3,5,4,12,Loyal
C104397,379,2,6399.460000000001,2236.86,4,2,1,7,Needs Attention
C104398,178,5,149829.51,33236.57,3,4,4,11,Loyal
C104399,62,10,173026.26,5418.62,2,5,5,12,Loyal
C104401,78,4,252652.39,0.0,2,4,5,11,Loyal
C104402,84,3,125641.08,98864.75,2,3,4,9,Needs Attention
C104404,49,7,397205.65,0.0,2,5,5,12,Loyal
C104405,13,2,6974.8099999999995,0.0,1,2,1,4,At Risk
C104406,0,31,980817.0700000001,81728.69,1,5,5,11,Loyal
C104407,71,9,177869.53999999998,0.0,2,5,5,12,Loyal
C104408,380,3,76613.33,0.0,4,3,4,11,Loyal
C104409,38,19,950062.0900000001,217852.19999999998,2,5,5,12,Loyal
C104410,11,12,359609.98,60853.509999999995,1,5,5,11,Loyal
C104411,217,3,43965.23,0.0,3,3,3,9,Needs Attention
C104412,74,6,193272.44,0.0,2,4,5,11,Loyal
C104413,23,1,36162.66,33740.66,1,1,3,5,At Risk
C104414,52,2,80290.45,0.0,2,2,4,8,Needs Attention
C104415,227,4,50568.97,0.0,3,4,3,10,Loyal
C104416,182,2,16499.07,9703.46,3,2,2,7,Needs Attention
C104420,26,8,164337.88,3249.28,1,5,5,11,Loyal
C104421,872,1,8148.22,0.0,5,1,1,7,Needs Attention
C104422,59,6,236453.30000000002,9179.36,2,4,5,11,Loyal
C104423,502,5,145027.21,0.0,4,4,4,12,Loyal
C104424,486,5,22648.120000000003,0.0,4,4,2,10,Loyal
C104425,975,1,862.62,0.0,5,1,1,7,Needs Attention
C104426,413,1,17146.8,0.0,4,1,2,7,Needs Attention
C104427,398,3,45014.909999999996,0.0,4,3,3,10,Loyal
C104428,750,2,49772.67,0.0,5,2,3,10,Loyal
C104429,407,2,11599.98,4905.58,4,2,2,8,Needs Attention
C104433,725,1,539.01,445.67,5,1,1,7,Needs Attention
C104434,826,1,3099.84,0.0,5,1,1,7,Needs Attention
C104436,187,1,2955.79,0.0,3,1,1,5,At Risk
C104437,4,9,390328.41000000003,5362.65,1,5,5,11,Loyal
C104438,554,2,8369.68,0.0,5,2,2,9,Needs Attention
C104439,36,7,165770.22,19149.41,1,5,5,11,Loyal
C104441,887,1,25951.88,0.0,5,1,2,8,Needs Attention
C104442,428,2,63948.68,8609.03,4,2,3,9,Needs Attention
C104443,557,1,14291.32,12397.5,5,1,2,8,Needs Attention
C104444,7,7,93570.93000000001,0.0,1,5,4,10,Loyal
C104445,953,2,5187.620000000001,0.0,5,2,1,8,Needs Attention
C104446,4,7,193440.52000000002,5705.16,1,5,5,11,Loyal
C104447,643,1,3695.85,0.0,5,1,1,7,Needs Attention
C104448,398,2,15903.630000000001,0.0,4,2,2,8,Needs Attention
C104449,1,5,74454.66,0.0,1,4,4,9,Needs Attention
C104451,43,16,485558.89,0.0,2,5,5,12,Loyal
C104452,375,5,172408.99,0.0,4,4,5,13,Champions
C104453,82,2,17894.29,0.0,2,2,2,6,At Risk
C104454,31,4,85209.42,5121.87,1,4,4,9,Needs Attention
C104456,493,1,12454.55,0.0,4,1,2,7,Needs Attention
C104457,124,3,59359.68,0.0,3,3,3,9,Needs Attention
C104459,80,2,10133.630000000001,0.0,2,2,2,6,At Risk
C104460,56,2,34346.3,0.0,2,2,3,7,Needs Attention
C104461,91,3,27110.989999999998,3632.84,2,3,2,7,Needs Attention
C104462,433,3,20433.41,0.0,4,3,2,9,Needs Attention
C104463,34,22,568887.97,58610.600000000006,1,5,5,11,Loyal
C104464,43,22,801182.23,9614.72,2,5,5,12,Loyal
C104465,585,1,24347.37,23831.4,5,1,2,8,Needs Attention
C104467,51,3,23170.17,0.0,2,3,2,7,Needs Attention
C104470,256,12,293659.15,0.0,3,5,5,13,Champions
C104473,701,2,14122.26,0.0,5,2,2,9,Needs Attention
C104475,3,5,137892.44,11973.35,1,4,4,9,Needs Attention
C104476,666,2,4476.46,0.0,5,2,1,8,Needs Attention
C104477,95,13,343685.22,0.0,3,5,5,13,Champions
C104479,0,9,322390.87,0.0,1,5,5,11,Loyal
C104480,48,11,297716.68,85738.83,2,5,5,12,Loyal
C104481,708,2,28292.940000000002,0.0,5,2,3,10,Loyal
C104482,211,2,98368.99,77934.57,3,2,4,9,Needs Attention
C104483,398,1,34527.39,0.0,4,1,3,8,Needs Attention
C104484,11,4,54773.78,2410.59,1,4,3,8,Needs Attention
C104486,484,1,31899.9,0.0,4,1,3,8,Needs Attention
C104487,40,12,223575.04,0.0,2,5,5,12,Loyal
C104488,39,1,6259.37,0.0,2,1,1,4,At Risk
C104489,528,1,6291.47,0.0,4,1,1,6,At Risk
C104490,364,3,27597.58,0.0,4,3,2,9,Needs Attention
C104491,571,2,12949.060000000001,0.0,5,2,2,9,Needs Attention
C104492,53,1,4731.24,0.0,2,1,1,4,At Risk
C104493,25,2,47296.54,0.0,1,2,3,6,At Risk
C104494,108,11,229186.33,10785.42,3,5,5,13,Champions
C104495,380,2,314916.95999999996,0.0,4,2,5,11,Loyal
C104496,35,6,58073.18,0.0,1,4,3,8,Needs Attention
C104497,60,8,66732.37,11198.58,2,5,3,10,Loyal
C104498,148,2,36717.4,0.0,3,2,3,8,Needs Attention
C104500,76,5,65744.56999999999,0.0,2,4,3,9,Needs Attention
C104501,5,8,193227.06999999998,0.0,1,5,5,11,Loyal
C104502,1087,1,1582.54,1193.66,5,1,1,7,Needs Attention
C104503,6,7,103331.5,0.0,1,5,4,10,Loyal
C104505,406,3,89360.73999999999,0.0,4,3,4,11,Loyal
C104506,451,3,16817.129999999997,5030.11,4,3,2,9,Needs Attention
C104508,80,2,41061.02,2295.1,2,2,3,7,Needs Attention
C104509,39,16,338743.07,160636.07,2,5,5,12,Loyal
C104510,88,4,210035.72999999998,135852.26,2,4,5,11,Loyal
C104511,279,3,264041.81,187655.51,4,3,5,12,Loyal
C104513,17,9,336190.18,6519.53,1,5,5,11,Loyal
C104514,811,1,40968.07,0.0,5,1,3,9,Needs Attention
C104515,51,2,14414.81,9633.33,2,2,2,6,At Risk
C104516,19,23,847215.85,205776.88,1,5,5,11,Loyal
C104517,204,11,123479.16,0.0,3,5,4,12,Loyal
C104518,562,1,2580.48,2172.77,5,1,1,7,Needs Attention
C104519,67,7,282229.98,30508.94,2,5,5,12,Loyal
C104520,24,2,8795.220000000001,0.0,1,2,2,5,At Risk
C104521,216,1,58319.91,0.0,3,1,3,7,Needs Attention
C104522,100,2,3037.55,1119.68,3,2,1,6,At Risk
C104524,1006,1,5225.29,0.0,5,1,1,7,Needs Attention
C104525,2,14,279020.49,4804.43,1,5,5,11,Loyal
C104526,274,6,114330.22000000002,0.0,4,4,4,12,Loyal
C104528,29,3,181775.05,0.0,1,3,5,9,Needs Attention
C104529,4,21,358021.15,104728.19,1,5,5,11,Loyal
C104530,34,33,611861.9,2191.6,1,5,5,11,Loyal
C104531,243,1,74427.42,0.0,3,1,4,8,Needs Attention
C104532,972,1,595.77,0.0,5,1,1,7,Needs Attention
C104533,208,3,18154.28,0.0,3,3,2,8,Needs Attention
C104537,576,2,47646.079999999994,0.0,5,2,3,10,Loyal
C104538,382,3,24497.04,0.0,4,3,2,9,Needs Attention
C104539,17,2,11615.42,0.0,1,2,2,5,At Risk
C104540,189,2,56893.619999999995,38393.71,3,2,3,8,Needs Attention
C104542,356,1,3659.33,0.0,4,1,1,6,At Risk
C104544,360,6,176427.32,0.0,4,4,5,13,Champions
C104545,430,1,47816.92,0.0,4,1,3,8,Needs Attention
C104546,72,5,79329.33,0.0,2,4,4,10,Loyal
C104549,50,3,18668.47,0.0,2,3,2,7,Needs Attention
C104550,1,3,27426.11,0.0,1,3,2,6,At Risk
C104551,31,7,79434.14,0.0,1,5,4,10,Loyal
C104553,137,8,84467.51,0.0,3,5,4,12,Loyal
C104554,245,1,6631.51,0.0,3,1,1,5,At Risk
C104555,744,1,37482.7,0.0,5,1,3,9,Needs Attention
C104558,33,12,108600.33,0.0,1,5,4,10,Loyal
C104560,26,8,186778.22,0.0,1,5,5,11,Loyal
C104561,236,1,32166.21,0.0,3,1,3,7,Needs Attention
C104562,36,1,5906.28,0.0,1,1,1,3,At Risk
C104563,411,2,18018.16,0.0,4,2,2,8,Needs Attention
C104564,989,1,111194.34,0.0,5,1,4,10,Loyal
C104566,287,1,212543.67,0.0,4,1,5,10,Loyal
C104567,54,8,144693.85,0.0,2,5,4,11,Loyal
C104568,417,1,144582.42,0.0,4,1,4,9,Needs Attention
C104569,239,3,63601.27,0.0,3,3,3,9,Needs Attention
C104570,215,5,79952.47,16604.7,3,4,4,11,Loyal
C104571,57,3,8125.03,0.0,2,3,1,6,At Risk
C104572,69,2,29134.98,0.0,2,2,3,7,Needs Attention
C104573,91,5,280979.81,3175.55,2,4,5,11,Loyal
C104574,229,1,808.44,0.0,3,1,1,5,At Risk
C104575,25,7,418374.93,0.0,1,5,5,11,Loyal
C104577,592,1,3401.3,0.0,5,1,1,7,Needs Attention
C104578,493,2,11748.36,0.0,4,2,2,8,Needs Attention
C104580,381,2,10452.789999999999,0.0,4,2,2,8,Needs Attention
C104582,33,10,247479.25,0.0,1,5,5,11,Loyal
C104583,191,6,40100.29,0.0,3,4,3,10,Loyal
C104584,28,1,18620.88,0.0,1,1,2,4,At Risk
C104585,67,7,164659.41999999998,5125.43,2,5,5,12,Loyal
C104586,1,6,28786.35,1439.14,1,4,3,8,Needs Attention
C104587,40,8,69283.07,0.0,2,5,4,11,Loyal
C104588,44,1,5938.38,0.0,2,1,1,4,At Risk
C104589,249,1,29215.49,0.0,3,1,3,7,Needs Attention
C104590,436,1,6419.87,0.0,4,1,1,6,At Risk
C104591,2,8,106571.77,9704.43,1,5,4,10,Loyal
C104592,11,3,40762.619999999995,0.0,1,3,3,7,Needs Attention
C104593,107,3,79126.96,5486.58,3,3,4,10,Loyal
C104594,975,1,5456.89,0.0,5,1,1,7,Needs Attention
C104595,804,2,14074.560000000001,2353.23,5,2,2,9,Needs Attention
C104596,68,8,171106.0,0.0,2,5,5,12,Loyal
C104597,927,1,167163.44,0.0,5,1,5,11,Loyal
C104598,68,7,136541.24,0.0,2,5,4,11,Loyal
C104599,242,5,132641.58,3610.38,3,4,4,11,Loyal
C104600,365,2,66154.82,0.0,4,2,3,9,Needs Attention
C104601,17,7,152589.46,0.0,1,5,4,10,Loyal
C104602,139,3,32327.99,0.0,3,3,3,9,Needs Attention
C104603,733,3,9105.19,0.0,5,3,2,10,Loyal
C104604,947,1,9355.66,0.0,5,1,2,8,Needs Attention
C104605,951,2,30828.4,0.0,5,2,3,10,Loyal
C104606,18,5,28355.78,2454.03,1,4,3,8,Needs Attention
C104608,830,1,36637.94,33535.72,5,1,3,9,Needs Attention
C104609,1077,1,47729.49,0.0,5,1,3,9,Needs Attention
C104610,710,2,63387.29,0.0,5,2,3,10,Loyal
C104611,65,4,30343.58,0.0,2,4,3,9,Needs Attention
C104612,208,4,61484.990000000005,0.0,3,4,3,10,Loyal
C104613,19,7,196538.57,27600.6,1,5,5,11,Loyal
C104614,56,6,102298.59,0.0,2,4,4,10,Loyal
C104615,183,7,158863.05,1324.98,3,5,5,13,Champions
C104619,229,6,49822.899999999994,0.0,3,4,3,10,Loyal
C104620,32,5,74781.05,40032.2,1,4,4,9,Needs Attention
C104621,45,4,42002.07,0.0,2,4,3,9,Needs Attention
C104622,47,2,2637.77,0.0,2,2,1,5,At Risk
C104623,109,1,676.98,0.0,3,1,1,5,At Risk
C104624,91,1,502.43,0.0,2,1,1,4,At Risk
C104625,403,2,13903.83,3316.77,4,2,2,8,Needs Attention
C104626,483,1,6259.37,0.0,4,1,1,6,At Risk
C104627,50,9,59122.89,0.0,2,5,3,10,Loyal
C104630,30,13,302643.53,5014.82,1,5,5,11,Loyal
C104632,268,1,5456.89,0.0,4,1,1,6,At Risk
C104634,783,1,540.25,0.0,5,1,1,7,Needs Attention
C104636,131,2,104285.39,0.0,3,2,4,9,Needs Attention
C104637,239,8,279170.57,0.0,3,5,5,13,Champions
C104638,433,1,4615.87,0.0,4,1,1,6,At Risk
C104639,12,2,9305.86,7614.65,1,2,2,5,At Risk
C104640,189,5,84062.57,0.0,3,4,4,11,Loyal
C104641,163,3,71904.88,28305.53,3,3,4,10,Loyal
C104642,176,2,118808.85,0.0,3,2,4,9,Needs Attention
C104643,450,1,42108.81,0.0,4,1,3,8,Needs Attention
C104644,29,5,72758.39,23297.8,1,4,4,9,Needs Attention
C104645,43,10,260450.1,0.0,2,5,5,12,Loyal
C104647,21,1,25748.64,0.0,1,1,2,4,At Risk
C104648,205,6,208224.58,0.0,3,4,5,12,Loyal
C104649,1026,1,39886.92,0.0,5,1,3,9,Needs Attention
C104654,24,4,216023.78,0.0,1,4,5,10,Loyal
C104656,18,4,147334.94,0.0,1,4,4,9,Needs Attention
C104657,84,3,23132.91,0.0,2,3,2,7,Needs Attention
C104658,960,1,37626.01,0.0,5,1,3,9,Needs Attention
C104659,1087,1,138767.1,0.0,5,1,4,10,Loyal
C104660,21,8,286065.73,207824.69,1,5,5,11,Loyal
C104663,96,3,53446.630000000005,4912.07,3,3,3,9,Needs Attention
C104664,171,2,201057.18,0.0,3,2,5,10,Loyal
C104665,1,1,3587.0,0.0,1,1,1,3,At Risk
C104666,165,1,12916.54,0.0,3,1,2,6,At Risk
C104667,160,1,8852.2,0.0,3,1,2,6,At Risk
C104668,714,1,11368.44,0.0,5,1,2,8,Needs Attention
C104669,83,1,5407.94,0.0,2,1,1,4,At Risk
C104671,466,1,5007.5,0.0,4,1,1,6,At Risk
C104672,918,1,1088.04,942.15,5,1,1,7,Needs Attention
C104673,434,3,21292.11,0.0,4,3,2,9,Needs Attention
C104674,0,170,3835047.96,140877.03,1,5,5,11,Loyal
C104676,78,1,5649.49,0.0,2,1,1,4,At Risk
C104677,76,7,86936.29000000001,0.0,2,5,4,11,Loyal
C104680,464,1,7427.04,6976.24,4,1,1,6,At Risk
C104682,63,3,108769.56,0.0,2,3,4,9,Needs Attention
C104683,225,1,11877.74,0.0,3,1,2,6,At Risk
C104684,30,10,203297.87,0.0,1,5,5,11,Loyal
C104685,198,1,27383.95,25660.32,3,1,2,6,At Risk
C104687,67,14,235830.16,43211.94,2,5,5,12,Loyal
C104688,947,1,5456.89,0.0,5,1,1,7,Needs Attention
C104690,189,1,10906.08,0.0,3,1,2,6,At Risk
C104691,583,1,21907.06,0.0,5,1,2,8,Needs Attention
C104692,873,1,26321.47,0.0,5,1,2,8,Needs Attention
C104693,216,5,69476.8,0.0,3,4,4,11,Loyal
C104694,32,3,64209.03,0.0,1,3,3,7,Needs Attention
C104695,536,1,5777.88,0.0,5,1,1,7,Needs Attention
C104696,31,5,43073.399999999994,23790.13,1,4,3,8,Needs Attention
C104697,33,13,270652.3,22380.42,1,5,5,11,Loyal
C104698,70,1,10015.0,0.0,2,1,2,5,At Risk
C104699,52,5,49833.6,805.17,2,4,3,9,Needs Attention
C104700,20,2,80462.31,68708.88,1,2,4,7,Needs Attention
C104701,233,2,3947.8,0.0,3,2,1,6,At Risk
C104702,601,1,14403.27,0.0,5,1,2,8,Needs Attention
C104703,58,5,197207.28,0.0,2,4,5,11,Loyal
C104705,456,2,58309.14,0.0,4,2,3,9,Needs Attention
C104706,22,8,177861.53,0.0,1,5,5,11,Loyal
C104707,525,1,3126.16,2717.5,4,1,1,6,At Risk
C104710,10,50,1053255.4,17477.07,1,5,5,11,Loyal
C104711,196,3,48255.34,0.0,3,3,3,9,Needs Attention
C104712,589,1,6135.36,0.0,5,1,1,7,Needs Attention
C104713,16,26,444609.35000000003,58748.99,1,5,5,11,Loyal
C104715,19,2,133199.62,0.0,1,2,4,7,Needs Attention
C104716,265,3,18188.8,2045.44,4,3,2,9,Needs Attention
C104717,185,13,342616.46,67342.42,3,5,5,13,Champions
C104718,10,5,174090.49,10083.37,1,4,5,10,Loyal
C104720,237,1,948.17,0.0,3,1,1,5,At Risk
C104721,146,2,7702.83,7624.09,3,2,1,6,At Risk
C104722,91,6,214723.74000000002,116307.07,2,4,5,11,Loyal
C104723,706,2,57708.48,0.0,5,2,3,10,Loyal
C104724,22,3,24927.36,0.0,1,3,2,6,At Risk
C104729,87,9,101546.27,0.0,2,5,4,11,Loyal
C104730,932,2,11298.970000000001,0.0,5,2,2,9,Needs Attention
C104732,320,3,68975.36,0.0,4,3,4,11,Loyal
C104733,19,1,6406.12,0.0,1,1,1,3,At Risk
C104734,303,1,6419.87,0.0,4,1,1,6,At Risk
C104735,27,16,388780.05,0.0,1,5,5,11,Loyal
C104736,593,2,6858.01,0.0,5,2,1,8,Needs Attention
C104737,24,1,8582.88,8432.95,1,1,2,4,At Risk
C104738,84,8,228534.19,0.0,2,5,5,12,Loyal
C104739,722,1,10015.0,0.0,5,1,2,8,Needs Attention
C104740,6,8,51949.62,11091.31,1,5,3,9,Needs Attention
C104741,948,1,25620.54,0.0,5,1,2,8,Needs Attention
C104744,73,14,128436.79000000001,4522.13,2,5,4,11,Loyal
C104745,585,1,63179.9,0.0,5,1,3,9,Needs Attention
C104746,95,2,37326.880000000005,0.0,3,2,3,8,Needs Attention
C104748,233,2,3503.01,0.0,3,2,1,6,At Risk
C104749,1081,1,9567.43,8137.39,5,1,2,8,Needs Attention
C104751,632,1,52636.01,0.0,5,1,3,9,Needs Attention
C104753,1,52,1077637.2,20986.190000000002,1,5,5,11,Loyal
C104754,203,3,175463.16,0.0,3,3,5,11,Loyal
C104755,598,1,25707.7,0.0,5,1,2,8,Needs Attention
C104757,42,2,363243.27999999997,0.0,2,2,5,9,Needs Attention
C104758,453,4,94486.35,0.0,4,4,4,12,Loyal
C104759,546,2,11036.990000000002,1831.0,5,2,2,9,Needs Attention
C104761,30,7,285570.07,31231.56,1,5,5,11,Loyal
C104762,804,1,174959.73,0.0,5,1,5,11,Loyal
C104763,0,85,1908059.76,278464.23,1,5,5,11,Loyal
C104764,730,1,3421.38,0.0,5,1,1,7,Needs Attention
C104765,68,2,64163.75,0.0,2,2,3,7,Needs Attention
C104766,687,1,26031.14,0.0,5,1,2,8,Needs Attention
C104768,76,3,12269.970000000001,2187.81,2,3,2,7,Needs Attention
C104769,12,2,30275.75,0.0,1,2,3,6,At Risk
C104771,3,6,82781.81999999999,0.0,1,4,4,9,Needs Attention
C104772,1026,1,964.86,0.0,5,1,1,7,Needs Attention
C104773,186,1,15407.69,0.0,3,1,2,6,At Risk
C104775,20,11,185840.53,0.0,1,5,5,11,Loyal
C104776,560,4,36644.12,0.0,5,4,3,12,Loyal
C104777,404,6,48847.170000000006,0.0,4,4,3,11,Loyal
C104779,734,1,1164.82,0.0,5,1,1,7,Needs Attention
C104780,26,2,58487.94,0.0,1,2,3,6,At Risk
C104781,170,3,29160.1,0.0,3,3,3,9,Needs Attention
C104782,34,1,11913.55,0.0,1,1,2,4,At Risk
C104783,392,2,10583.87,902.19,4,2,2,8,Needs Attention
C104784,71,6,63014.24,26835.67,2,4,3,9,Needs Attention
C104786,14,1,4296.35,0.0,1,1,1,3,At Risk
C104787,423,2,18617.62,0.0,4,2,2,8,Needs Attention
C104788,65,1,5617.39,4843.05,2,1,1,4,At Risk
C104789,236,2,36802.76,0.0,3,2,3,8,Needs Attention
C104791,36,6,73389.98,0.0,1,4,4,9,Needs Attention
C104793,390,4,52844.28,0.0,4,4,3,11,Loyal
C104794,320,5,65891.76999999999,10081.07,4,4,3,11,Loyal
C104795,72,4,8543.57,0.0,2,4,2,8,Needs Attention
C104796,4,13,223522.5,0.0,1,5,5,11,Loyal
C104797,6,5,262675.08,0.0,1,4,5,10,Loyal
C104798,55,6,281865.07999999996,0.0,2,4,5,11,Loyal
C104799,231,1,6419.87,0.0,3,1,1,5,At Risk
C104800,36,6,58843.33,9464.48,1,4,3,8,Needs Attention
C104801,65,4,62512.74,0.0,2,4,3,9,Needs Attention
C104802,292,3,8888.09,0.0,4,3,2,9,Needs Attention
C104803,1059,1,4516.6,0.0,5,1,1,7,Needs Attention
C104805,87,10,332731.09,6493.53,2,5,5,12,Loyal
C104808,390,3,39754.28,0.0,4,3,3,10,Loyal
C104809,31,7,43154.45,4375.96,1,5,3,9,Needs Attention
C104810,55,3,31648.690000000002,11188.1,2,3,3,8,Needs Attention
C104811,226,1,60461.05,0.0,3,1,3,7,Needs Attention
C104813,780,1,3578.84,0.0,5,1,1,7,Needs Attention
C104814,15,8,145423.31,0.0,1,5,4,10,Loyal
C104815,18,33,1023702.7100000001,10683.04,1,5,5,11,Loyal
C104817,45,3,106332.85,70953.78,2,3,4,9,Needs Attention
C104820,257,1,44750.65,0.0,3,1,3,7,Needs Attention
C104822,272,1,2483.83,0.0,4,1,1,6,At Risk
C104823,477,4,49191.69,5311.28,4,4,3,11,Loyal
C104824,63,14,161608.49,0.0,2,5,5,12,Loyal
C104825,398,2,15834.79,8688.51,4,2,2,8,Needs Attention
C104826,136,4,40819.91,0.0,3,4,3,10,Loyal
C104827,515,4,253794.68,5823.19,4,4,5,13,Champions
C104828,52,35,585932.64,42219.36,2,5,5,12,Loyal
C104829,766,1,896.29,0.0,5,1,1,7,Needs Attention
C104830,595,1,5906.28,0.0,5,1,1,7,Needs Attention
C104831,19,3,9336.31,0.0,1,3,2,6,At Risk
C104832,68,3,80105.84,463.58,2,3,4,9,Needs Attention
C104833,658,1,4026.19,0.0,5,1,1,7,Needs Attention
C104834,53,1,3119.96,0.0,2,1,1,4,At Risk
C104836,34,1,266552.78,0.0,1,1,5,7,Needs Attention
C104837,588,2,60847.55,0.0,5,2,3,10,Loyal
C104838,73,3,77330.7,0.0,2,3,4,9,Needs Attention
C104840,6,7,71789.59,0.0,1,5,4,10,Loyal
C104841,842,1,1141.05,0.0,5,1,1,7,Needs Attention
C104842,221,1,66638.2,0.0,3,1,3,7,Needs Attention
C104843,381,2,102627.52,0.0,4,2,4,10,Loyal
C104845,219,3,21374.04,9525.14,3,3,2,8,Needs Attention
C104846,46,15,227102.45,39302.22,2,5,5,12,Loyal
C104847,37,1,2161.94,0.0,2,1,1,4,At Risk
C104848,39,15,253945.56,4615.55,2,5,5,12,Loyal
C104849,94,14,305438.48,3358.76,3,5,5,13,Champions
C104850,408,1,36095.78,0.0,4,1,3,8,Needs Attention
C104851,26,13,172368.09,0.0,1,5,5,11,Loyal
C104852,1093,1,17789.68,0.0,5,1,2,8,Needs Attention
C104853,41,7,77953.27,0.0,2,5,4,11,Loyal
C104854,10,6,81577.23999999999,21981.55,1,4,4,9,Needs Attention
C104855,89,3,55293.18,0.0,2,3,3,8,Needs Attention
C104856,102,7,35387.35,0.0,3,5,3,11,Loyal
C104857,176,5,150288.44,0.0,3,4,4,11,Loyal
C104858,210,2,1624.78,0.0,3,2,1,6,At Risk
C104859,17,3,9288.05,0.0,1,3,2,6,At Risk
C104860,107,10,347236.11,1983.26,3,5,5,13,Champions
C104861,195,2,6597.13,0.0,3,2,1,6,At Risk
C104864,199,2,17499.72,0.0,3,2,2,7,Needs Attention
C104865,581,2,12690.460000000001,0.0,5,2,2,9,Needs Attention
C104866,56,3,15014.900000000001,0.0,2,3,2,7,Needs Attention
C104867,125,1,19259.61,0.0,3,1,2,6,At Risk
C104868,179,4,28618.03,10438.71,3,4,3,10,Loyal
C104869,85,6,39431.240000000005,0.0,2,4,3,9,Needs Attention
C104870,643,1,6419.87,0.0,5,1,1,7,Needs Attention
C104871,37,3,2536.08,759.73,2,3,1,6,At Risk
C104872,407,1,1688.04,0.0,4,1,1,6,At Risk
C104873,15,15,152749.38,32071.050000000003,1,5,4,10,Loyal
C104874,2,58,1691891.24,3413.0,1,5,5,11,Loyal
C104875,398,1,2240.73,0.0,4,1,1,6,At Risk
C104876,76,2,159261.44999999998,0.0,2,2,5,9,Needs Attention
C104877,9,12,204381.33000000002,35962.94,1,5,5,11,Loyal
C104878,85,3,13576.65,0.0,2,3,2,7,Needs Attention
C104879,55,6,210574.45,0.0,2,4,5,11,Loyal
C104880,3,121,3185259.0100000002,170061.74,1,5,5,11,Loyal
C104881,572,1,81206.84,76145.15,5,1,4,10,Loyal
C104882,251,3,82187.65,0.0,3,3,4,10,Loyal
C104883,808,1,32860.59,0.0,5,1,3,9,Needs Attention
C104884,315,4,15049.79,0.0,4,4,2,10,Loyal
C104885,90,8,263620.67,150579.35,2,5,5,12,Loyal
C104887,775,1,313447.42,0.0,5,1,5,11,Loyal
C104888,544,4,22366.71,0.0,5,4,2,11,Loyal
C104889,922,1,123964.14,0.0,5,1,4,10,Loyal
C104890,452,4,88665.87,60251.399999999994,4,4,4,12,Loyal
C104891,354,4,32256.95,0.0,4,4,3,11,Loyal
C104893,115,4,60350.21,0.0,3,4,3,10,Loyal
C104894,433,1,21777.46,0.0,4,1,2,7,Needs Attention
C104895,437,1,51463.69,0.0,4,1,3,8,Needs Attention
C104896,913,2,14252.11,0.0,5,2,2,9,Needs Attention
C104897,6,3,87185.61,0.0,1,3,4,8,Needs Attention
C104900,546,5,293323.37,0.0,5,4,5,14,Champions
C104901,114,1,9924.06,0.0,3,1,2,6,At Risk
C104903,12,7,139529.13,0.0,1,5,4,10,Loyal
C104904,61,17,385742.49,0.0,2,5,5,12,Loyal
C104905,50,28,279123.92,12336.98,2,5,5,12,Loyal
C104907,33,3,18184.38,5429.46,1,3,2,6,At Risk
C104908,5,98,1639924.22,34264.159999999996,1,5,5,11,Loyal
C104909,34,4,33383.67,0.0,1,4,3,8,Needs Attention
C104910,105,3,169960.35,0.0,3,3,5,11,Loyal
C104911,92,5,58293.950000000004,0.0,3,4,3,10,Loyal
C104912,191,2,12940.0,0.0,3,2,2,7,Needs Attention
C104913,60,4,68809.27,4416.87,2,4,4,10,Loyal
C104915,2,23,406258.69,55319.37,1,5,5,11,Loyal
C104917,68,4,164720.12,0.0,2,4,5,11,Loyal
C104918,64,5,45891.92,4802.15,2,4,3,9,Needs Attention
C104919,392,4,152958.86,0.0,4,4,4,12,Loyal
C104920,48,7,149382.12999999998,7523.48,2,5,4,11,Loyal
C104922,226,1,679.58,0.0,3,1,1,5,At Risk
C104924,139,6,129518.22,0.0,3,4,4,11,Loyal
C104926,82,2,10079.2,0.0,2,2,2,6,At Risk
C104927,12,7,152986.37,18066.45,1,5,4,10,Loyal
C104928,313,3,91966.62,0.0,4,3,4,11,Loyal
C104929,35,20,651104.27,34832.71,1,5,5,11,Loyal
C104930,58,3,25638.309999999998,0.0,2,3,2,7,Needs Attention
C104931,159,7,99264.45999999999,45926.21,3,5,4,12,Loyal
C104932,663,1,17052.2,0.0,5,1,2,8,Needs Attention
C104933,60,4,102619.03,0.0,2,4,4,10,Loyal
C104934,233,5,246285.18999999997,0.0,3,4,5,12,Loyal
C104935,59,1,122115.05,0.0,2,1,4,7,Needs Attention
C104936,277,2,10785.380000000001,0.0,4,2,2,8,Needs Attention
C104937,382,4,27039.95,0.0,4,4,2,10,Loyal
C104938,178,8,130896.96,0.0,3,5,4,12,Loyal
C104939,13,4,76928.63999999998,0.0,1,4,4,9,Needs Attention
C104941,41,5,214975.02,5346.62,2,4,5,11,Loyal
C104943,84,4,63065.5,0.0,2,4,3,9,Needs Attention
C104944,469,1,8231.33,0.0,4,1,1,6,At Risk
C104945,37,10,114533.89,4066.61,2,5,4,11,Loyal
C104946,27,3,159745.5,0.0,1,3,5,9,Needs Attention
C104947,63,4,54247.3,0.0,2,4,3,9,Needs Attention
C104948,201,2,19259.61,0.0,3,2,2,7,Needs Attention
C104949,345,1,11578.42,0.0,4,1,2,7,Needs Attention
C104950,140,5,76343.93000000001,0.0,3,4,4,11,Loyal
C104951,34,5,69952.46,0.0,1,4,4,9,Needs Attention
C104952,11,4,64526.83000000001,0.0,1,4,3,8,Needs Attention
C104954,752,1,3959.03,3776.13,5,1,1,7,Needs Attention
C104955,30,14,129041.96,4982.55,1,5,4,10,Loyal
C104956,32,8,133545.75,6681.34,1,5,4,10,Loyal
C104957,328,2,30737.079999999998,0.0,4,2,3,9,Needs Attention
C104958,1013,2,4535.83,0.0,5,2,1,8,Needs Attention
C104959,197,16,340004.07,0.0,3,5,5,13,Champions
C104961,431,1,3157.71,0.0,4,1,1,6,At Risk
C104963,394,1,4622.31,0.0,4,1,1,6,At Risk
C104965,933,2,6661.87,0.0,5,2,1,8,Needs Attention
C104968,1066,1,12706.05,0.0,5,1,2,8,Needs Attention
C104969,30,2,171230.57,0.0,1,2,5,8,Needs Attention
C104970,18,94,1906240.49,158511.57,1,5,5,11,Loyal
C104971,438,1,37132.84,0.0,4,1,3,8,Needs Attention
C104972,308,1,60984.83,0.0,4,1,3,8,Needs Attention
C104973,42,6,218141.78,0.0,2,4,5,11,Loyal
C104975,131,12,256376.88,0.0,3,5,5,13,Champions
C104976,23,11,143403.82,2435.99,1,5,4,10,Loyal
C104977,970,1,5938.38,0.0,5,1,1,7,Needs Attention
C104978,7,31,416449.22,31169.53,1,5,5,11,Loyal
C104979,972,1,19855.92,0.0,5,1,2,8,Needs Attention
C104980,74,3,105044.73999999999,0.0,2,3,4,9,Needs Attention
C104981,10,6,83880.31,0.0,1,4,4,9,Needs Attention
C104982,508,1,6419.87,0.0,4,1,1,6,At Risk
C104983,202,2,11280.1,0.0,3,2,2,7,Needs Attention
C104985,747,1,4365.51,0.0,5,1,1,7,Needs Attention
C104987,840,1,5777.88,0.0,5,1,1,7,Needs Attention
C104988,77,6,49806.909999999996,0.0,2,4,3,9,Needs Attention
C104989,81,4,40474.37,0.0,2,4,3,9,Needs Attention
C104990,244,18,404775.98,75793.17,3,5,5,13,Champions
C104991,920,1,11234.77,0.0,5,1,2,8,Needs Attention
C104992,2,61,1432676.6,113817.57,1,5,5,11,Loyal
C104993,47,2,20037.5,0.0,2,2,2,6,At Risk
C104994,768,1,6098.88,0.0,5,1,1,7,Needs Attention
C104996,51,10,153469.05,107876.24,2,5,4,11,Loyal
C104998,384,1,2519.99,0.0,4,1,1,6,At Risk
C104999,8,4,59319.59,12005.69,1,4,3,8,Needs Attention
C105001,330,6,21061.53,0.0,4,4,2,10,Loyal
C105002,243,4,113426.56999999999,0.0,3,4,4,11,Loyal
C105004,248,1,12839.74,0.0,3,1,2,6,At Risk
C105005,228,1,4531.96,0.0,3,1,1,5,At Risk
C105006,176,1,68280.12,0.0,3,1,4,8,Needs Attention
C105007,508,4,26678.07,0.0,4,4,2,10,Loyal
C105008,221,9,114449.49,6338.6,3,5,4,12,Loyal
C105010,217,4,39522.58,0.0,3,4,3,10,Loyal
C105011,986,1,5456.89,0.0,5,1,1,7,Needs Attention
C105012,497,3,121939.07999999999,30408.93,4,3,4,11,Loyal
C105013,47,16,375455.13,0.0,2,5,5,12,Loyal
C105014,64,6,172515.52,0.0,2,4,5,11,Loyal
C105015,422,3,95683.0,17615.57,4,3,4,11,Loyal
C105016,319,1,18769.8,0.0,4,1,2,7,Needs Attention
C105018,35,15,347954.28,92605.01000000001,1,5,5,11,Loyal
C105019,12,14,379446.28,49165.23,1,5,5,11,Loyal
C105020,436,1,8785.18,0.0,4,1,2,7,Needs Attention
C105021,380,3,18768.989999999998,0.0,4,3,2,9,Needs Attention
C105027,515,1,627.16,0.0,4,1,1,6,At Risk
C105028,6,10,396612.45,5150.06,1,5,5,11,Loyal
C105029,487,2,6084.07,0.0,4,2,1,7,Needs Attention
C105031,317,4,171384.68,0.0,4,4,5,13,Champions
C105032,222,1,4943.3,0.0,3,1,1,5,At Risk
C105034,91,1,67648.96,0.0,2,1,3,6,At Risk
C105035,17,18,212050.25,1020.12,1,5,5,11,Loyal
C105036,735,4,19829.68,0.0,5,4,2,11,Loyal
C105038,474,1,5585.29,0.0,4,1,1,6,At Risk
C105040,5,13,256708.67,0.0,1,5,5,11,Loyal
C105041,269,2,11713.68,5857.16,4,2,2,8,Needs Attention
C105042,119,2,10924.86,10100.04,3,2,2,7,Needs Attention
C105043,35,1,5137.54,0.0,1,1,1,3,At Risk
C105044,391,4,31756.739999999998,0.0,4,4,3,11,Loyal
C105045,794,1,969.52,0.0,5,1,1,7,Needs Attention
C105046,33,3,185381.11000000002,0.0,1,3,5,9,Needs Attention
C105048,57,6,91260.87,3358.85,2,4,4,10,Loyal
C105050,282,3,11083.0,0.0,4,3,2,9,Needs Attention
C105051,1,9,113578.42,0.0,1,5,4,10,Loyal
C105052,1035,1,25972.41,0.0,5,1,2,8,Needs Attention
C105053,59,2,82757.45,0.0,2,2,4,8,Needs Attention
C105055,423,11,192628.2,0.0,4,5,5,14,Champions
C105056,207,1,6138.79,0.0,3,1,1,5,At Risk
C105057,558,1,5141.02,0.0,5,1,1,7,Needs Attention
C105058,21,2,89529.68000000001,24500.65,1,2,4,7,Needs Attention
C105059,378,5,47412.42,0.0,4,4,3,11,Loyal
C105063,500,1,1237.26,0.0,4,1,1,6,At Risk
C105064,394,5,102032.3,14494.47,4,4,4,12,Loyal
C105065,528,3,69958.85,0.0,4,3,4,11,Loyal
C105066,108,5,45641.08,11714.78,3,4,3,10,Loyal
C105067,56,3,98977.73000000001,8838.49,2,3,4,9,Needs Attention
C105068,125,13,146744.88,9435.53,3,5,4,12,Loyal
C105069,1082,1,102911.02,0.0,5,1,4,10,Loyal
C105071,460,4,19226.08,0.0,4,4,2,10,Loyal
C105072,1,91,1805024.56,65715.6,1,5,5,11,Loyal
C105074,172,2,39026.93,0.0,3,2,3,8,Needs Attention
C105075,551,1,6259.37,0.0,5,1,1,7,Needs Attention
C105076,18,5,41806.33,0.0,1,4,3,8,Needs Attention
C105077,933,2,16687.57,0.0,5,2,2,9,Needs Attention
C105078,80,10,253663.24,0.0,2,5,5,12,Loyal
C105079,21,3,80334.34,0.0,1,3,4,8,Needs Attention
C105080,45,16,485585.07999999996,928.42,2,5,5,12,Loyal
C105081,17,1,2365.26,0.0,1,1,1,3,At Risk
C105082,120,3,71309.65000000001,0.0,3,3,4,10,Loyal
C105083,209,1,98277.83,0.0,3,1,4,8,Needs Attention
C105086,425,2,5129.82,1432.38,4,2,1,7,Needs Attention
C105087,94,5,147256.68,1977.45,3,4,4,11,Loyal
C105092,191,4,9464.89,0.0,3,4,2,9,Needs Attention
C105094,66,1,49608.43,0.0,2,1,3,6,At Risk
C105095,18,11,390709.95,0.0,1,5,5,11,Loyal
C105096,18,2,12518.75,0.0,1,2,2,5,At Risk
C105097,510,3,14477.85,619.1,4,3,2,9,Needs Attention
C105098,6,13,191302.21000000002,381.21,1,5,5,11,Loyal
C105099,28,1,2415.98,0.0,1,1,1,3,At Risk
C105100,858,1,11555.77,0.0,5,1,2,8,Needs Attention
C105101,37,13,470890.6,0.0,2,5,5,12,Loyal
C105102,20,13,162668.77,0.0,1,5,5,11,Loyal
C105104,821,1,40631.33,0.0,5,1,3,9,Needs Attention
C105105,77,11,100672.92,3933.65,2,5,4,11,Loyal
C105106,78,7,30911.5,0.0,2,5,3,10,Loyal
C105107,47,7,85589.23999999999,0.0,2,5,4,11,Loyal
C105108,597,3,13635.25,0.0,5,3,2,10,Loyal
C105109,433,1,4558.11,0.0,4,1,1,6,At Risk
C105111,18,42,875465.34,75788.24,1,5,5,11,Loyal
C105112,145,2,41651.03999999999,0.0,3,2,3,8,Needs Attention
C105113,204,3,34554.58,0.0,3,3,3,9,Needs Attention
C105114,588,1,12582.95,0.0,5,1,2,8,Needs Attention
C105116,426,3,46193.119999999995,0.0,4,3,3,10,Loyal
C105117,306,2,10182.880000000001,0.0,4,2,2,8,Needs Attention
C105118,12,4,12217.6,0.0,1,4,2,7,Needs Attention
C105119,158,5,22135.809999999998,0.0,3,4,2,9,Needs Attention
C105120,53,13,464600.29,4801.219999999999,2,5,5,12,Loyal
C105121,570,1,25679.48,0.0,5,1,2,8,Needs Attention
C105122,192,3,98632.3,0.0,3,3,4,10,Loyal
C105123,3,17,471225.24,5297.32,1,5,5,11,Loyal
C105124,964,1,10528.59,0.0,5,1,2,8,Needs Attention
C105128,947,1,591.78,0.0,5,1,1,7,Needs Attention
C105130,806,1,13707.78,0.0,5,1,2,8,Needs Attention
C105131,56,2,24366.04,0.0,2,2,2,6,At Risk
C105133,252,2,53747.990000000005,0.0,3,2,3,8,Needs Attention
C105134,2,1,6419.87,0.0,1,1,1,3,At Risk
C105135,367,2,231200.62,0.0,4,2,5,11,Loyal
C105136,31,3,21765.75,0.0,1,3,2,6,At Risk
C105137,749,1,6419.87,0.0,5,1,1,7,Needs Attention
C105138,12,16,229972.33000000002,3982.36,1,5,5,11,Loyal
C105140,354,8,186670.56,20254.94,4,5,5,14,Champions
C105142,16,6,150372.0,0.0,1,4,4,9,Needs Attention
C105143,23,15,191098.97,7426.5199999999995,1,5,5,11,Loyal
C105144,60,2,13956.07,0.0,2,2,2,6,At Risk
C105145,520,3,121760.73999999999,0.0,4,3,4,11,Loyal
C105146,1022,1,6803.79,6103.28,5,1,1,7,Needs Attention
C105147,488,1,3322.02,0.0,4,1,1,6,At Risk
C105148,222,5,62286.86,5455.48,3,4,3,10,Loyal
C105149,456,1,55753.5,0.0,4,1,3,8,Needs Attention
C105150,14,7,248995.87000000002,0.0,1,5,5,11,Loyal
C105151,12,2,28178.0,0.0,1,2,3,6,At Risk
C105153,14,7,246412.86,4512.98,1,5,5,11,Loyal
C105154,154,3,57525.81,0.0,3,3,3,9,Needs Attention
C105155,8,2,6498.209999999999,0.0,1,2,1,4,At Risk
C105156,1024,2,22726.34,0.0,5,2,2,9,Needs Attention
C105158,4,7,134825.11000000002,0.0,1,5,4,10,Loyal
C105159,48,10,214820.08,13627.75,2,5,5,12,Loyal
C105161,7,4,147189.0,0.0,1,4,4,9,Needs Attention
C105162,90,11,574352.64,57009.45,2,5,5,12,Loyal
C105163,877,1,3313.46,0.0,5,1,1,7,Needs Attention
C105164,386,1,69383.55,0.0,4,1,4,9,Needs Attention
C105166,569,1,2385.33,0.0,5,1,1,7,Needs Attention
C105167,350,5,103050.3,0.0,4,4,4,12,Loyal
C105168,151,4,63623.939999999995,0.0,3,4,3,10,Loyal
C105169,238,2,67407.0,0.0,3,2,3,8,Needs Attention
C105170,472,2,59291.97,0.0,4,2,3,9,Needs Attention
C105171,419,1,47136.68,0.0,4,1,3,8,Needs Attention
C105176,755,1,3641.0,0.0,5,1,1,7,Needs Attention
C105178,653,2,122947.4,0.0,5,2,4,11,Loyal
C105179,5,47,1089804.04,28940.53,1,5,5,11,Loyal
C105181,73,8,100165.40000000001,0.0,2,5,4,11,Loyal
C105182,81,19,299279.73000000004,4779.09,2,5,5,12,Loyal
C105183,428,3,23608.61,0.0,4,3,2,9,Needs Attention
C105185,443,4,31597.829999999998,10811.21,4,4,3,11,Loyal
C105187,32,7,67463.79000000001,11363.24,1,5,3,9,Needs Attention
C105188,835,3,16621.13,0.0,5,3,2,10,Loyal
C105190,92,3,26751.96,16124.13,3,3,2,8,Needs Attention
C105191,11,28,450978.09,0.0,1,5,5,11,Loyal
C105192,50,6,155878.51,0.0,2,4,4,10,Loyal
C105193,401,2,13738.529999999999,0.0,4,2,2,8,Needs Attention
C105194,34,5,123716.32,2087.19,1,4,4,9,Needs Attention
C105195,54,3,12272.01,0.0,2,3,2,7,Needs Attention
C105196,297,10,430011.97000000003,41793.34,4,5,5,14,Champions
C105197,815,1,1411.23,0.0,5,1,1,7,Needs Attention
C105198,32,2,19403.78,0.0,1,2,2,5,At Risk
C105199,89,2,70273.69,48822.74,2,2,4,8,Needs Attention
C105200,750,1,4879.1,0.0,5,1,1,7,Needs Attention
C105201,21,1,729.73,0.0,1,1,1,3,At Risk
C105202,282,5,54645.33,0.0,4,4,3,11,Loyal
C105203,318,3,17237.36,0.0,4,3,2,9,Needs Attention
C105205,206,4,28997.390000000003,0.0,3,4,3,10,Loyal
C105206,21,1,4945.27,0.0,1,1,1,3,At Risk
C105208,290,3,30783.24,0.0,4,3,3,10,Loyal
C105210,134,13,396784.52999999997,4616.42,3,5,5,13,Champions
C105211,277,1,7065.77,5642.95,4,1,1,6,At Risk
C105213,207,1,5135.9,0.0,3,1,1,5,At Risk
C105214,279,5,345973.98,0.0,4,4,5,13,Champions
C105217,173,3,14649.09,1147.55,3,3,2,8,Needs Attention
C105218,919,3,25899.03,0.0,5,3,2,10,Loyal
C105219,35,4,15435.44,4262.22,1,4,2,7,Needs Attention
C105220,235,1,2013.92,0.0,3,1,1,5,At Risk
C105221,434,1,6291.47,0.0,4,1,1,6,At Risk
C105222,111,5,33741.68,818.48,3,4,3,10,Loyal
C105223,31,15,79235.36,9761.22,1,5,4,10,Loyal
C105224,228,1,5842.08,0.0,3,1,1,5,At Risk
C105225,141,1,725.09,0.0,3,1,1,5,At Risk
C105227,205,2,44157.39,29699.9,3,2,3,8,Needs Attention
C105228,104,1,4622.31,0.0,3,1,1,5,At Risk
C105229,223,5,55309.73,484.7,3,4,3,10,Loyal
C105231,404,2,29770.649999999998,0.0,4,2,3,9,Needs Attention
C105232,17,4,15586.12,0.0,1,4,2,7,Needs Attention
C105233,60,4,17032.59,0.0,2,4,2,8,Needs Attention
C105234,74,3,27134.65,0.0,2,3,2,7,Needs Attention
C105235,345,2,10303.900000000001,0.0,4,2,2,8,Needs Attention
C105237,123,2,66504.21,0.0,3,2,3,8,Needs Attention
C105238,640,1,32041.76,0.0,5,1,3,9,Needs Attention
C105239,42,9,126379.69,1431.9,2,5,4,11,Loyal
C105240,58,12,359159.72,0.0,2,5,5,12,Loyal
C105241,742,2,13269.34,2634.0,5,2,2,9,Needs Attention
C105242,646,1,105369.52,0.0,5,1,4,10,Loyal
C105243,67,1,779.08,0.0,2,1,1,4,At Risk
C105244,223,1,2619.95,0.0,3,1,1,5,At Risk
C105246,46,14,288740.23,0.0,2,5,5,12,Loyal
C105248,71,5,49659.119999999995,6743.75,2,4,3,9,Needs Attention
C105249,6,10,65143.45,8947.55,1,5,3,9,Needs Attention
C105250,45,5,115519.35,0.0,2,4,4,10,Loyal
C105251,45,4,216263.5,0.0,2,4,5,11,Loyal
C105252,80,5,59108.59,0.0,2,4,3,9,Needs Attention
C105253,41,5,28396.6,0.0,2,4,3,9,Needs Attention
C105254,12,29,755908.93,125871.14,1,5,5,11,Loyal
C105256,217,2,21017.96,0.0,3,2,2,7,Needs Attention
C105257,394,2,28701.05,0.0,4,2,3,9,Needs Attention
C105258,17,4,73900.91,0.0,1,4,4,9,Needs Attention
C105259,400,2,66077.68,0.0,4,2,3,9,Needs Attention
C105260,273,1,13868.0,0.0,4,1,2,7,Needs Attention
C105261,75,1,19727.82,0.0,2,1,2,5,At Risk
C105262,142,2,23239.87,0.0,3,2,2,7,Needs Attention
C105263,185,4,128730.43,15343.56,3,4,4,11,Loyal
C105264,28,4,35685.840000000004,16193.33,1,4,3,8,Needs Attention
C105265,82,2,170472.52000000002,0.0,2,2,5,9,Needs Attention
C105266,117,6,233390.48,107089.29,3,4,5,12,Loyal
C105267,297,2,71171.68000000001,59086.9,4,2,4,10,Loyal
C105268,232,1,5938.38,0.0,3,1,1,5,At Risk
C105269,456,1,6419.87,0.0,4,1,1,6,At Risk
C105270,442,1,11529.24,0.0,4,1,2,7,Needs Attention
C105272,81,12,383504.32999999996,0.0,2,5,5,12,Loyal
C105273,834,1,4473.55,3996.98,5,1,1,7,Needs Attention
C105276,755,2,8411.66,2417.05,5,2,2,9,Needs Attention
C105277,7,5,123448.54,0.0,1,4,4,9,Needs Attention
C105278,268,1,67620.53,0.0,4,1,3,8,Needs Attention
C105279,194,5,125592.09,0.0,3,4,4,11,Loyal
C105280,3,16,178083.23,0.0,1,5,5,11,Loyal
C105281,38,1,39701.32,0.0,2,1,3,6,At Risk
C105282,40,3,43487.84,0.0,2,3,3,8,Needs Attention
C105283,378,4,58253.74999999999,0.0,4,4,3,11,Loyal
C105284,85,6,75424.95999999999,0.0,2,4,4,10,Loyal
C105285,12,2,33995.53,0.0,1,2,3,6,At Risk
C105286,53,5,39190.2,0.0,2,4,3,9,Needs Attention
C105287,598,1,4380.22,0.0,5,1,1,7,Needs Attention
C105290,180,5,101775.69,0.0,3,4,4,11,Loyal
C105291,954,1,5777.88,4843.34,5,1,1,7,Needs Attention
C105292,42,3,11198.86,0.0,2,3,2,7,Needs Attention
C105293,191,2,6810.45,0.0,3,2,1,6,At Risk
C105294,370,1,1540.02,0.0,4,1,1,6,At Risk
C105296,211,1,546.75,0.0,3,1,1,5,At Risk
C105298,6,49,890664.45,66815.92,1,5,5,11,Loyal
C105300,137,4,218762.94,0.0,3,4,5,12,Loyal
C105301,540,2,114479.37999999999,0.0,5,2,4,11,Loyal
C105302,210,8,184213.61000000002,17008.87,3,5,5,13,Champions
C105303,967,1,62851.36,0.0,5,1,3,9,Needs Attention
C105304,41,3,57784.87,0.0,2,3,3,8,Needs Attention
C105305,17,37,751193.48,82534.5,1,5,5,11,Loyal
C105306,725,2,26679.68,0.0,5,2,2,9,Needs Attention
C105308,456,3,71754.06,0.0,4,3,4,11,Loyal
C105312,613,2,24403.75,0.0,5,2,2,9,Needs Attention
C105313,215,1,37265.74,0.0,3,1,3,7,Needs Attention
C105314,1037,1,232.14,0.0,5,1,1,7,Needs Attention
C105315,71,4,36668.7,4533.46,2,4,3,9,Needs Attention
C105317,405,1,32601.92,0.0,4,1,3,8,Needs Attention
C105318,393,2,54072.91,0.0,4,2,3,9,Needs Attention
C105319,72,15,177880.05,0.0,2,5,5,12,Loyal
C105320,80,2,68551.04,0.0,2,2,4,8,Needs Attention
C105321,136,2,33600.0,0.0,3,2,3,8,Needs Attention
C105322,753,1,1886.96,0.0,5,1,1,7,Needs Attention
C105325,381,3,11688.37,0.0,4,3,2,9,Needs Attention
C105326,779,3,41818.119999999995,0.0,5,3,3,11,Loyal
C105327,36,9,213272.61000000002,88113.15,1,5,5,11,Loyal
C105328,149,2,5945.66,0.0,3,2,1,6,At Risk
C105329,23,24,377529.65,30444.24,1,5,5,11,Loyal
C105330,188,1,592.91,0.0,3,1,1,5,At Risk
C105334,633,1,9452.35,0.0,5,1,2,8,Needs Attention
C105336,2,27,426299.86000000004,17429.949999999997,1,5,5,11,Loyal
C105337,12,111,2386994.57,40468.18,1,5,5,11,Loyal
C105338,523,1,5007.5,0.0,4,1,1,6,At Risk
C105340,628,1,92966.66,0.0,5,1,4,10,Loyal
C105341,38,1,5130.0,0.0,2,1,1,4,At Risk
C105343,46,6,304770.32,0.0,2,4,5,11,Loyal
C105344,44,7,240812.49,0.0,2,5,5,12,Loyal
C105345,40,6,30576.75,0.0,2,4,3,9,Needs Attention
C105347,318,4,110932.57,24888.46,4,4,4,12,Loyal
C105348,44,4,97834.24,0.0,2,4,4,10,Loyal
C105350,104,3,48236.0,0.0,3,3,3,9,Needs Attention
C105351,175,3,23235.67,15368.97,3,3,2,8,Needs Attention
C105352,39,12,208593.26,25457.9,2,5,5,12,Loyal
C105353,48,12,212304.52,0.0,2,5,5,12,Loyal
C105354,207,2,62669.35,0.0,3,2,3,8,Needs Attention
C105355,30,20,675917.52,20111.7,1,5,5,11,Loyal
C105356,755,4,57745.84,30020.63,5,4,3,12,Loyal
C105358,72,3,31726.97,0.0,2,3,3,8,Needs Attention
C105359,407,3,67245.3,0.0,4,3,3,10,Loyal
C105360,86,11,169660.59,0.0,2,5,5,12,Loyal
C105364,451,1,68643.53,0.0,4,1,4,9,Needs Attention
C105365,437,1,2577.81,2145.04,4,1,1,6,At Risk
C105366,119,1,132675.64,0.0,3,1,4,8,Needs Attention
C105368,44,31,740790.51,78756.87,2,5,5,12,Loyal
C105369,459,1,61408.72,0.0,4,1,3,8,Needs Attention
C105370,332,3,41842.01999999999,26608.56,4,3,3,10,Loyal
C105371,59,8,88844.18,0.0,2,5,4,11,Loyal
C105373,34,34,944834.77,83764.4,1,5,5,11,Loyal
C105376,375,1,53783.92,0.0,4,1,3,8,Needs Attention
C105377,81,1,12197.75,0.0,2,1,2,5,At Risk
C105378,765,2,102481.37,0.0,5,2,4,11,Loyal
C105379,660,1,6098.88,0.0,5,1,1,7,Needs Attention
C105380,862,2,204507.99,0.0,5,2,5,12,Loyal
C105381,351,2,73075.7,5474.32,4,2,4,10,Loyal
C105382,42,9,521626.21,42651.88,2,5,5,12,Loyal
C105383,201,2,49082.35,0.0,3,2,3,8,Needs Attention
C105384,301,1,7364.43,0.0,4,1,1,6,At Risk
C105385,29,11,90484.15000000001,0.0,1,5,4,10,Loyal
C105386,40,24,971231.93,0.0,2,5,5,12,Loyal
C105387,1,14,228109.01,42267.2,1,5,5,11,Loyal
C105388,317,5,29807.8,3022.92,4,4,3,11,Loyal
C105389,7,19,750641.93,0.0,1,5,5,11,Loyal
C105391,660,2,8424.83,0.0,5,2,2,9,Needs Attention
C105394,413,5,37743.8,6068.19,4,4,3,11,Loyal
C105395,21,6,324636.13,22212.94,1,4,5,10,Loyal
C105397,40,9,185079.18,8737.53,2,5,5,12,Loyal
C105399,80,1,63179.9,0.0,2,1,3,6,At Risk
C105400,30,4,293726.12,21642.21,1,4,5,10,Loyal
C105401,184,3,30838.16,0.0,3,3,3,9,Needs Attention
C105402,19,8,325503.41000000003,565.77,1,5,5,11,Loyal
C105403,315,3,33732.0,1226.66,4,3,3,10,Loyal
C105404,260,5,63802.329999999994,0.0,3,4,3,10,Loyal
C105405,52,7,250083.57,0.0,2,5,5,12,Loyal
C105407,653,4,97869.19000000002,4105.14,5,4,4,13,Champions
C105409,78,3,23889.23,0.0,2,3,2,7,Needs Attention
C105410,815,1,3851.92,0.0,5,1,1,7,Needs Attention
C105411,739,1,32560.21,0.0,5,1,3,9,Needs Attention
C105412,65,3,93623.81,0.0,2,3,4,9,Needs Attention
C105414,392,1,41871.1,34426.94,4,1,3,8,Needs Attention
C105416,239,2,10152.76,0.0,3,2,2,7,Needs Attention
C105417,309,1,43739.93,36587.79,4,1,3,8,Needs Attention
C105418,73,3,75353.98999999999,0.0,2,3,4,9,Needs Attention
C105420,28,20,909179.38,281768.88,1,5,5,11,Loyal
C105421,185,5,32501.43,0.0,3,4,3,10,Loyal
C105422,694,2,46195.79,42606.14,5,2,3,10,Loyal
C105423,51,6,324326.89,61352.3,2,4,5,11,Loyal
C105424,14,6,249164.61,0.0,1,4,5,10,Loyal
C105425,298,1,6419.87,0.0,4,1,1,6,At Risk
C105426,301,3,10596.01,0.0,4,3,2,9,Needs Attention
C105427,156,1,924.01,0.0,3,1,1,5,At Risk
C105428,559,1,5842.08,4754.01,5,1,1,7,Needs Attention
C105429,44,8,125933.63,0.0,2,5,4,11,Loyal
C105430,69,6,159459.42,0.0,2,4,5,11,Loyal
C105432,226,1,8602.63,0.0,3,1,2,6,At Risk
C105433,368,6,143894.46000000002,4417.16,4,4,4,12,Loyal
C105434,66,4,119050.39,191.18,2,4,4,10,Loyal
C105435,139,3,12536.960000000001,0.0,3,3,2,8,Needs Attention
C105436,295,2,10600.33,0.0,4,2,2,8,Needs Attention
C105437,330,1,4945.27,0.0,4,1,1,6,At Risk
C105438,616,1,7814.57,6235.49,5,1,1,7,Needs Attention
C105439,250,6,194552.56,6868.76,3,4,5,12,Loyal
C105440,595,2,10673.779999999999,0.0,5,2,2,9,Needs Attention
C105441,118,4,22083.61,0.0,3,4,2,9,Needs Attention
C105442,794,1,8086.3,0.0,5,1,1,7,Needs Attention
C105445,59,1,6419.87,0.0,2,1,1,4,At Risk
C105448,289,1,739.21,0.0,4,1,1,6,At Risk
C105450,100,2,97138.25,5667.28,3,2,4,9,Needs Attention
C105451,357,6,26114.03,0.0,4,4,2,10,Loyal
C105452,27,8,326327.27999999997,23392.01,1,5,5,11,Loyal
C105453,13,3,80996.15,0.0,1,3,4,8,Needs Attention
C105454,14,1,6419.87,0.0,1,1,1,3,At Risk
C105455,19,11,326337.82,0.0,1,5,5,11,Loyal
C105456,49,11,238932.2,0.0,2,5,5,12,Loyal
C105458,46,6,116779.05,0.0,2,4,4,10,Loyal
C105459,170,5,203230.33,49361.52,3,4,5,12,Loyal
C105461,51,3,72346.53,54445.36,2,3,4,9,Needs Attention
C105462,26,14,465606.62,0.0,1,5,5,11,Loyal
C105463,227,5,23574.64,14390.31,3,4,2,9,Needs Attention
C105465,326,2,82496.97,0.0,4,2,4,10,Loyal
C105466,160,2,24398.88,0.0,3,2,2,7,Needs Attention
C105469,6,51,937446.54,75103.38,1,5,5,11,Loyal
C105471,9,2,49719.840000000004,0.0,1,2,3,6,At Risk
C105472,315,3,27092.48,0.0,4,3,2,9,Needs Attention
C105473,1021,1,19168.68,0.0,5,1,2,8,Needs Attention
C105474,20,40,711523.68,95840.06,1,5,5,11,Loyal
C105476,787,1,14444.71,0.0,5,1,2,8,Needs Attention
C105477,227,1,50158.86,0.0,3,1,3,7,Needs Attention
C105478,427,1,507.31,0.0,4,1,1,6,At Risk
C105479,233,2,77283.43000000001,0.0,3,2,4,9,Needs Attention
C105480,82,2,15233.439999999999,7582.93,2,2,2,6,At Risk
C105481,668,1,5870.33,0.0,5,1,1,7,Needs Attention
C105483,21,3,164815.72,0.0,1,3,5,9,Needs Attention
C105484,583,1,24716.5,18915.6,5,1,2,8,Needs Attention
C105485,722,1,118357.08,0.0,5,1,4,10,Loyal
C105486,1,3,9636.58,4136.99,1,3,2,6,At Risk
C105487,24,41,1196447.28,56126.02,1,5,5,11,Loyal
C105488,652,3,3739.07,0.0,5,3,1,9,Needs Attention
C105489,243,3,15501.7,4919.09,3,3,2,8,Needs Attention
C105490,559,2,6943.52,0.0,5,2,1,8,Needs Attention
C105491,39,4,33987.71,0.0,2,4,3,9,Needs Attention
C105492,243,5,112740.90999999999,0.0,3,4,4,11,Loyal
C105493,353,2,99740.29,0.0,4,2,4,10,Loyal
C105495,42,2,6795.0199999999995,5928.07,2,2,1,5,At Risk
C105497,377,1,69383.55,0.0,4,1,4,9,Needs Attention
C105499,199,2,46377.71,0.0,3,2,3,8,Needs Attention
C105500,64,10,316245.45,2509.23,2,5,5,12,Loyal
C105503,136,7,265904.32,144784.01,3,5,5,13,Champions
C105504,998,1,24527.68,0.0,5,1,2,8,Needs Attention
C105505,8,58,934661.46,49730.399999999994,1,5,5,11,Loyal
C105506,212,2,132577.66,0.0,3,2,4,9,Needs Attention
C105507,251,6,97665.34,0.0,3,4,4,11,Loyal
C105508,258,3,47376.85,26927.11,3,3,3,9,Needs Attention
C105510,436,3,106947.29000000001,0.0,4,3,4,11,Loyal
C105512,52,2,8006.12,0.0,2,2,1,5,At Risk
C105513,590,1,11298.97,0.0,5,1,2,8,Needs Attention
C105514,53,5,59684.43,0.0,2,4,3,9,Needs Attention
C105515,74,3,116599.85,0.0,2,3,4,9,Needs Attention
C105516,61,2,42407.93,10059.25,2,2,3,7,Needs Attention
C105517,108,4,167631.52,0.0,3,4,5,12,Loyal
C105519,487,1,35412.71,0.0,4,1,3,8,Needs Attention
C105520,705,2,49497.0,0.0,5,2,3,10,Loyal
C105521,67,1,34462.8,0.0,2,1,3,6,At Risk
C105522,20,5,89392.27,0.0,1,4,4,9,Needs Attention
C105523,373,8,192102.26,113132.14,4,5,5,14,Champions
C105524,78,3,119614.46,55160.56,2,3,4,9,Needs Attention
C105525,757,2,35867.19,0.0,5,2,3,10,Loyal
C105526,422,2,6159.18,0.0,4,2,1,7,Needs Attention
C105527,85,3,153397.99,0.0,2,3,4,9,Needs Attention
C105528,24,7,90126.45999999999,0.0,1,5,4,10,Loyal
C105529,1008,1,13990.45,0.0,5,1,2,8,Needs Attention
C105531,10,17,309057.05,807.45,1,5,5,11,Loyal
C105532,542,3,41125.63,29269.26,5,3,3,11,Loyal
C105533,249,2,9237.29,0.0,3,2,2,7,Needs Attention
C105534,792,1,13641.76,0.0,5,1,2,8,Needs Attention
C105535,27,3,12615.95,0.0,1,3,2,6,At Risk
C105536,76,14,596278.96,0.0,2,5,5,12,Loyal
C105537,45,15,268214.19,0.0,2,5,5,12,Loyal
C105538,530,1,990.59,0.0,5,1,1,7,Needs Attention
C105540,418,2,35068.48,0.0,4,2,3,9,Needs Attention
C105541,770,1,2516.05,0.0,5,1,1,7,Needs Attention
C105543,13,7,112149.98,4739.4,1,5,4,10,Loyal
C105545,822,1,7684.13,0.0,5,1,1,7,Needs Attention
C105546,59,12,142122.4,0.0,2,5,4,11,Loyal
C105548,217,7,68058.76999999999,2715.6499999999996,3,5,4,12,Loyal
C105549,808,1,3897.58,0.0,5,1,1,7,Needs Attention
C105550,415,2,60579.53,0.0,4,2,3,9,Needs Attention
C105551,236,2,210925.99,0.0,3,2,5,10,Loyal
C105552,2,26,398045.9,29644.8,1,5,5,11,Loyal
C105553,19,50,763461.78,39996.55,1,5,5,11,Loyal
C105554,286,1,8963.67,0.0,4,1,2,7,Needs Attention
C105555,55,4,51918.869999999995,9924.52,2,4,3,9,Needs Attention
C105556,425,2,27856.69,0.0,4,2,2,8,Needs Attention
C105557,949,1,35479.5,0.0,5,1,3,9,Needs Attention
C105558,2,6,113243.21999999999,4736.88,1,4,4,9,Needs Attention
C105559,251,1,9123.68,7981.08,3,1,2,6,At Risk
C105560,970,1,10504.42,0.0,5,1,2,8,Needs Attention
C105561,64,4,61574.700000000004,0.0,2,4,3,9,Needs Attention
C105562,10,5,50542.1,0.0,1,4,3,8,Needs Attention
C105564,28,12,121529.10000000002,2875.05,1,5,4,10,Loyal
C105565,25,3,20899.73,0.0,1,3,2,6,At Risk
C105567,840,2,27682.399999999998,0.0,5,2,2,9,Needs Attention
C105568,540,3,15937.640000000001,0.0,5,3,2,10,Loyal
C105570,28,8,356453.98,251794.58,1,5,5,11,Loyal
C105571,65,5,70161.5,2105.03,2,4,4,10,Loyal
C105572,266,2,12402.87,0.0,4,2,2,8,Needs Attention
C105573,910,1,84083.04,0.0,5,1,4,10,Loyal
C105574,23,2,11106.380000000001,0.0,1,2,2,5,At Risk
C105575,300,2,14306.369999999999,0.0,4,2,2,8,Needs Attention
C105576,6,8,44300.26,11069.990000000002,1,5,3,9,Needs Attention
C105577,589,1,11796.11,0.0,5,1,2,8,Needs Attention
C105578,19,4,94694.36,7462.9,1,4,4,9,Needs Attention
C105579,24,4,46531.57,4777.01,1,4,3,8,Needs Attention
C105581,391,2,8070.95,0.0,4,2,1,7,Needs Attention
C105582,420,1,4395.95,0.0,4,1,1,6,At Risk
C105583,3,1,13147.66,0.0,1,1,2,4,At Risk
C105584,22,3,74508.01999999999,0.0,1,3,4,8,Needs Attention
C105585,111,10,266538.23,3826.44,3,5,5,13,Champions
C105587,217,5,30363.03,4080.92,3,4,3,10,Loyal
C105588,30,1,5929.71,0.0,1,1,1,3,At Risk
C105590,20,2,9275.97,5237.66,1,2,2,5,At Risk
C105591,274,1,16755.86,0.0,4,1,2,7,Needs Attention
C105592,65,7,161737.12,12031.18,2,5,5,12,Loyal
C105593,1085,1,377.95,0.0,5,1,1,7,Needs Attention
C105594,90,10,208984.56,24091.79,2,5,5,12,Loyal
C105595,732,1,3578.84,0.0,5,1,1,7,Needs Attention
C105597,358,2,42364.72,0.0,4,2,3,9,Needs Attention
C105598,434,3,21947.76,0.0,4,3,2,9,Needs Attention
C105599,173,3,21644.95,10785.34,3,3,2,8,Needs Attention
C105600,21,2,17076.86,0.0,1,2,2,5,At Risk
C105602,368,10,155651.88,4235.78,4,5,4,13,Champions
C105604,70,3,36743.310000000005,0.0,2,3,3,8,Needs Attention
C105606,230,2,10029.69,5200.94,3,2,2,7,Needs Attention
C105607,118,7,176105.42,0.0,3,5,5,13,Champions
C105608,59,12,295894.32,1362.27,2,5,5,12,Loyal
C105609,220,1,3284.41,0.0,3,1,1,5,At Risk
C105610,116,3,58606.93,0.0,3,3,3,9,Needs Attention
C105611,50,6,206522.12,0.0,2,4,5,11,Loyal
C105612,233,1,2282.44,0.0,3,1,1,5,At Risk
C105614,234,1,1852.53,0.0,3,1,1,5,At Risk
C105615,790,1,29439.46,0.0,5,1,3,9,Needs Attention
C105616,83,8,105337.81,0.0,2,5,4,11,Loyal
C105617,123,10,145213.54,7152.24,3,5,4,12,Loyal
C105618,598,1,129732.23,0.0,5,1,4,10,Loyal
C105619,77,5,256818.36,0.0,2,4,5,11,Loyal
C105620,214,3,262325.06,1110.89,3,3,5,11,Loyal
C105621,34,6,169460.22,0.0,1,4,5,10,Loyal
C105622,563,2,117054.16,0.0,5,2,4,11,Loyal
C105623,494,2,5907.53,4805.43,4,2,1,7,Needs Attention
C105624,63,1,5135.9,0.0,2,1,1,4,At Risk
C105626,9,5,201511.22,0.0,1,4,5,10,Loyal
C105627,211,4,88975.99,0.0,3,4,4,11,Loyal
C105629,101,2,39235.47,34712.13,3,2,3,8,Needs Attention
C105630,36,34,1179583.1,62067.91,1,5,5,11,Loyal
C105631,145,4,28545.85,0.0,3,4,3,10,Loyal
C105632,59,2,22324.879999999997,0.0,2,2,2,6,At Risk
C105636,89,1,59802.35,45634.55,2,1,3,6,At Risk
C105637,545,2,62196.979999999996,0.0,5,2,3,10,Loyal
C105638,189,3,24476.37,0.0,3,3,2,8,Needs Attention
C105639,217,2,17224.59,0.0,3,2,2,7,Needs Attention
C105640,798,1,1623.99,0.0,5,1,1,7,Needs Attention
C105641,119,7,31530.989999999998,0.0,3,5,3,11,Loyal
C105642,88,3,145440.59,32069.94,2,3,4,9,Needs Attention
C105643,172,3,59441.12,0.0,3,3,3,9,Needs Attention
C105644,56,7,92129.42,0.0,2,5,4,11,Loyal
C105645,162,7,84724.23,4571.8,3,5,4,12,Loyal
C105646,959,2,34198.94,4896.38,5,2,3,10,Loyal
C105647,100,7,98088.65,0.0,3,5,4,12,Loyal
C105648,29,8,131155.26,5340.32,1,5,4,10,Loyal
C105650,53,12,339921.92,0.0,2,5,5,12,Loyal
C105652,27,5,27331.329999999998,0.0,1,4,2,7,Needs Attention
C105653,3,2,9351.03,0.0,1,2,2,5,At Risk
C105655,287,8,75165.61,0.0,4,5,4,13,Champions
C105656,124,1,3822.32,0.0,3,1,1,5,At Risk
C105657,88,3,13766.34,0.0,2,3,2,7,Needs Attention
C105658,14,10,207252.47,16095.4,1,5,5,11,Loyal
C105659,108,6,168425.07,0.0,3,4,5,12,Loyal
C105660,46,3,4485.780000000001,0.0,2,3,1,6,At Risk
C105661,785,3,24660.21,0.0,5,3,2,10,Loyal
C105662,414,1,814.53,0.0,4,1,1,6,At Risk
C105664,49,15,99618.18000000001,0.0,2,5,4,11,Loyal
C105665,388,1,135297.92,0.0,4,1,4,9,Needs Attention
C105666,18,22,489499.62,157900.73,1,5,5,11,Loyal
C105667,404,2,38212.58,0.0,4,2,3,9,Needs Attention
C105668,32,2,8557.5,0.0,1,2,2,5,At Risk
C105669,46,2,15731.7,5036.13,2,2,2,6,At Risk
C105670,988,1,720.94,0.0,5,1,1,7,Needs Attention
C105671,199,9,363005.74,4996.48,3,5,5,13,Champions
C105672,118,2,34131.259999999995,0.0,3,2,3,8,Needs Attention
C105673,454,4,174700.01,0.0,4,4,5,13,Champions
C105674,991,1,7332.45,6794.8,5,1,1,7,Needs Attention
C105675,72,7,142012.26,45225.5,2,5,4,11,Loyal
C105677,12,3,77208.57,63105.8,1,3,4,8,Needs Attention
C105679,50,2,15594.64,0.0,2,2,2,6,At Risk
C105680,13,3,65765.6,10199.02,1,3,3,7,Needs Attention
C105681,753,3,126860.03,0.0,5,3,4,12,Loyal
C105682,534,3,38983.119999999995,0.0,5,3,3,11,Loyal
C105683,460,5,56532.09,5387.87,4,4,3,11,Loyal
C105684,402,1,9943.48,9030.51,4,1,2,7,Needs Attention
C105687,435,6,59414.950000000004,941.43,4,4,3,11,Loyal
C105690,20,4,260839.68,82992.06,1,4,5,10,Loyal
C105691,38,13,142855.99,0.0,2,5,4,11,Loyal
C105692,3,3,66063.68,0.0,1,3,3,7,Needs Attention
C105695,481,1,861.61,0.0,4,1,1,6,At Risk
C105696,9,14,208014.75,77276.41,1,5,5,11,Loyal
C105697,205,12,97291.45,29495.81,3,5,4,12,Loyal
C105698,83,3,53994.99,0.0,2,3,3,8,Needs Attention
C105702,17,15,397045.60000000003,15994.69,1,5,5,11,Loyal
C105703,105,3,22751.54,2828.29,3,3,2,8,Needs Attention
C105704,9,14,214451.83000000002,5868.31,1,5,5,11,Loyal
C105705,21,19,465954.3,57932.03,1,5,5,11,Loyal
C105706,382,3,30433.55,12390.97,4,3,3,10,Loyal
C105708,135,4,89312.07,0.0,3,4,4,11,Loyal
C105709,39,2,24214.25,0.0,2,2,2,6,At Risk
C105710,291,2,21540.629999999997,0.0,4,2,2,8,Needs Attention
C105712,239,1,6419.87,0.0,3,1,1,5,At Risk
C105713,920,1,336.78,0.0,5,1,1,7,Needs Attention
C105716,76,2,3968.8999999999996,0.0,2,2,1,5,At Risk
C105717,192,1,14425.97,0.0,3,1,2,6,At Risk
C105719,878,1,4686.51,0.0,5,1,1,7,Needs Attention
C105720,140,2,17879.879999999997,14148.4,3,2,2,7,Needs Attention
C105721,18,6,46847.1,0.0,1,4,3,8,Needs Attention
C105722,423,1,1108.99,0.0,4,1,1,6,At Risk
C105723,24,15,270933.78,2527.4,1,5,5,11,Loyal
C105725,37,5,164340.57,0.0,2,4,5,11,Loyal
C105726,13,5,41426.600000000006,8828.54,1,4,3,8,Needs Attention
C105729,29,6,57114.020000000004,0.0,1,4,3,8,Needs Attention
C105733,51,4,60585.93000000001,9010.05,2,4,3,9,Needs Attention
C105734,50,12,215504.54,26570.82,2,5,5,12,Loyal
C105735,8,6,336915.87,0.0,1,4,5,10,Loyal
C105736,285,2,54969.45,0.0,4,2,3,9,Needs Attention
C105737,292,5,40314.4,0.0,4,4,3,11,Loyal
C105739,746,1,3026.85,0.0,5,1,1,7,Needs Attention
C105740,769,2,2555.2,0.0,5,2,1,8,Needs Attention
C105741,22,4,175375.19,0.0,1,4,5,10,Loyal
C105742,1021,1,5521.09,0.0,5,1,1,7,Needs Attention
C105743,335,2,2891.1099999999997,0.0,4,2,1,7,Needs Attention
C105744,151,4,13570.52,0.0,3,4,2,9,Needs Attention
C105745,256,4,104639.58,0.0,3,4,4,11,Loyal
C105746,42,3,147558.19,0.0,2,3,4,9,Needs Attention
C105747,84,8,164569.16,33338.83,2,5,5,12,Loyal
C105748,112,2,39547.91,0.0,3,2,3,8,Needs Attention
C105749,399,3,70298.51,0.0,4,3,4,11,Loyal
C105750,37,3,113051.57,0.0,2,3,4,9,Needs Attention
C105751,987,1,4558.11,0.0,5,1,1,7,Needs Attention
C105752,117,1,5239.89,0.0,3,1,1,5,At Risk
C105753,166,12,217160.2,0.0,3,5,5,13,Champions
C105755,79,11,107462.29,0.0,2,5,4,11,Loyal
C105757,225,4,33023.11,0.0,3,4,3,10,Loyal
C105759,12,90,2006823.08,94277.26999999999,1,5,5,11,Loyal
C105760,219,3,8990.61,0.0,3,3,2,8,Needs Attention
C105763,475,2,22841.66,15766.75,4,2,2,8,Needs Attention
C105764,23,6,87571.12000000001,0.0,1,4,4,9,Needs Attention
C105765,109,3,11686.16,0.0,3,3,2,8,Needs Attention
C105766,16,5,213427.37,0.0,1,4,5,10,Loyal
C105768,174,7,250510.99,0.0,3,5,5,13,Champions
C105769,399,4,69161.04000000001,0.0,4,4,4,12,Loyal
C105772,498,2,14436.429999999998,0.0,4,2,2,8,Needs Attention
C105773,154,15,244422.78,0.0,3,5,5,13,Champions
C105774,60,13,142113.41,1260.24,2,5,4,11,Loyal
C105778,940,1,2467.36,0.0,5,1,1,7,Needs Attention
C105780,95,8,91048.14,0.0,3,5,4,12,Loyal
C105781,0,1,4301.31,0.0,1,1,1,3,At Risk
C105783,319,13,226009.55,18130.7,4,5,5,14,Champions
C105784,966,1,1160.41,0.0,5,1,1,7,Needs Attention
C105785,203,4,13103.699999999999,0.0,3,4,2,9,Needs Attention
C105786,36,5,149221.6,113178.45,1,4,4,9,Needs Attention
C105788,243,1,6227.27,0.0,3,1,1,5,At Risk
C105789,51,2,60744.04,0.0,2,2,3,7,Needs Attention
C105790,557,1,41213.24,0.0,5,1,3,9,Needs Attention
C105791,613,2,31180.4,0.0,5,2,3,10,Loyal
C105792,921,1,5135.9,0.0,5,1,1,7,Needs Attention
C105795,1025,2,17301.74,0.0,5,2,2,9,Needs Attention
C105796,43,17,295738.12,11226.72,2,5,5,12,Loyal
C105797,415,3,57729.11,0.0,4,3,3,10,Loyal
C105799,360,1,4662.42,0.0,4,1,1,6,At Risk
C105800,331,4,55594.47,0.0,4,4,3,11,Loyal
C105801,63,3,64313.64,46739.79,2,3,3,8,Needs Attention
C105802,215,5,62149.92,0.0,3,4,3,10,Loyal
C105804,197,6,154514.89,0.0,3,4,4,11,Loyal
C105806,37,7,88262.20000000001,0.0,2,5,4,11,Loyal
C105807,590,1,5007.5,0.0,5,1,1,7,Needs Attention
C105808,497,4,59310.049999999996,0.0,4,4,3,11,Loyal
C105809,192,1,8499.74,0.0,3,1,2,6,At Risk
C105810,35,4,61487.27,0.0,1,4,3,8,Needs Attention
C105811,797,1,5989.61,0.0,5,1,1,7,Needs Attention
C105813,28,5,43297.99,10853.68,1,4,3,8,Needs Attention
C105814,50,2,51142.61,0.0,2,2,3,7,Needs Attention
C105816,8,24,591350.6900000001,0.0,1,5,5,11,Loyal
C105817,394,3,20218.63,0.0,4,3,2,9,Needs Attention
C105818,442,1,9244.61,0.0,4,1,2,7,Needs Attention
C105819,428,1,738.07,0.0,4,1,1,6,At Risk
C105820,599,1,8052.39,0.0,5,1,1,7,Needs Attention
C105821,65,3,169201.54,0.0,2,3,5,10,Loyal
C105822,132,4,99266.05,0.0,3,4,4,11,Loyal
C105823,404,3,94971.66,57881.36,4,3,4,11,Loyal
C105824,98,2,11656.17,0.0,3,2,2,7,Needs Attention
C105825,23,3,29180.940000000002,0.0,1,3,3,7,Needs Attention
C105826,3,4,36924.31,0.0,1,4,3,8,Needs Attention
C105828,821,1,46116.97,0.0,5,1,3,9,Needs Attention
C105829,43,42,890188.6,67235.9,2,5,5,12,Loyal
C105830,92,1,2201.88,0.0,3,1,1,5,At Risk
C105833,10,4,27363.289999999997,0.0,1,4,2,7,Needs Attention
C105834,152,3,103282.11,0.0,3,3,4,10,Loyal
C105835,10,2,11683.119999999999,0.0,1,2,2,5,At Risk
C105836,509,1,5585.29,0.0,4,1,1,6,At Risk
C105837,138,4,19224.7,0.0,3,4,2,9,Needs Attention
C105838,910,1,5970.48,5158.92,5,1,1,7,Needs Attention
C105841,209,2,3890.11,0.0,3,2,1,6,At Risk
C105842,237,3,87723.11,0.0,3,3,4,10,Loyal
C105843,206,3,16703.99,0.0,3,3,2,8,Needs Attention
C105844,822,1,12454.55,0.0,5,1,2,8,Needs Attention
C105846,8,117,2154678.78,181282.91999999998,1,5,5,11,Loyal
C105848,96,5,114157.32,5280.64,3,4,4,11,Loyal
C105849,41,4,136191.24,0.0,2,4,4,10,Loyal
C105851,19,3,69543.44,0.0,1,3,4,8,Needs Attention
C105853,563,1,23111.53,0.0,5,1,2,8,Needs Attention
C105854,63,6,27424.52,0.0,2,4,2,8,Needs Attention
C105855,15,3,16788.86,0.0,1,3,2,6,At Risk
C105857,286,5,47978.7,0.0,4,4,3,11,Loyal
C105858,189,1,51444.98,0.0,3,1,3,7,Needs Attention
C105859,132,6,156708.08,69676.33,3,4,5,12,Loyal
C105860,187,4,119016.68,0.0,3,4,4,11,Loyal
C105863,49,5,430333.44000000006,36387.07,2,4,5,11,Loyal
C105864,778,2,15170.12,0.0,5,2,2,9,Needs Attention
C105865,137,1,1599.39,0.0,3,1,1,5,At Risk
C105867,49,12,207791.28,0.0,2,5,5,12,Loyal
C105870,389,10,99395.79,27590.94,4,5,4,13,Champions
C105871,46,5,114321.94,37661.33,2,4,4,10,Loyal
C105872,787,1,4160.4,0.0,5,1,1,7,Needs Attention
C105874,174,1,5777.88,0.0,3,1,1,5,At Risk
C105876,90,4,98862.13,4871.95,2,4,4,10,Loyal
C105877,282,2,9629.8,0.0,4,2,2,8,Needs Attention
C105879,195,11,101372.46,7150.59,3,5,4,12,Loyal
C105880,49,3,54065.64,0.0,2,3,3,8,Needs Attention
C105881,70,3,56201.229999999996,0.0,2,3,3,8,Needs Attention
C105882,581,3,34181.89,0.0,5,3,3,11,Loyal
C105883,388,2,199491.62,0.0,4,2,5,11,Loyal
C105884,35,2,166047.05,0.0,1,2,5,8,Needs Attention
C105885,65,7,41977.15,9805.79,2,5,3,10,Loyal
C105886,118,6,62935.719999999994,0.0,3,4,3,10,Loyal
C105887,505,4,89008.91,0.0,4,4,4,12,Loyal
C105888,64,7,80832.12,0.0,2,5,4,11,Loyal
C105889,49,1,30986.12,0.0,2,1,3,6,At Risk
C105890,46,15,391933.11,0.0,2,5,5,12,Loyal
C105891,64,4,57866.57,0.0,2,4,3,9,Needs Attention
C105892,541,2,51147.630000000005,0.0,5,2,3,10,Loyal
C105893,37,4,93308.44,0.0,2,4,4,10,Loyal
C105894,192,3,57072.99,0.0,3,3,3,9,Needs Attention
C105896,350,4,30363.41,0.0,4,4,3,11,Loyal
C105897,652,1,12197.75,12157.85,5,1,2,8,Needs Attention
C105898,229,5,89822.94,0.0,3,4,4,11,Loyal
C105899,10,6,68857.36,0.0,1,4,4,9,Needs Attention
C105900,93,2,7125.3099999999995,0.0,3,2,1,6,At Risk
C105901,133,3,23854.18,0.0,3,3,2,8,Needs Attention
C105902,390,2,9322.01,0.0,4,2,2,8,Needs Attention
C105903,201,3,12048.57,5752.1,3,3,2,8,Needs Attention
C105905,83,2,15165.65,580.74,2,2,2,6,At Risk
C105907,291,10,436877.5,0.0,4,5,5,14,Champions
C105910,968,2,21839.59,0.0,5,2,2,9,Needs Attention
C105912,43,5,113565.34,0.0,2,4,4,10,Loyal
C105913,49,30,600973.73,8062.9400000000005,2,5,5,12,Loyal
C105914,131,6,47655.11,0.0,3,4,3,10,Loyal
C105916,63,5,37866.28,0.0,2,4,3,9,Needs Attention
C105918,296,2,7258.74,4400.82,4,2,1,7,Needs Attention
C105919,1074,1,9953.21,7976.99,5,1,2,8,Needs Attention
C105920,41,19,368196.95,8211.86,2,5,5,12,Loyal
C105921,457,1,7407.15,0.0,4,1,1,6,At Risk
C105922,151,5,188732.73,0.0,3,4,5,12,Loyal
C105923,321,1,5585.29,0.0,4,1,1,6,At Risk
C105924,7,8,175076.05,557.06,1,5,5,11,Loyal
C105925,423,2,20020.09,0.0,4,2,2,8,Needs Attention
C105926,373,2,8544.02,0.0,4,2,2,8,Needs Attention
C105927,232,1,5906.28,0.0,3,1,1,5,At Risk
C105928,57,4,115134.01,0.0,2,4,4,10,Loyal
C105929,72,1,11298.97,0.0,2,1,2,5,At Risk
C105930,30,2,70768.37,0.0,1,2,4,7,Needs Attention
C105931,236,8,135016.35,0.0,3,5,4,12,Loyal
C105933,7,3,17602.579999999998,0.0,1,3,2,6,At Risk
C105935,33,16,488006.82,47822.8,1,5,5,11,Loyal
C105936,65,5,123709.08,0.0,2,4,4,10,Loyal
C105937,6,9,118353.37000000001,46222.83,1,5,4,10,Loyal
C105941,786,1,1721.76,0.0,5,1,1,7,Needs Attention
C105942,30,11,152085.52000000002,4044.4,1,5,4,10,Loyal
C105943,299,3,10796.060000000001,0.0,4,3,2,9,Needs Attention
C105944,501,2,14269.24,0.0,4,2,2,8,Needs Attention
C105945,267,2,5150.98,0.0,4,2,1,7,Needs Attention
C105946,53,1,813.25,0.0,2,1,1,4,At Risk
C105947,45,1,53955.26,0.0,2,1,3,6,At Risk
C105948,768,1,11355.24,0.0,5,1,2,8,Needs Attention
C105949,52,2,160732.79,0.0,2,2,5,9,Needs Attention
C105950,380,2,31316.64,0.0,4,2,3,9,Needs Attention
C105951,541,1,6246.49,0.0,5,1,1,7,Needs Attention
C105952,79,5,293695.7,252401.97999999998,2,4,5,11,Loyal
C105953,189,6,78882.9,24001.72,3,4,4,11,Loyal
C105954,576,1,1099.11,0.0,5,1,1,7,Needs Attention
C105955,166,1,41167.28,40286.19,3,1,3,7,Needs Attention
C105956,382,3,16242.27,0.0,4,3,2,9,Needs Attention
C105957,6,6,28980.04,18086.97,1,4,3,8,Needs Attention
C105958,49,2,22870.37,0.0,2,2,2,6,At Risk
C105959,234,2,10849.98,0.0,3,2,2,7,Needs Attention
C105962,740,1,32633.91,0.0,5,1,3,9,Needs Attention
C105963,235,3,138192.91,0.0,3,3,4,10,Loyal
C105965,50,5,38086.19,529.79,2,4,3,9,Needs Attention
C105966,52,2,10592.79,0.0,2,2,2,6,At Risk
C105967,81,6,135178.37,0.0,2,4,4,10,Loyal
C105969,230,2,225734.08,0.0,3,2,5,10,Loyal
C105970,95,10,197099.91999999998,0.0,3,5,5,13,Champions
C105971,12,51,949197.9,4871.48,1,5,5,11,Loyal
C105972,788,2,41530.32,0.0,5,2,3,10,Loyal
C105975,968,2,34153.71,0.0,5,2,3,10,Loyal
C105976,313,1,10656.98,9459.58,4,1,2,7,Needs Attention
C105977,417,1,1540.02,0.0,4,1,1,6,At Risk
C105978,59,7,147325.91999999998,0.0,2,5,4,11,Loyal
C105981,283,1,2728.78,0.0,4,1,1,6,At Risk
C105982,508,1,558.9,0.0,4,1,1,6,At Risk
C105983,387,5,130790.49,0.0,4,4,4,12,Loyal
C105984,62,19,426341.06,2077.82,2,5,5,12,Loyal
C105985,620,1,4360.84,0.0,5,1,1,7,Needs Attention
C105986,10,32,375233.07,32540.52,1,5,5,11,Loyal
C105987,42,3,56362.31,47366.82,2,3,3,8,Needs Attention
C105990,923,1,110319.84,0.0,5,1,4,10,Loyal
C105991,150,1,26677.86,0.0,3,1,2,6,At Risk
C105992,33,8,139566.1,44981.46,1,5,4,10,Loyal
C105994,383,1,2128.73,0.0,4,1,1,6,At Risk
C105995,600,1,1522.49,0.0,5,1,1,7,Needs Attention
C105996,58,3,92555.31,0.0,2,3,4,9,Needs Attention
C105997,384,1,6098.88,5815.62,4,1,1,6,At Risk
C105998,71,4,14077.76,0.0,2,4,2,8,Needs Attention
C105999,99,11,99350.33,253.83,3,5,4,12,Loyal
C106000,274,3,29016.27,19674.61,4,3,3,10,Loyal
C106001,16,16,273441.26,32394.38,1,5,5,11,Loyal
C106002,356,3,17951.66,0.0,4,3,2,9,Needs Attention
C106003,37,5,105677.83,29349.99,2,4,4,10,Loyal
C106004,77,2,12647.56,0.0,2,2,2,6,At Risk
C106005,1,262,5926845.0,275045.79,1,5,5,11,Loyal
C106006,16,5,131632.93,0.0,1,4,4,9,Needs Attention
C106007,423,1,1670.46,0.0,4,1,1,6,At Risk
C106009,213,1,5456.89,4699.66,3,1,1,5,At Risk
C106011,450,2,43957.02,0.0,4,2,3,9,Needs Attention
C106012,122,13,245829.15,616.38,3,5,5,13,Champions
C106013,604,1,611.08,0.0,5,1,1,7,Needs Attention
C106014,145,4,23468.34,12299.39,3,4,2,9,Needs Attention
C106015,66,2,19480.47,0.0,2,2,2,6,At Risk
C106016,573,2,40161.020000000004,0.0,5,2,3,10,Loyal
C106018,305,5,92589.26,0.0,4,4,4,12,Loyal
C106019,23,86,1612509.76,38301.45,1,5,5,11,Loyal
C106020,132,6,78318.66,5310.41,3,4,4,11,Loyal
C106021,386,3,40653.83,5354.97,4,3,3,10,Loyal
C106022,382,1,32314.1,0.0,4,1,3,8,Needs Attention
C106023,776,3,76156.53,6930.639999999999,5,3,4,12,Loyal
C106024,48,8,159127.33,0.0,2,5,5,12,Loyal
C106025,586,3,69162.57,20398.82,5,3,4,12,Loyal
C106026,383,1,685.77,637.87,4,1,1,6,At Risk
C106028,47,4,67044.47,0.0,2,4,3,9,Needs Attention
C106029,1001,1,11611.12,10956.39,5,1,2,8,Needs Attention
C106030,437,1,5617.39,0.0,4,1,1,6,At Risk
C106031,107,2,145186.97,0.0,3,2,4,9,Needs Attention
C106034,262,2,69380.23999999999,58518.45,4,2,4,10,Loyal
C106035,222,4,155446.47999999998,9215.74,3,4,4,11,Loyal
C106037,240,8,193528.22,48749.96,3,5,5,13,Champions
C106038,20,4,38931.81,4393.59,1,4,3,8,Needs Attention
C106040,211,1,8246.38,0.0,3,1,1,5,At Risk
C106041,764,1,54814.62,0.0,5,1,3,9,Needs Attention
C106042,4,53,1829861.3900000001,84898.96,1,5,5,11,Loyal
C106043,260,4,101257.18,3822.32,4,4,4,12,Loyal
C106044,933,1,8119.84,0.0,5,1,1,7,Needs Attention
C106046,126,1,5777.88,0.0,3,1,1,5,At Risk
C106047,8,10,56638.740000000005,0.0,1,5,3,9,Needs Attention
C106051,576,1,5135.9,0.0,5,1,1,7,Needs Attention
C106052,249,11,219067.79,0.0,3,5,5,13,Champions
C106053,29,11,303101.73,67995.56,1,5,5,11,Loyal
C106054,24,10,133716.82,0.0,1,5,4,10,Loyal
C106055,114,4,135007.69,110418.71,3,4,4,11,Loyal
C106056,38,7,142057.39,6206.58,2,5,4,11,Loyal
C106059,460,2,65175.65,0.0,4,2,3,9,Needs Attention
C106060,720,2,19259.61,0.0,5,2,2,9,Needs Attention
C106061,47,14,308388.71,0.0,2,5,5,12,Loyal
C106064,747,1,6419.87,5603.4,5,1,1,7,Needs Attention
C106065,698,2,50726.36,2644.94,5,2,3,10,Loyal
C106066,28,1,6098.88,0.0,1,1,1,3,At Risk
C106068,0,3,34084.5,0.0,1,3,3,7,Needs Attention
C106070,4,6,102536.68,0.0,1,4,4,9,Needs Attention
C106071,599,1,10913.78,0.0,5,1,2,8,Needs Attention
C106072,768,1,13762.29,0.0,5,1,2,8,Needs Attention
C106073,796,2,111764.45999999999,14477.3,5,2,4,11,Loyal
C106074,129,3,10489.98,0.0,3,3,2,8,Needs Attention
C106075,513,3,305739.51,0.0,4,3,5,12,Loyal
C106077,22,22,408690.61,53826.42,1,5,5,11,Loyal
C106078,1080,1,94607.85,0.0,5,1,4,10,Loyal
C106079,608,1,3805.2,0.0,5,1,1,7,Needs Attention
C106080,384,3,34207.77,0.0,4,3,3,10,Loyal
C106082,79,2,68159.22,0.0,2,2,4,8,Needs Attention
C106084,688,1,920.54,0.0,5,1,1,7,Needs Attention
C106085,736,2,16450.32,0.0,5,2,2,9,Needs Attention
C106086,846,1,6210.87,0.0,5,1,1,7,Needs Attention
C106089,768,1,80690.78,0.0,5,1,4,10,Loyal
C106090,450,2,10835.0,3664.36,4,2,2,8,Needs Attention
C106093,148,11,73807.03,33724.729999999996,3,5,4,12,Loyal
C106094,62,1,4608.94,3968.36,2,1,1,4,At Risk
C106095,43,6,131912.94,0.0,2,4,4,10,Loyal
C106098,37,19,482174.4,9485.48,2,5,5,12,Loyal
C106099,120,1,5777.88,0.0,3,1,1,5,At Risk
C106101,120,1,141299.9,0.0,3,1,4,8,Needs Attention
C106102,205,2,9626.0,0.0,3,2,2,7,Needs Attention
C106103,1023,1,6098.88,0.0,5,1,1,7,Needs Attention
C106104,51,1,16370.67,15604.23,2,1,2,5,At Risk
C106108,61,3,41238.28,0.0,2,3,3,8,Needs Attention
C106109,1,45,1230671.06,4115.4,1,5,5,11,Loyal
C106110,386,1,5777.88,0.0,4,1,1,6,At Risk
C106111,934,1,7441.5,0.0,5,1,1,7,Needs Attention
C106114,277,1,3980.32,0.0,4,1,1,6,At Risk
C106115,39,4,161002.73,525.37,2,4,5,11,Loyal
C106116,44,4,13917.65,0.0,2,4,2,8,Needs Attention
C106117,322,10,308201.95,23048.710000000003,4,5,5,14,Champions
C106118,16,2,107486.59,91986.14,1,2,4,7,Needs Attention
C106120,910,2,38427.24,0.0,5,2,3,10,Loyal
C106121,52,29,811561.96,45597.09,2,5,5,12,Loyal
C106122,436,1,51829.71,0.0,4,1,3,8,Needs Attention
C106123,515,1,17087.51,0.0,4,1,2,7,Needs Attention
C106126,686,1,6419.87,0.0,5,1,1,7,Needs Attention
C106128,702,3,11660.06,1883.31,5,3,2,10,Loyal
C106129,31,18,558736.1900000001,8312.6,1,5,5,11,Loyal
C106130,41,16,246599.94,0.0,2,5,5,12,Loyal
C106131,386,1,5257.9,0.0,4,1,1,6,At Risk
C106132,37,1,5617.39,0.0,2,1,1,4,At Risk
C106133,25,4,177038.68,0.0,1,4,5,10,Loyal
C106134,598,1,21275.81,0.0,5,1,2,8,Needs Attention
C106136,933,1,29574.53,0.0,5,1,3,9,Needs Attention
C106137,33,7,185908.52,0.0,1,5,5,11,Loyal
C106138,14,10,155725.88,4757.93,1,5,4,10,Loyal
C106139,675,1,5007.5,0.0,5,1,1,7,Needs Attention
C106140,46,4,150748.33000000002,0.0,2,4,4,10,Loyal
C106141,746,4,169215.12000000002,0.0,5,4,5,14,Champions
C106142,391,2,55366.32,0.0,4,2,3,9,Needs Attention
C106143,50,3,14931.939999999999,0.0,2,3,2,7,Needs Attention
C106145,375,4,11269.599999999999,0.0,4,4,2,10,Loyal
C106148,107,4,25564.65,0.0,3,4,2,9,Needs Attention
C106149,9,11,218224.87,0.0,1,5,5,11,Loyal
C106151,191,1,11294.26,0.0,3,1,2,6,At Risk
C106153,100,1,44043.17,39404.61,3,1,3,7,Needs Attention
C106154,116,2,13032.009999999998,0.0,3,2,2,7,Needs Attention
C106157,52,2,20463.57,2963.88,2,2,2,6,At Risk
C106158,719,1,7028.17,0.0,5,1,1,7,Needs Attention
C106160,248,2,8159.26,0.0,3,2,1,6,At Risk
C106161,15,7,105969.54000000001,0.0,1,5,4,10,Loyal
C106162,192,2,5681.49,2625.58,3,2,1,6,At Risk
C106163,438,1,25407.79,0.0,4,1,2,7,Needs Attention
C106164,395,2,78785.40000000001,0.0,4,2,4,10,Loyal
C106165,44,4,36338.63,0.0,2,4,3,9,Needs Attention
C106166,60,4,70587.17,335.41,2,4,4,10,Loyal
C106167,85,8,373414.81,4813.77,2,5,5,12,Loyal
C106168,45,34,1020611.98,94004.45000000001,2,5,5,12,Loyal
C106169,573,2,217121.38,0.0,5,2,5,12,Loyal
C106170,388,1,12465.86,0.0,4,1,2,7,Needs Attention
C106171,205,6,98710.48000000001,0.0,3,4,4,11,Loyal
C106173,227,2,9308.810000000001,0.0,3,2,2,7,Needs Attention
C106174,106,3,24009.12,0.0,3,3,2,8,Needs Attention
C106175,407,5,74765.27,0.0,4,4,4,12,Loyal
C106177,272,3,83168.51000000001,8083.41,4,3,4,11,Loyal
C106178,379,5,23446.86,0.0,4,4,2,10,Loyal
C106179,41,1,23149.32,0.0,2,1,2,5,At Risk
C106180,31,4,40921.98,1257.46,1,4,3,8,Needs Attention
C106181,58,7,110555.22,0.0,2,5,4,11,Loyal
C106182,879,1,15662.02,0.0,5,1,2,8,Needs Attention
C106183,41,6,70248.31,0.0,2,4,4,10,Loyal
C106184,121,3,19393.68,0.0,3,3,2,8,Needs Attention
C106185,276,5,123962.63,0.0,4,4,4,12,Loyal
C106186,1,4,56396.5,0.0,1,4,3,8,Needs Attention
C106187,270,4,121191.47,48061.54,4,4,4,12,Loyal
C106188,219,2,92547.12999999999,0.0,3,2,4,9,Needs Attention
C106189,86,2,10332.710000000001,0.0,2,2,2,6,At Risk
C106190,452,1,63394.46,0.0,4,1,3,8,Needs Attention
C106191,184,3,18205.42,0.0,3,3,2,8,Needs Attention
C106192,489,1,103679.84,0.0,4,1,4,9,Needs Attention
C106193,1,16,311245.57,0.0,1,5,5,11,Loyal
C106194,33,6,135060.19,7229.42,1,4,4,9,Needs Attention
C106195,70,6,47814.24,0.0,2,4,3,9,Needs Attention
C106196,694,2,8406.73,3880.5,5,2,2,9,Needs Attention
C106197,32,15,142728.05,0.0,1,5,4,10,Loyal
C106198,2,1044,21899676.76,1507155.08,1,5,5,11,Loyal
C106200,642,3,63820.64,0.0,5,3,3,11,Loyal
C106201,158,10,254715.5,0.0,3,5,5,13,Champions
C106202,15,9,297302.79000000004,0.0,1,5,5,11,Loyal
C106204,4,78,2144388.68,62456.68000000001,1,5,5,11,Loyal
C106205,36,12,151256.81,0.0,1,5,4,10,Loyal
C106207,454,4,99453.33,0.0,4,4,4,12,Loyal
C106208,63,2,39693.450000000004,0.0,2,2,3,7,Needs Attention
C106209,98,2,32245.96,0.0,3,2,3,8,Needs Attention
C106210,27,7,92468.52,0.0,1,5,4,10,Loyal
C106211,76,5,56987.84,5040.46,2,4,3,9,Needs Attention
C106213,199,5,71894.3,0.0,3,4,4,11,Loyal
C106214,134,11,381384.21,175797.52,3,5,5,13,Champions
C106216,13,7,159127.29,68247.96,1,5,5,11,Loyal
C106218,808,2,15445.34,0.0,5,2,2,9,Needs Attention
C106219,274,1,4814.9,0.0,4,1,1,6,At Risk
C106220,401,1,69466.74,0.0,4,1,4,9,Needs Attention
C106221,244,3,111880.86,0.0,3,3,4,10,Loyal
C106222,39,1,26351.27,0.0,2,1,2,5,At Risk
C106223,866,1,6419.87,0.0,5,1,1,7,Needs Attention
C106224,53,4,40308.43,9711.85,2,4,3,9,Needs Attention
C106225,9,13,119990.78,56814.71,1,5,4,10,Loyal
C106227,199,12,108430.19,4781.47,3,5,4,12,Loyal
C106228,42,14,398494.62,0.0,2,5,5,12,Loyal
C106230,357,4,114951.90999999999,0.0,4,4,4,12,Loyal
C106232,32,3,10990.150000000001,0.0,1,3,2,6,At Risk
C106233,22,7,166255.31,0.0,1,5,5,11,Loyal
C106234,221,6,244952.47,0.0,3,4,5,12,Loyal
C106235,34,2,2876.52,0.0,1,2,1,4,At Risk
C106236,139,3,69662.76,1160.45,3,3,4,10,Loyal
C106237,15,1,4160.4,0.0,1,1,1,3,At Risk
C106239,540,2,811.05,0.0,5,2,1,8,Needs Attention
C106240,150,3,17215.32,0.0,3,3,2,8,Needs Attention
C106241,174,4,59896.24,961.88,3,4,3,10,Loyal
C106242,37,1,7236.41,0.0,2,1,1,4,At Risk
C106245,95,2,9008.93,0.0,3,2,2,7,Needs Attention
C106246,7,9,252790.65000000002,0.0,1,5,5,11,Loyal
C106247,55,18,719354.76,73382.81,2,5,5,12,Loyal
C106249,967,1,27969.16,0.0,5,1,2,8,Needs Attention
C106250,753,1,12839.74,0.0,5,1,2,8,Needs Attention
C106251,898,1,97199.85,0.0,5,1,4,10,Loyal
C106252,12,9,388641.82,0.0,1,5,5,11,Loyal
C106254,549,2,7879.129999999999,0.0,5,2,1,8,Needs Attention
C106255,246,1,12145.52,0.0,3,1,2,6,At Risk
C106256,980,2,19718.289999999997,0.0,5,2,2,9,Needs Attention
C106257,8,3,16209.38,0.0,1,3,2,6,At Risk
C106259,35,12,179949.19,31389.84,1,5,5,11,Loyal
C106260,11,20,464932.22,50796.450000000004,1,5,5,11,Loyal
C106262,662,1,19727.82,0.0,5,1,2,8,Needs Attention
C106264,933,1,5456.89,0.0,5,1,1,7,Needs Attention
C106265,6,2,24256.670000000002,0.0,1,2,2,5,At Risk
C106266,786,1,52641.01,0.0,5,1,3,9,Needs Attention
C106267,135,3,27064.3,12758.47,3,3,2,8,Needs Attention
C106268,536,1,2219.41,1678.97,5,1,1,7,Needs Attention
C106269,76,4,62987.689999999995,0.0,2,4,3,9,Needs Attention
C106271,976,1,3613.44,0.0,5,1,1,7,Needs Attention
C106272,45,1,19259.61,0.0,2,1,2,5,At Risk
C106273,437,3,25577.7,0.0,4,3,2,9,Needs Attention
C106274,117,2,47990.979999999996,0.0,3,2,3,8,Needs Attention
C106277,383,2,23792.67,0.0,4,2,2,8,Needs Attention
C106278,413,2,140716.38,53959.78,4,2,4,10,Loyal
C106279,814,1,12839.74,0.0,5,1,2,8,Needs Attention
C106280,103,5,162545.84999999998,0.0,3,4,5,12,Loyal
C106281,22,3,176741.75,89188.85,1,3,5,9,Needs Attention
C106282,112,4,51446.619999999995,4732.54,3,4,3,10,Loyal
C106283,786,1,4316.94,0.0,5,1,1,7,Needs Attention
C106287,410,6,122453.86,0.0,4,4,4,12,Loyal
C106288,42,2,3910.7200000000003,517.81,2,2,1,5,At Risk
C106289,58,2,24048.71,0.0,2,2,2,6,At Risk
C106290,725,1,48867.12,0.0,5,1,3,9,Needs Attention
C106291,417,2,11895.8,5040.91,4,2,2,8,Needs Attention
C106292,571,2,94911.89000000001,0.0,5,2,4,11,Loyal
C106293,14,53,983733.24,155283.76,1,5,5,11,Loyal
C106294,26,3,32546.91,4064.53,1,3,3,7,Needs Attention
C106295,25,3,28392.54,4293.61,1,3,3,7,Needs Attention
C106296,114,14,308554.37,8958.34,3,5,5,13,Champions
C106297,732,1,45870.61,0.0,5,1,3,9,Needs Attention
C106298,44,12,457829.6,0.0,2,5,5,12,Loyal
C106299,276,2,6400.280000000001,0.0,4,2,1,7,Needs Attention
C106301,486,1,18874.42,0.0,4,1,2,7,Needs Attention
C106302,501,2,34350.76,0.0,4,2,3,9,Needs Attention
C106303,418,1,28717.84,24101.16,4,1,3,8,Needs Attention
C106304,284,2,31117.61,0.0,4,2,3,9,Needs Attention
C106306,41,3,22831.25,0.0,2,3,2,7,Needs Attention
C106307,69,3,77686.95999999999,0.0,2,3,4,9,Needs Attention
C106310,442,6,90259.79000000001,0.0,4,4,4,12,Loyal
C106311,8,22,873697.7000000001,277151.38,1,5,5,11,Loyal
C106312,586,1,943.51,0.0,5,1,1,7,Needs Attention
C106313,40,2,9968.099999999999,0.0,2,2,2,6,At Risk
C106315,128,2,7450.6900000000005,0.0,3,2,1,6,At Risk
C106316,11,15,264759.41000000003,0.0,1,5,5,11,Loyal
C106317,438,1,3844.18,0.0,4,1,1,6,At Risk
C106318,225,1,976.8,0.0,3,1,1,5,At Risk
C106320,973,1,4249.87,3977.66,5,1,1,7,Needs Attention
C106321,168,11,349249.05,738.22,3,5,5,13,Champions
C106323,244,5,312060.03,0.0,3,4,5,12,Loyal
C106324,39,3,13968.529999999999,245.01,2,3,2,7,Needs Attention
C106325,118,5,61566.36,0.0,3,4,3,10,Loyal
C106326,59,4,8758.2,0.0,2,4,2,8,Needs Attention
C106327,393,2,30412.64,0.0,4,2,3,9,Needs Attention
C106328,626,2,83122.26999999999,0.0,5,2,4,11,Loyal
C106329,445,2,16256.369999999999,0.0,4,2,2,8,Needs Attention
C106330,217,2,13936.369999999999,0.0,3,2,2,7,Needs Attention
C106331,415,5,121294.68,0.0,4,4,4,12,Loyal
C106334,242,2,8126.860000000001,0.0,3,2,1,6,At Risk
C106337,81,12,144858.06,3105.59,2,5,4,11,Loyal
C106338,60,3,55764.240000000005,0.0,2,3,3,8,Needs Attention
C106339,335,2,11266.150000000001,0.0,4,2,2,8,Needs Attention
C106340,58,21,455239.60000000003,30771.65,2,5,5,12,Loyal
C106341,57,11,469521.34,115633.39,2,5,5,12,Loyal
C106345,125,10,155727.7,4241.73,3,5,4,12,Loyal
C106346,10,15,450686.01,4468.07,1,5,5,11,Loyal
C106347,675,3,19825.440000000002,0.0,5,3,2,10,Loyal
C106348,50,2,5871.280000000001,0.0,2,2,1,5,At Risk
C106350,383,5,69597.64,0.0,4,4,4,12,Loyal
C106351,337,5,139423.9,0.0,4,4,4,12,Loyal
C106352,78,4,283754.68,0.0,2,4,5,11,Loyal
C106353,36,2,139246.25,0.0,1,2,4,7,Needs Attention
C106354,224,2,7277.08,0.0,3,2,1,6,At Risk
C106355,588,1,5777.88,0.0,5,1,1,7,Needs Attention
C106356,179,1,8378.3,0.0,3,1,2,6,At Risk
C106357,16,21,367804.0,35346.520000000004,1,5,5,11,Loyal
C106358,453,4,147710.61,0.0,4,4,4,12,Loyal
C106360,21,19,229268.08000000002,50834.2,1,5,5,11,Loyal
C106361,618,2,89857.62,0.0,5,2,4,11,Loyal
C106362,137,2,142386.77,0.0,3,2,4,9,Needs Attention
C106363,265,2,10251.34,0.0,4,2,2,8,Needs Attention
C106364,16,21,566045.88,52806.659999999996,1,5,5,11,Loyal
C106365,63,4,14705.66,6657.95,2,4,2,8,Needs Attention
C106366,64,6,98445.72,34259.92,2,4,4,10,Loyal
C106367,72,2,17622.170000000002,0.0,2,2,2,6,At Risk
C106368,784,1,175667.76,0.0,5,1,5,11,Loyal
C106369,48,5,128291.54,8899.09,2,4,4,10,Loyal
C106371,18,7,103699.39000000001,13394.130000000001,1,5,4,10,Loyal
C106372,17,5,39937.41,0.0,1,4,3,8,Needs Attention
C106373,201,7,140250.56,16154.85,3,5,4,12,Loyal
C106374,832,1,40678.37,0.0,5,1,3,9,Needs Attention
C106375,414,1,2908.72,0.0,4,1,1,6,At Risk
C106377,576,1,939.13,0.0,5,1,1,7,Needs Attention
C106378,64,5,208388.97000000003,0.0,2,4,5,11,Loyal
C106379,866,1,79678.6,0.0,5,1,4,10,Loyal
C106380,81,1,137851.2,0.0,2,1,4,7,Needs Attention
C106381,34,3,20541.12,0.0,1,3,2,6,At Risk
C106382,21,11,264884.25,2913.47,1,5,5,11,Loyal
C106384,35,4,81437.75,0.0,1,4,4,9,Needs Attention
C106385,701,1,4943.3,0.0,5,1,1,7,Needs Attention
C106386,122,6,197579.35,0.0,3,4,5,12,Loyal
C106387,19,17,215757.37,4167.89,1,5,5,11,Loyal
C106389,479,1,14742.62,0.0,4,1,2,7,Needs Attention
C106390,161,1,643.24,0.0,3,1,1,5,At Risk
C106391,559,1,87456.47,0.0,5,1,4,10,Loyal
C106392,60,4,46988.63,5100.31,2,4,3,9,Needs Attention
C106393,904,1,2180.42,0.0,5,1,1,7,Needs Attention
C106396,386,2,4567.57,0.0,4,2,1,7,Needs Attention
C106397,483,1,2380.28,0.0,4,1,1,6,At Risk
C106398,2,2,5109.23,0.0,1,2,1,4,At Risk
C106399,717,2,6693.620000000001,4881.44,5,2,1,8,Needs Attention
C106400,7,2,29715.81,0.0,1,2,3,6,At Risk
C106401,160,6,225725.39,6861.83,3,4,5,12,Loyal
C106402,419,6,58741.75,4558.26,4,4,3,11,Loyal
C106403,786,1,5777.88,0.0,5,1,1,7,Needs Attention
C106404,665,1,5200.09,4536.12,5,1,1,7,Needs Attention
C106405,243,9,190522.7,7729.66,3,5,5,13,Champions
C106406,75,8,264783.86,0.0,2,5,5,12,Loyal
C106409,49,1,7730.64,0.0,2,1,1,4,At Risk
C106410,388,8,137210.81,29658.57,4,5,4,13,Champions
C106413,7,2,18040.3,14475.39,1,2,2,5,At Risk
C106414,1033,2,2969.06,0.0,5,2,1,8,Needs Attention
C106415,392,2,4584.92,0.0,4,2,1,7,Needs Attention
C106416,25,5,55044.71,0.0,1,4,3,8,Needs Attention
C106417,742,2,14272.52,0.0,5,2,2,9,Needs Attention
C106418,159,7,226442.31,0.0,3,5,5,13,Champions
C106419,9,8,75200.79,0.0,1,5,4,10,Loyal
C106420,191,4,118457.54000000001,0.0,3,4,4,11,Loyal
C106421,339,3,101386.54,0.0,4,3,4,11,Loyal
C106422,22,57,1553299.26,52119.909999999996,1,5,5,11,Loyal
C106423,133,5,61142.06,0.0,3,4,3,10,Loyal
C106424,335,2,5084.63,0.0,4,2,1,7,Needs Attention
C106425,59,4,96424.11,0.0,2,4,4,10,Loyal
C106426,1021,1,5456.89,0.0,5,1,1,7,Needs Attention
C106427,307,2,17847.239999999998,0.0,4,2,2,8,Needs Attention
C106429,708,1,4686.51,0.0,5,1,1,7,Needs Attention
C106430,33,2,29718.41,0.0,1,2,3,6,At Risk
C106431,23,10,132453.9,15017.52,1,5,4,10,Loyal
C106432,425,4,26795.09,0.0,4,4,2,10,Loyal
C106433,186,4,129574.36000000002,0.0,3,4,4,11,Loyal
C106434,355,2,96566.58,53666.56,4,2,4,10,Loyal
C106435,450,1,12839.74,0.0,4,1,2,7,Needs Attention
C106436,1024,1,4479.88,0.0,5,1,1,7,Needs Attention
C106437,51,2,29170.6,0.0,2,2,3,7,Needs Attention
C106438,63,6,92520.43000000001,27644.57,2,4,4,10,Loyal
C106439,226,1,505.53,462.75,3,1,1,5,At Risk
C106442,176,1,22084.35,0.0,3,1,2,6,At Risk
C106444,6,12,150256.27000000002,0.0,1,5,4,10,Loyal
C106445,45,1,7686.16,0.0,2,1,1,4,At Risk
C106448,3,11,214765.1,38650.42,1,5,5,11,Loyal
C106449,234,1,4558.11,0.0,3,1,1,5,At Risk
C106450,401,4,186052.55,3264.48,4,4,5,13,Champions
C106451,568,4,84208.33,0.0,5,4,4,13,Champions
C106452,461,3,16355.7,0.0,4,3,2,9,Needs Attention
C106455,54,5,95238.86,6221.56,2,4,4,10,Loyal
C106456,813,2,7101.04,0.0,5,2,1,8,Needs Attention
C106457,376,1,4180.96,0.0,4,1,1,6,At Risk
C106458,29,5,111968.71,0.0,1,4,4,9,Needs Attention
C106459,18,1,1679.02,0.0,1,1,1,3,At Risk
C106460,825,1,11812.56,0.0,5,1,2,8,Needs Attention
C106461,9,3,12838.560000000001,0.0,1,3,2,6,At Risk
C106462,37,2,104137.48999999999,0.0,2,2,4,8,Needs Attention
C106464,172,4,27556.04,0.0,3,4,2,9,Needs Attention
C106466,201,9,86945.36,17160.9,3,5,4,12,Loyal
C106467,297,3,114473.33,0.0,4,3,4,11,Loyal
C106468,794,2,1380.33,0.0,5,2,1,8,Needs Attention
C106469,777,4,42178.55,0.0,5,4,3,12,Loyal
C106470,560,1,12554.06,0.0,5,1,2,8,Needs Attention
C106471,938,1,9244.61,0.0,5,1,2,8,Needs Attention
C106472,435,1,5585.29,0.0,4,1,1,6,At Risk
C106473,187,5,62016.52,22172.54,3,4,3,10,Loyal
C106474,28,7,63965.9,28200.510000000002,1,5,3,9,Needs Attention
C106475,18,8,112954.12,10948.79,1,5,4,10,Loyal
C106476,46,21,359238.26,24965.8,2,5,5,12,Loyal
C106477,339,1,56848.29,55875.77,4,1,3,8,Needs Attention
C106478,356,3,30824.35,27934.9,4,3,3,10,Loyal
C106479,130,6,75434.37,0.0,3,4,4,11,Loyal
C106481,469,1,9525.17,0.0,4,1,2,7,Needs Attention
C106482,621,2,13377.63,0.0,5,2,2,9,Needs Attention
C106485,201,5,64474.09,0.0,3,4,3,10,Loyal
C106486,7,23,449074.27,6497.139999999999,1,5,5,11,Loyal
C106488,231,3,40443.97,0.0,3,3,3,9,Needs Attention
C106489,157,23,521231.62,3948.4700000000003,3,5,5,13,Champions
C106491,296,7,146056.62,66277.74,4,5,4,13,Champions
C106492,226,4,58291.37,0.0,3,4,3,10,Loyal
C106493,84,6,156758.43,67334.25,2,4,5,11,Loyal
C106495,31,18,563439.71,82629.68000000001,1,5,5,11,Loyal
C106497,462,2,35316.12,0.0,4,2,3,9,Needs Attention
C106498,34,7,160418.17,0.0,1,5,5,11,Loyal
C106500,60,7,39828.3,5140.8,2,5,3,10,Loyal
C106503,58,21,257204.08,59953.85,2,5,5,12,Loyal
C106504,672,2,26093.15,0.0,5,2,2,9,Needs Attention
C106508,55,9,117479.28,25820.83,2,5,4,11,Loyal
C106509,752,1,1091.5,0.0,5,1,1,7,Needs Attention
C106510,166,5,35303.65,13867.43,3,4,3,10,Loyal
C106511,236,5,48588.799999999996,15603.05,3,4,3,10,Loyal
C106512,59,4,39222.15,4687.42,2,4,3,9,Needs Attention
C106513,35,8,141802.44,969.07,1,5,4,10,Loyal
C106515,575,3,21290.15,13850.86,5,3,2,10,Loyal
C106516,377,5,44371.6,0.0,4,4,3,11,Loyal
C106517,929,1,35479.5,0.0,5,1,3,9,Needs Attention
C106518,7,3,65067.95,0.0,1,3,3,7,Needs Attention
C106520,10,4,138220.16,10616.77,1,4,4,9,Needs Attention
C106522,404,1,6098.88,0.0,4,1,1,6,At Risk
C106523,7,12,116702.76,0.0,1,5,4,10,Loyal
C106528,612,4,61669.51,0.0,5,4,3,12,Loyal
C106529,129,4,48152.93,22687.55,3,4,3,10,Loyal
C106530,51,3,78840.89,0.0,2,3,4,9,Needs Attention
C106532,684,1,12961.83,0.0,5,1,2,8,Needs Attention
C106534,47,2,37281.32,0.0,2,2,3,7,Needs Attention
C106535,74,3,25645.03,16641.44,2,3,2,7,Needs Attention
C106536,254,1,6163.08,6118.96,3,1,1,5,At Risk
C106537,157,1,3656.23,0.0,3,1,1,5,At Risk
C106540,132,1,1867.59,0.0,3,1,1,5,At Risk
C106541,55,2,8853.77,0.0,2,2,2,6,At Risk
C106542,658,2,33551.29,0.0,5,2,3,10,Loyal
C106544,420,3,63913.59,0.0,4,3,3,10,Loyal
C106545,92,8,245409.08000000002,0.0,3,5,5,13,Champions
C106548,187,2,38876.79,0.0,3,2,3,8,Needs Attention
C106549,91,4,94961.63,0.0,2,4,4,10,Loyal
C106550,893,1,3830.24,0.0,5,1,1,7,Needs Attention
C106551,16,2,7220.639999999999,0.0,1,2,1,4,At Risk
C106552,11,5,130972.6,0.0,1,4,4,9,Needs Attention
C106553,137,2,60605.84,0.0,3,2,3,8,Needs Attention
C106554,36,1,58876.05,0.0,1,1,3,5,At Risk
C106555,617,1,643.24,0.0,5,1,1,7,Needs Attention
C106556,65,2,24495.61,0.0,2,2,2,6,At Risk
C106558,244,11,222014.95,6846.3099999999995,3,5,5,13,Champions
C106559,259,2,182014.1,0.0,3,2,5,10,Loyal
C106560,125,2,12327.15,0.0,3,2,2,7,Needs Attention
C106561,71,11,301657.86,3040.53,2,5,5,12,Loyal
C106562,1,11,183783.05,10127.53,1,5,5,11,Loyal
C106563,69,4,54053.53999999999,0.0,2,4,3,9,Needs Attention
C106565,33,7,137310.59,43187.78,1,5,4,10,Loyal
C106566,45,22,446931.45,33256.61,2,5,5,12,Loyal
C106567,81,3,26758.44,11954.84,2,3,2,7,Needs Attention
C106569,164,1,1590.96,0.0,3,1,1,5,At Risk
C106570,50,1,14055.09,0.0,2,1,2,5,At Risk
C106571,537,3,27102.59,0.0,5,3,2,10,Loyal
C106573,378,2,22133.8,0.0,4,2,2,8,Needs Attention
C106574,761,1,3249.44,2868.12,5,1,1,7,Needs Attention
C106575,108,4,67507.73000000001,0.0,3,4,3,10,Loyal
C106576,291,2,14150.060000000001,0.0,4,2,2,8,Needs Attention
C106578,227,4,31842.86,10680.19,3,4,3,10,Loyal
C106579,7,16,384137.17,4929.44,1,5,5,11,Loyal
C106580,68,7,57229.11,23895.45,2,5,3,10,Loyal
C106581,380,9,262973.89,74317.39,4,5,5,14,Champions
C106582,17,18,301306.02,4813.96,1,5,5,11,Loyal
C106583,12,18,232032.36000000002,7031.78,1,5,5,11,Loyal
C106584,51,8,375046.55,17019.28,2,5,5,12,Loyal
C106585,365,2,48808.729999999996,0.0,4,2,3,9,Needs Attention
C106586,906,2,16565.510000000002,0.0,5,2,2,9,Needs Attention
C106588,21,3,59883.21,0.0,1,3,3,7,Needs Attention
C106590,47,2,76840.89,467.4,2,2,4,8,Needs Attention
C106591,31,11,105101.62,0.0,1,5,4,10,Loyal
C106592,50,6,200475.59,167907.50999999998,2,4,5,11,Loyal
C106593,17,7,259731.67,0.0,1,5,5,11,Loyal
C106594,149,2,210168.74,0.0,3,2,5,10,Loyal
C106596,3,5,73441.76,0.0,1,4,4,9,Needs Attention
C106597,416,2,7159.13,0.0,4,2,1,7,Needs Attention
C106599,167,2,5694.73,0.0,3,2,1,6,At Risk
C106600,1015,1,84791.8,0.0,5,1,4,10,Loyal
C106602,445,2,9873.39,0.0,4,2,2,8,Needs Attention
C106603,51,4,67708.28,0.0,2,4,3,9,Needs Attention
C106604,16,4,109536.09,0.0,1,4,4,9,Needs Attention
C106606,719,1,517.68,0.0,5,1,1,7,Needs Attention
C106608,127,4,115426.76000000001,10311.04,3,4,4,11,Loyal
C106610,99,3,310959.75,0.0,3,3,5,11,Loyal
C106612,831,2,81388.37000000001,0.0,5,2,4,11,Loyal
C106615,21,14,344327.75,13509.2,1,5,5,11,Loyal
C106616,586,5,206855.11000000002,0.0,5,4,5,14,Champions
C106618,881,1,1867.59,0.0,5,1,1,7,Needs Attention
C106619,341,6,32074.75,0.0,4,4,3,11,Loyal
C106621,42,1,398.5,0.0,2,1,1,4,At Risk
C106624,551,2,51711.630000000005,0.0,5,2,3,10,Loyal
C106625,20,8,87317.68,6659.25,1,5,4,10,Loyal
C106628,164,2,11635.619999999999,0.0,3,2,2,7,Needs Attention
C106629,27,7,76866.01,0.0,1,5,4,10,Loyal
C106633,11,7,242990.87,151221.16,1,5,5,11,Loyal
C106634,156,4,98102.63,0.0,3,4,4,11,Loyal
C106635,805,2,25530.24,0.0,5,2,2,9,Needs Attention
C106636,211,8,246270.71,3572.16,3,5,5,13,Champions
C106637,412,1,394.52,0.0,4,1,1,6,At Risk
C106638,76,5,156192.29,0.0,2,4,4,10,Loyal
C106639,196,5,23449.989999999998,0.0,3,4,2,9,Needs Attention
C106640,447,1,12032.73,0.0,4,1,2,7,Needs Attention
C106641,34,2,34090.5,0.0,1,2,3,6,At Risk
C106642,482,1,5576.05,0.0,4,1,1,6,At Risk
C106643,237,2,358109.71,0.0,3,2,5,10,Loyal
C106644,24,31,478598.55,0.0,1,5,5,11,Loyal
C106645,42,4,39959.46,2271.5,2,4,3,9,Needs Attention
C106646,409,3,42289.96,0.0,4,3,3,10,Loyal
C106647,210,5,41225.700000000004,0.0,3,4,3,10,Loyal
C106648,667,2,125355.0,0.0,5,2,4,11,Loyal
C106649,387,1,4686.51,0.0,4,1,1,6,At Risk
C106650,720,1,8947.1,0.0,5,1,2,8,Needs Attention
C106651,19,64,1841529.0999999999,60400.78,1,5,5,11,Loyal
C106652,506,1,5135.9,0.0,4,1,1,6,At Risk
C106653,28,17,439159.44,21166.16,1,5,5,11,Loyal
C106654,505,1,6419.87,0.0,4,1,1,6,At Risk
C106655,48,2,60408.98,0.0,2,2,3,7,Needs Attention
C106657,10,3,7339.379999999999,0.0,1,3,1,5,At Risk
C106659,3,29,680637.9299999999,63615.6,1,5,5,11,Loyal
C106660,66,13,291477.19,5346.82,2,5,5,12,Loyal
C106661,919,2,66653.3,0.0,5,2,3,10,Loyal
C106662,1083,1,18296.63,17488.43,5,1,2,8,Needs Attention
C106664,764,2,34381.229999999996,0.0,5,2,3,10,Loyal
C106665,970,1,4044.52,0.0,5,1,1,7,Needs Attention
C106666,192,7,69652.15,0.0,3,5,4,12,Loyal
C106667,73,2,17620.09,0.0,2,2,2,6,At Risk
C106668,2,18,409929.12,5502.51,1,5,5,11,Loyal
C106669,85,4,136851.7,0.0,2,4,4,10,Loyal
C106670,651,1,4234.22,0.0,5,1,1,7,Needs Attention
C106671,539,2,13875.4,0.0,5,2,2,9,Needs Attention
C106672,174,1,5412.03,0.0,3,1,1,5,At Risk
C106674,28,2,8108.29,0.0,1,2,1,4,At Risk
C106675,26,12,239560.75,8668.92,1,5,5,11,Loyal
C106678,238,3,68860.29,0.0,3,3,4,10,Loyal
C106679,416,1,495.29,419.42,4,1,1,6,At Risk
C106680,781,1,43475.56,0.0,5,1,3,9,Needs Attention
C106681,1091,1,13539.14,0.0,5,1,2,8,Needs Attention
C106682,206,1,7365.91,0.0,3,1,1,5,At Risk
C106683,776,2,256065.57,0.0,5,2,5,12,Loyal
C106684,6,9,332845.76,0.0,1,5,5,11,Loyal
C106685,705,1,5938.38,0.0,5,1,1,7,Needs Attention
C106686,821,2,32211.620000000003,0.0,5,2,3,10,Loyal
C106687,4,24,721798.95,2295.78,1,5,5,11,Loyal
C106688,355,7,63911.87,892.88,4,5,3,12,Loyal
C106689,11,2,30665.24,0.0,1,2,3,6,At Risk
C106691,8,1,4318.86,0.0,1,1,1,3,At Risk
C106693,86,2,8422.42,0.0,2,2,2,6,At Risk
C106694,960,1,22107.19,0.0,5,1,2,8,Needs Attention
C106695,410,1,103380.02,0.0,4,1,4,9,Needs Attention
C106696,12,11,168518.35,0.0,1,5,5,11,Loyal
C106698,16,5,145782.97,0.0,1,4,4,9,Needs Attention
C106701,291,2,9773.16,0.0,4,2,2,8,Needs Attention
C106703,187,2,12326.15,0.0,3,2,2,7,Needs Attention
C106704,145,5,71688.0,0.0,3,4,4,11,Loyal
C106705,217,5,69777.57,0.0,3,4,4,11,Loyal
C106706,948,1,2223.9,1673.42,5,1,1,7,Needs Attention
C106707,6,59,1019490.1799999999,63437.55,1,5,5,11,Loyal
C106709,9,18,343545.17,0.0,1,5,5,11,Loyal
C106710,419,11,266208.54,3144.81,4,5,5,14,Champions
C106713,333,1,13801.94,0.0,4,1,2,7,Needs Attention
C106714,33,2,119817.84999999999,0.0,1,2,4,7,Needs Attention
C106715,759,3,41222.229999999996,30032.88,5,3,3,11,Loyal
C106719,77,14,226931.74,74956.03,2,5,5,12,Loyal
C106720,341,2,14101.61,0.0,4,2,2,8,Needs Attention
C106722,42,4,41666.86,3327.21,2,4,3,9,Needs Attention
C106723,319,5,61640.06,0.0,4,4,3,11,Loyal
C106724,776,1,6911.3,0.0,5,1,1,7,Needs Attention
C106726,73,7,142605.8,75928.97,2,5,4,11,Loyal
C106727,289,6,31904.58,1618.92,4,4,3,11,Loyal
C106728,42,2,8391.44,0.0,2,2,2,6,At Risk
C106729,84,4,64918.729999999996,0.0,2,4,3,9,Needs Attention
C106730,997,1,5906.28,0.0,5,1,1,7,Needs Attention
C106731,204,3,141858.31,0.0,3,3,4,10,Loyal
C106732,209,1,9532.53,0.0,3,1,2,6,At Risk
C106733,90,3,17526.629999999997,0.0,2,3,2,7,Needs Attention
C106734,367,1,3903.26,0.0,4,1,1,6,At Risk
C106735,344,4,118568.82999999999,0.0,4,4,4,12,Loyal
C106736,188,7,188570.8,0.0,3,5,5,13,Champions
C106737,466,1,2852.83,0.0,4,1,1,6,At Risk
C106738,42,5,61369.630000000005,0.0,2,4,3,9,Needs Attention
C106739,170,6,122552.95999999999,0.0,3,4,4,11,Loyal
C106740,831,1,716.11,0.0,5,1,1,7,Needs Attention
C106741,923,1,93553.33,0.0,5,1,4,10,Loyal
C106742,816,1,13084.78,0.0,5,1,2,8,Needs Attention
C106743,13,30,697001.92,0.0,1,5,5,11,Loyal
C106745,284,2,16370.670000000002,0.0,4,2,2,8,Needs Attention
C106747,23,2,7540.9,0.0,1,2,1,4,At Risk
C106748,256,1,4249.87,4225.5,3,1,1,5,At Risk
C106751,71,10,363527.22,10526.05,2,5,5,12,Loyal
C106752,10,14,388889.2,0.0,1,5,5,11,Loyal
C106754,30,6,88249.47,0.0,1,4,4,9,Needs Attention
C106756,165,2,38449.25,0.0,3,2,3,8,Needs Attention
C106757,63,10,135659.96,0.0,2,5,4,11,Loyal
C106758,85,9,148975.51,38259.68,2,5,4,11,Loyal
C106759,795,1,15785.89,0.0,5,1,2,8,Needs Attention
C106761,76,9,205155.83,4165.36,2,5,5,12,Loyal
C106762,91,7,422593.56,819.83,2,5,5,12,Loyal
C106763,37,3,52873.579999999994,0.0,2,3,3,8,Needs Attention
C106764,9,3,82977.09999999999,0.0,1,3,4,8,Needs Attention
C106765,303,1,6419.87,0.0,4,1,1,6,At Risk
C106766,595,3,90042.52,0.0,5,3,4,12,Loyal
C106767,34,3,65956.31,0.0,1,3,3,7,Needs Attention
C106768,191,5,67968.41,0.0,3,4,4,11,Loyal
C106769,46,7,73535.18000000001,11235.19,2,5,4,11,Loyal
C106770,604,1,2352.05,0.0,5,1,1,7,Needs Attention
C106771,34,36,508671.02,35948.21000000001,1,5,5,11,Loyal
C106772,308,5,359682.19,0.0,4,4,5,13,Champions
C106773,109,2,60020.549999999996,0.0,3,2,3,8,Needs Attention
C106774,57,1,12454.55,0.0,2,1,2,5,At Risk
C106776,277,3,22273.18,0.0,4,3,2,9,Needs Attention
C106777,115,1,654.51,0.0,3,1,1,5,At Risk
C106778,562,1,6419.87,0.0,5,1,1,7,Needs Attention
C106779,125,3,6631.35,0.0,3,3,1,7,Needs Attention
C106783,22,17,317819.55,31209.11,1,5,5,11,Loyal
C106784,82,6,30030.29,0.0,2,4,3,9,Needs Attention
C106786,825,1,4473.55,0.0,5,1,1,7,Needs Attention
C106788,650,3,28550.72,827.58,5,3,3,11,Loyal
C106789,200,1,512.75,0.0,3,1,1,5,At Risk
C106790,602,1,5777.88,0.0,5,1,1,7,Needs Attention
C106793,158,1,2034.12,0.0,3,1,1,5,At Risk
C106794,337,2,15600.289999999999,0.0,4,2,2,8,Needs Attention
C106796,84,3,124669.12,0.0,2,3,4,9,Needs Attention
C106797,65,1,5906.28,0.0,2,1,1,4,At Risk
C106798,1074,1,5135.9,0.0,5,1,1,7,Needs Attention
C106800,41,4,31890.37,3731.42,2,4,3,9,Needs Attention
C106801,48,5,77678.7,34288.100000000006,2,4,4,10,Loyal
C106802,382,4,88733.26000000001,0.0,4,4,4,12,Loyal
C106803,67,3,150556.93,0.0,2,3,4,9,Needs Attention
C106804,196,5,136344.78,0.0,3,4,4,11,Loyal
C106805,226,7,118129.9,44185.54,3,5,4,12,Loyal
C106806,957,1,10656.98,0.0,5,1,2,8,Needs Attention
C106807,284,7,91928.91,0.0,4,5,4,13,Champions
C106809,921,1,11555.77,11147.34,5,1,2,8,Needs Attention
C106810,72,3,18073.95,0.0,2,3,2,7,Needs Attention
C106811,300,3,21799.379999999997,0.0,4,3,2,9,Needs Attention
C106812,16,14,144221.01,5555.04,1,5,4,10,Loyal
C106813,26,8,103511.03,4383.83,1,5,4,10,Loyal
C106814,427,3,54810.25,0.0,4,3,3,10,Loyal
C106815,72,6,27029.78,3515.04,2,4,2,8,Needs Attention
C106816,92,1,8987.82,0.0,3,1,2,6,At Risk
C106818,27,9,262404.41000000003,32395.7,1,5,5,11,Loyal
C106820,315,1,18051.2,0.0,4,1,2,7,Needs Attention
C106821,63,1,35491.76,0.0,2,1,3,6,At Risk
C106822,93,1,2416.7,0.0,3,1,1,5,At Risk
C106824,20,19,239571.93,0.0,1,5,5,11,Loyal
C106826,14,15,225675.97,1392.88,1,5,5,11,Loyal
C106827,108,3,64844.299999999996,0.0,3,3,3,9,Needs Attention
C106828,206,1,3051.4,0.0,3,1,1,5,At Risk
C106829,198,5,87084.7,0.0,3,4,4,11,Loyal
C106831,44,1,5521.09,0.0,2,1,1,4,At Risk
C106832,462,2,330834.32,0.0,4,2,5,11,Loyal
C106833,924,1,2619.95,0.0,5,1,1,7,Needs Attention
C106834,17,6,76617.16,0.0,1,4,4,9,Needs Attention
C106835,377,2,14352.53,0.0,4,2,2,8,Needs Attention
C106836,134,1,22141.16,0.0,3,1,2,6,At Risk
C106838,366,1,1094.16,0.0,4,1,1,6,At Risk
C106840,439,3,20294.44,0.0,4,3,2,9,Needs Attention
C106841,787,1,7673.49,0.0,5,1,1,7,Needs Attention
C106842,548,2,131066.38,0.0,5,2,4,11,Loyal
C106844,623,2,104272.66,0.0,5,2,4,11,Loyal
C106845,433,1,12839.74,0.0,4,1,2,7,Needs Attention
C106848,3,2,16627.46,0.0,1,2,2,5,At Risk
C106849,825,2,34269.33,0.0,5,2,3,10,Loyal
C106851,50,4,220643.33,0.0,2,4,5,11,Loyal
C106852,135,5,83713.91,0.0,3,4,4,11,Loyal
C106853,226,1,4361.71,0.0,3,1,1,5,At Risk
C106854,49,4,30530.07,0.0,2,4,3,9,Needs Attention
C106855,874,1,1070.6,0.0,5,1,1,7,Needs Attention
C106856,34,12,250170.36000000002,91738.31999999999,1,5,5,11,Loyal
C106857,71,2,5753.62,0.0,2,2,1,5,At Risk
C106858,218,6,209818.4,0.0,3,4,5,12,Loyal
C106859,539,1,12665.07,0.0,5,1,2,8,Needs Attention
C106860,288,5,135942.97,0.0,4,4,4,12,Loyal
C106861,96,2,86864.77,0.0,3,2,4,9,Needs Attention
C106862,441,1,11170.57,0.0,4,1,2,7,Needs Attention
C106863,143,7,50917.729999999996,9005.94,3,5,3,11,Loyal
C106865,124,2,277371.19,0.0,3,2,5,10,Loyal
C106867,47,1,5970.48,0.0,2,1,1,4,At Risk
C106870,755,1,5970.48,5350.2,5,1,1,7,Needs Attention
C106871,48,7,55346.4,0.0,2,5,3,10,Loyal
C106872,84,5,142536.01,0.0,2,4,4,10,Loyal
C106873,456,3,73221.85,11848.61,4,3,4,11,Loyal
C106874,39,10,54070.25,0.0,2,5,3,10,Loyal
C106875,595,1,6419.87,0.0,5,1,1,7,Needs Attention
C106877,1051,1,6291.47,0.0,5,1,1,7,Needs Attention
C106878,72,1,11812.56,0.0,2,1,2,5,At Risk
C106880,189,3,76547.20999999999,2094.11,3,3,4,10,Loyal
C106881,60,7,136349.81999999998,46755.44,2,5,4,11,Loyal
C106882,598,1,3082.52,0.0,5,1,1,7,Needs Attention
C106883,786,2,41962.72,0.0,5,2,3,10,Loyal
C106884,145,2,23868.54,0.0,3,2,2,7,Needs Attention
C106885,9,13,376831.41000000003,0.0,1,5,5,11,Loyal
C106887,220,1,750.76,0.0,3,1,1,5,At Risk
C106888,818,2,19873.75,0.0,5,2,2,9,Needs Attention
C106890,588,1,52628.72,0.0,5,1,3,9,Needs Attention
C106891,380,2,17102.120000000003,0.0,4,2,2,8,Needs Attention
C106892,292,4,98058.93,0.0,4,4,4,12,Loyal
C106893,224,2,7472.23,3659.63,3,2,1,6,At Risk
C106894,342,1,7686.16,0.0,4,1,1,6,At Risk
C106896,73,9,201408.84,0.0,2,5,5,12,Loyal
C106898,81,2,100706.73000000001,0.0,2,2,4,8,Needs Attention
C106899,922,1,6419.87,0.0,5,1,1,7,Needs Attention
C106900,82,5,69905.43,54463.17,2,4,4,10,Loyal
C106901,10,24,961569.94,363503.19,1,5,5,11,Loyal
C106902,62,5,45696.07,3801.17,2,4,3,9,Needs Attention
C106903,518,1,5328.49,0.0,4,1,1,6,At Risk
C106905,54,5,127499.40000000001,0.0,2,4,4,10,Loyal
C106906,434,1,3974.53,0.0,4,1,1,6,At Risk
C106908,185,2,39417.47,0.0,3,2,3,8,Needs Attention
C106909,134,2,3351.5,0.0,3,2,1,6,At Risk
C106910,241,4,32708.589999999997,683.04,3,4,3,10,Loyal
C106911,566,1,11520.13,0.0,5,1,2,8,Needs Attention
C106912,206,1,3651.9,3639.12,3,1,1,5,At Risk
C106913,113,11,167862.8,10699.37,3,5,5,13,Champions
C106915,0,3,72562.56,0.0,1,3,4,8,Needs Attention
C106917,315,6,60549.78,0.0,4,4,3,11,Loyal
C106918,8,59,1144332.51,32631.04,1,5,5,11,Loyal
C106919,21,7,418708.66,0.0,1,5,5,11,Loyal
C106923,90,5,24793.4,12663.74,2,4,2,8,Needs Attention
C106924,221,4,302577.82999999996,146891.54,3,4,5,12,Loyal
C106925,48,11,170151.26,25077.04,2,5,5,12,Loyal
C106926,90,6,141088.86000000002,10038.82,2,4,4,10,Loyal
C106927,138,1,6899.81,0.0,3,1,1,5,At Risk
C106928,264,1,61317.57,0.0,4,1,3,8,Needs Attention
C106929,374,2,5870.83,0.0,4,2,1,7,Needs Attention
C106930,16,15,454591.97000000003,187114.32,1,5,5,11,Loyal
C106931,885,1,20496.43,0.0,5,1,2,8,Needs Attention
C106932,456,2,1189.63,0.0,4,2,1,7,Needs Attention
C106934,85,6,44280.96000000001,7025.32,2,4,3,9,Needs Attention
C106936,45,7,57304.54,0.0,2,5,3,10,Loyal
C106938,224,1,1304.48,0.0,3,1,1,5,At Risk
C106939,618,1,65914.37,0.0,5,1,3,9,Needs Attention
C106940,74,2,15536.09,0.0,2,3,2,7,Needs Attention
C106942,51,1,19174.9,0.0,2,1,2,5,At Risk
C106945,196,7,31885.420000000002,0.0,3,5,3,11,Loyal
C106947,211,1,12839.74,0.0,3,1,2,6,At Risk
C106949,59,10,386030.39,5273.84,2,5,5,12,Loyal
C106951,5,79,1475905.65,261354.69,1,5,5,11,Loyal
C106954,841,1,6419.87,0.0,5,1,1,7,Needs Attention
C106955,43,16,138607.47,0.0,2,5,4,11,Loyal
C106956,467,1,58976.02,0.0,4,1,3,8,Needs Attention
C106958,3,2,6679.51,0.0,1,3,1,5,At Risk
C106960,330,2,17881.649999999998,6074.78,4,3,2,9,Needs Attention
C106961,45,6,243248.8,9443.380000000001,2,4,5,11,Loyal
C106964,230,5,58440.71000000001,7598.66,3,4,3,10,Loyal
C106965,107,6,124983.38,3093.4,3,4,4,11,Loyal
C106966,76,3,58787.22,0.0,2,3,3,8,Needs Attention
C106967,18,3,20805.61,0.0,1,3,2,6,At Risk
C106969,86,13,188727.56,0.0,2,5,5,12,Loyal
C106970,57,1,2199.69,0.0,2,1,1,4,At Risk
C106971,766,1,1563.08,0.0,5,1,1,7,Needs Attention
C106972,368,3,185800.11,0.0,4,3,5,12,Loyal
C106974,36,5,273024.56,0.0,1,4,5,10,Loyal
C106975,974,2,33959.46,0.0,5,3,3,11,Loyal
C106976,88,2,31703.23,0.0,2,3,3,8,Needs Attention
C106977,446,3,67207.42,0.0,4,3,3,10,Loyal
C106978,126,10,365863.58999999997,37152.02,3,5,5,13,Champions
C106979,480,1,1120.12,0.0,4,1,1,6,At Risk
C106980,36,5,61336.08,3924.69,1,4,3,8,Needs Attention
C106983,808,1,7212.89,0.0,5,1,1,7,Needs Attention
C106984,23,4,21810.84,0.0,1,4,2,7,Needs Attention
C106985,399,1,677.61,0.0,4,1,1,6,At Risk
C106986,307,1,65914.37,0.0,4,1,3,8,Needs Attention
C106987,1,8,421745.59,3790.81,1,5,5,11,Loyal
C106988,45,3,40403.159999999996,0.0,2,3,3,8,Needs Attention
C106989,14,4,41415.25,4448.24,1,4,3,8,Needs Attention
C106991,27,5,38636.25,0.0,1,4,3,8,Needs Attention
C106992,114,4,26839.870000000003,0.0,3,4,2,9,Needs Attention
C106995,355,3,22281.85,0.0,4,3,2,9,Needs Attention
C106997,15,25,838683.85,64531.05,1,5,5,11,Loyal
C107000,271,1,5456.89,0.0,4,1,1,6,At Risk
C107001,1017,1,72147.41,67627.35,5,1,4,10,Loyal
C107003,786,2,12673.029999999999,0.0,5,3,2,10,Loyal
C107004,435,2,104890.83,0.0,4,3,4,11,Loyal
C107005,268,1,51996.5,47858.38,4,1,3,8,Needs Attention
C107007,703,4,49125.43,13301.23,5,4,3,12,Loyal
C107008,89,4,72681.95,0.0,2,4,4,10,Loyal
C107009,34,6,74272.23,1470.93,1,4,4,9,Needs Attention
C107010,86,1,3082.52,0.0,2,1,1,4,At Risk
C107011,196,2,3873.66,0.0,3,3,1,7,Needs Attention
C107013,33,14,200346.91999999998,6194.6,1,5,5,11,Loyal
C107014,654,2,4630.86,0.0,5,3,1,9,Needs Attention
C107015,525,1,7921.87,0.0,4,1,1,6,At Risk
C107016,821,1,1286.48,0.0,5,1,1,7,Needs Attention
C107017,447,2,82670.66,0.0,4,3,4,11,Loyal
C107018,277,1,225653.26,210111.88,4,1,5,10,Loyal
C107019,7,48,1442261.06,1848.0,1,5,5,11,Loyal
C107020,589,1,2539.93,0.0,5,1,1,7,Needs Attention
C107021,407,2,65379.509999999995,0.0,4,3,3,10,Loyal
C107022,346,2,70616.12,0.0,4,3,4,11,Loyal
C107023,909,1,101136.16,0.0,5,1,4,10,Loyal
C107024,84,1,31497.11,0.0,2,1,3,6,At Risk
C107025,36,4,32300.1,0.0,1,4,3,8,Needs Attention
C107028,688,1,15005.94,0.0,5,1,2,8,Needs Attention
C107029,583,2,4475.78,0.0,5,3,1,9,Needs Attention
C107031,23,51,1236032.63,8136.12,1,5,5,11,Loyal
C107034,19,6,150520.68,0.0,1,4,4,9,Needs Attention
C107035,771,1,30310.23,0.0,5,1,3,9,Needs Attention
C107037,132,1,2404.37,0.0,3,1,1,5,At Risk
C107038,374,4,18724.86,4771.12,4,4,2,10,Loyal
C107039,49,20,400962.94,144668.13999999998,2,5,5,12,Loyal
C107040,355,2,68098.17,0.0,4,3,4,11,Loyal
C107041,71,3,34307.01,0.0,2,3,3,8,Needs Attention
C107043,202,6,79755.25,0.0,3,4,4,11,Loyal
C107044,35,3,166301.15000000002,8589.58,1,3,5,9,Needs Attention
C107045,103,2,32884.04,0.0,3,3,3,9,Needs Attention
C107046,182,4,12049.94,0.0,3,4,2,9,Needs Attention
C107047,15,6,30605.370000000003,5490.77,1,4,3,8,Needs Attention
C107048,6,27,391276.58,60418.950000000004,1,5,5,11,Loyal
C107049,53,5,212399.22,0.0,2,4,5,11,Loyal
C107050,19,6,140310.52000000002,0.0,1,4,4,9,Needs Attention
C107051,19,28,609931.9199999999,1374.25,1,5,5,11,Loyal
C107052,77,18,261007.63,26993.77,2,5,5,12,Loyal
C107053,345,7,295395.94,0.0,4,5,5,14,Champions
C107054,454,1,14298.39,0.0,4,1,2,7,Needs Attention
C107055,689,1,1678.52,1576.44,5,1,1,7,Needs Attention
C107057,58,15,367715.05,0.0,2,5,5,12,Loyal
C107058,836,1,5585.29,0.0,5,1,1,7,Needs Attention
C107059,207,1,764.9,0.0,3,1,1,5,At Risk
C107060,468,1,249.47,0.0,4,1,1,6,At Risk
C107061,53,9,139301.1,0.0,2,5,4,11,Loyal
C107063,287,4,137590.84000000003,0.0,4,4,4,12,Loyal
C107064,9,5,61847.67999999999,0.0,1,4,3,8,Needs Attention
C107065,432,1,16003.63,0.0,4,1,2,7,Needs Attention
C107066,434,2,11264.84,4891.51,4,3,2,9,Needs Attention
C107067,343,2,60074.67,9984.48,4,3,3,10,Loyal
C107068,416,4,70342.98,0.0,4,4,4,12,Loyal
C107069,381,1,4493.91,0.0,4,1,1,6,At Risk
C107070,150,6,127987.34000000001,13604.85,3,4,4,11,Loyal
C107071,27,4,180612.08,33161.51,1,4,5,10,Loyal
C107072,46,5,78190.6,0.0,2,4,4,10,Loyal
C107073,56,5,169558.95,0.0,2,4,5,11,Loyal
C107074,90,5,36974.81,0.0,2,4,3,9,Needs Attention
C107075,553,1,66404.76,0.0,5,1,3,9,Needs Attention
C107076,5,5,30768.98,4449.23,1,4,3,8,Needs Attention
C107078,240,4,24979.33,0.0,3,4,2,9,Needs Attention
C107079,69,6,42868.2,0.0,2,4,3,9,Needs Attention
C107080,393,3,12633.41,0.0,4,3,2,9,Needs Attention
C107081,47,5,32974.270000000004,0.0,2,4,3,9,Needs Attention
C107082,203,3,72187.02,0.0,3,3,4,10,Loyal
C107084,207,2,6625.52,0.0,3,3,1,7,Needs Attention
C107089,185,17,429045.60000000003,0.0,3,5,5,13,Champions
C107090,889,1,11542.89,0.0,5,1,2,8,Needs Attention
C107091,115,3,55855.78,0.0,3,3,3,9,Needs Attention
C107093,174,2,55418.36,0.0,3,3,3,9,Needs Attention
C107095,35,2,35964.25,0.0,1,3,3,7,Needs Attention
C107096,210,3,196640.43,0.0,3,3,5,11,Loyal
C107097,27,3,19252.620000000003,2282.9,1,3,2,6,At Risk
C107098,30,9,376457.77999999997,0.0,1,5,5,11,Loyal
C107099,60,4,9123.0,1491.47,2,4,2,8,Needs Attention
C107100,21,3,45748.979999999996,0.0,1,3,3,7,Needs Attention
C107101,99,2,11077.77,0.0,3,3,2,8,Needs Attention
C107102,325,3,13136.91,0.0,4,3,2,9,Needs Attention
C107103,4,52,857753.26,54104.74,1,5,5,11,Loyal
C107105,79,10,163267.4,31890.22,2,5,5,12,Loyal
C107106,203,6,142849.88,10490.5,3,4,4,11,Loyal
C107107,734,1,3009.02,0.0,5,1,1,7,Needs Attention
C107108,50,3,88264.20000000001,0.0,2,3,4,9,Needs Attention
C107109,18,30,631368.62,74112.17,1,5,5,11,Loyal
C107110,102,16,403761.86,52173.66,3,5,5,13,Champions
C107111,547,1,5200.09,0.0,5,1,1,7,Needs Attention
C107114,861,3,13221.59,0.0,5,3,2,10,Loyal
C107115,15,8,272497.69,3378.14,1,5,5,11,Loyal
C107116,932,1,8096.75,6347.45,5,1,1,7,Needs Attention
C107117,184,4,74779.93,0.0,3,4,4,11,Loyal
C107118,21,7,189300.78999999998,0.0,1,5,5,11,Loyal
C107119,439,2,16410.7,0.0,4,3,2,9,Needs Attention
C107122,169,5,68773.2,10495.74,3,4,4,11,Loyal
C107123,200,3,64318.88,0.0,3,3,3,9,Needs Attention
C107124,60,3,11902.71,0.0,2,3,2,7,Needs Attention
C107126,226,3,6831.84,0.0,3,3,1,7,Needs Attention
C107127,386,4,129661.37,0.0,4,4,4,12,Loyal
C107128,19,4,92332.74,0.0,1,4,4,9,Needs Attention
C107132,547,1,49909.43,0.0,5,1,3,9,Needs Attention
C107134,427,2,3627.23,0.0,4,3,1,8,Needs Attention
C107135,118,5,176365.08000000002,0.0,3,4,5,12,Loyal
C107136,9,1,8602.63,0.0,1,1,2,4,At Risk
C107138,34,2,112792.18,0.0,1,3,4,8,Needs Attention
C107140,326,1,22288.08,0.0,4,1,2,7,Needs Attention
C107141,7,3,30145.09,7933.26,1,3,3,7,Needs Attention
C107142,8,5,201797.65000000002,0.0,1,4,5,10,Loyal
C107144,1064,1,477.0,0.0,5,1,1,7,Needs Attention
C107145,299,2,68158.8,0.0,4,3,4,11,Loyal
C107146,48,6,151623.01,0.0,2,4,4,10,Loyal
C107147,141,1,8602.63,0.0,3,1,2,6,At Risk
C107148,264,1,2873.14,0.0,4,1,1,6,At Risk
C107149,57,12,156506.54,5563.43,2,5,5,12,Loyal
C107150,577,1,598.21,0.0,5,1,1,7,Needs Attention
C107152,72,3,128439.14,0.0,2,3,4,9,Needs Attention
C107153,582,4,46248.09,0.0,5,4,3,12,Loyal
C107154,592,3,85365.72,0.0,5,3,4,12,Loyal
C107155,240,10,167480.92,10400.08,3,5,5,13,Champions
C107156,780,1,2336.14,0.0,5,1,1,7,Needs Attention
C107157,75,4,105913.41,0.0,2,4,4,10,Loyal
C107158,662,2,30167.51,0.0,5,3,3,11,Loyal
C107159,457,1,3305.06,2858.85,4,1,1,6,At Risk
C107160,839,1,1758.38,0.0,5,1,1,7,Needs Attention
C107162,219,1,3131.49,0.0,3,1,1,5,At Risk
C107164,394,1,5649.49,0.0,4,1,1,6,At Risk
C107165,258,6,146982.18,0.0,3,4,4,11,Loyal
C107166,594,4,49060.630000000005,0.0,5,4,3,12,Loyal
C107167,678,2,11555.76,0.0,5,3,2,10,Loyal
C107168,52,3,81896.09000000001,0.0,2,3,4,9,Needs Attention
C107169,235,4,37218.759999999995,0.0,3,4,3,10,Loyal
C107170,548,2,43679.73,0.0,5,3,3,11,Loyal
C107171,41,13,203088.62,0.0,2,5,5,12,Loyal
C107172,295,5,152514.79,0.0,4,4,4,12,Loyal
C107173,3,5,85377.16,4391.97,1,4,4,9,Needs Attention
C107177,237,3,85025.89,0.0,3,3,4,10,Loyal
C107178,15,13,110133.98,3387.17,1,5,4,10,Loyal
C107179,758,1,81449.24,0.0,5,1,4,10,Loyal
C107180,219,3,54697.57,35133.38,3,3,3,9,Needs Attention
C107181,310,3,11835.439999999999,0.0,4,3,2,9,Needs Attention
C107182,9,1,32633.91,0.0,1,1,3,5,At Risk
C107183,11,12,160340.47999999998,2305.9,1,5,5,11,Loyal
C107184,296,2,6997.38,0.0,4,3,1,8,Needs Attention
C107188,191,6,181890.27,0.0,3,4,5,12,Loyal
C107189,260,3,60886.2,0.0,4,3,3,10,Loyal
C107190,43,1,1087.47,0.0,2,1,1,4,At Risk
C107191,31,6,57410.07,0.0,1,4,3,8,Needs Attention
C107192,377,6,180140.38,34469.79,4,4,5,13,Champions
C107194,127,1,5906.28,0.0,3,1,1,5,At Risk
C107195,75,1,5777.88,0.0,2,1,1,4,At Risk
C107197,7,6,70661.87,8188.38,1,4,4,9,Needs Attention
C107198,202,2,45906.68,0.0,3,3,3,9,Needs Attention
C107200,216,8,267620.45,0.0,3,5,5,13,Champions
C107202,158,8,207325.95,0.0,3,5,5,13,Champions
C107203,52,4,76577.69,0.0,2,4,4,10,Loyal
C107205,739,2,118492.03,0.0,5,3,4,12,Loyal
C107206,373,3,13817.18,0.0,4,3,2,9,Needs Attention
C107207,67,3,87244.52,0.0,2,3,4,9,Needs Attention
C107208,1007,1,5399.08,0.0,5,1,1,7,Needs Attention
C107209,32,13,306076.16,2701.35,1,5,5,11,Loyal
C107212,862,2,49420.58,0.0,5,3,3,11,Loyal
C107213,16,27,414151.53,1940.05,1,5,5,11,Loyal
C107214,44,4,70060.09,0.0,2,4,4,10,Loyal
C107215,88,6,149832.83000000002,9988.43,2,4,4,10,Loyal
C107216,465,7,124935.79000000001,0.0,4,5,4,13,Champions
C107217,271,2,88724.72,0.0,4,3,4,11,Loyal
C107218,159,3,36560.11,0.0,3,3,3,9,Needs Attention
C107219,788,1,27651.88,0.0,5,1,2,8,Needs Attention
C107220,314,2,6535.87,0.0,4,3,1,8,Needs Attention
C107224,190,2,61642.29,0.0,3,3,3,9,Needs Attention
C107225,820,1,36098.51,0.0,5,1,3,9,Needs Attention
C107227,73,2,12369.64,0.0,2,3,2,7,Needs Attention
C107228,597,1,7703.84,0.0,5,1,1,7,Needs Attention
C107230,211,1,34255.8,0.0,3,1,3,7,Needs Attention
C107231,225,4,214518.8,0.0,3,4,5,12,Loyal
C107232,149,4,254181.65999999997,0.0,3,4,5,12,Loyal
C107233,502,1,1280.86,0.0,4,1,1,6,At Risk
C107234,243,6,101237.5,30191.21,3,4,4,11,Loyal
C107235,20,1,5649.49,0.0,1,1,1,3,At Risk
C107236,1093,1,4493.91,0.0,5,1,1,7,Needs Attention
C107237,502,1,4167.26,0.0,4,1,1,6,At Risk
C107238,210,5,348958.51,2068.74,3,4,5,12,Loyal
C107242,84,2,13778.65,0.0,2,3,2,7,Needs Attention
C107243,795,1,53336.26,40222.88,5,1,3,9,Needs Attention
C107244,625,2,70878.74,0.0,5,3,4,12,Loyal
C107246,775,2,1849.4,0.0,5,3,1,9,Needs Attention
C107247,41,6,105254.39,3132.11,2,4,4,10,Loyal
C107248,42,9,68802.49,0.0,2,5,4,11,Loyal
C107249,107,13,397499.31,54555.79,3,5,5,13,Champions
C107253,508,2,14470.35,0.0,4,3,2,9,Needs Attention
C107254,22,6,200892.93000000002,0.0,1,4,5,10,Loyal
C107256,82,2,86260.45,0.0,2,3,4,9,Needs Attention
C107257,11,36,1008090.27,40349.78999999999,1,5,5,11,Loyal
C107258,169,5,48212.94,0.0,3,4,3,10,Loyal
C107259,320,1,33171.22,0.0,4,1,3,8,Needs Attention
C107260,7,70,1472011.92,168076.06999999998,1,5,5,11,Loyal
C107261,24,10,232743.09,5248.29,1,5,5,11,Loyal
C107262,59,9,150415.55000000002,3469.76,2,5,4,11,Loyal
C107263,80,2,23686.29,0.0,2,3,2,7,Needs Attention
C107264,651,1,13373.44,0.0,5,1,2,8,Needs Attention
C107265,733,1,27969.16,0.0,5,1,2,8,Needs Attention
C107266,33,6,148617.15,0.0,1,4,4,9,Needs Attention
C107267,190,8,95016.35,5900.55,3,5,4,12,Loyal
C107268,215,2,124842.78,0.0,3,3,4,10,Loyal
C107270,30,1,4230.93,4219.22,1,1,1,3,At Risk
C107271,34,24,372715.27999999997,33379.54,1,5,5,11,Loyal
C107272,302,2,22854.74,0.0,4,3,2,9,Needs Attention
C107273,215,4,106401.23999999999,43772.71,3,4,4,11,Loyal
C107275,510,1,14742.62,12781.58,4,1,2,7,Needs Attention
C107276,888,1,28790.87,0.0,5,1,3,9,Needs Attention
C107277,466,2,71804.88,0.0,4,3,4,11,Loyal
C107278,439,2,27504.35,0.0,4,3,2,9,Needs Attention
C107279,418,1,514.59,0.0,4,1,1,6,At Risk
C107281,91,1,47972.52,0.0,2,1,3,6,At Risk
C107282,18,8,67734.85,15797.17,1,5,3,9,Needs Attention
C107284,71,1,2324.67,1844.29,2,1,1,4,At Risk
C107285,898,1,13610.12,0.0,5,1,2,8,Needs Attention
C107286,142,3,66602.88,0.0,3,3,3,9,Needs Attention
C107288,86,4,19546.39,0.0,2,4,2,8,Needs Attention
C107289,78,9,257785.6,0.0,2,5,5,12,Loyal
C107290,1,8,181925.74,0.0,1,5,5,11,Loyal
C107291,418,4,199828.87,0.0,4,4,5,13,Champions
C107293,51,1,417.79,0.0,2,1,1,4,At Risk
C107294,91,2,10437.380000000001,0.0,2,3,2,7,Needs Attention
C107296,23,16,200100.35,74615.70000000001,1,5,5,11,Loyal
C107298,43,1,10769.35,0.0,2,1,2,5,At Risk
C107299,240,3,87990.41,0.0,3,3,4,10,Loyal
C107300,67,4,44002.82,0.0,2,4,3,9,Needs Attention
C107301,51,2,16483.42,0.0,2,3,2,7,Needs Attention
C107302,14,53,1013183.75,16788.29,1,5,5,11,Loyal
C107307,930,1,6103.05,0.0,5,1,1,7,Needs Attention
C107308,180,1,42119.07,0.0,3,1,3,7,Needs Attention
C107309,860,1,21636.05,0.0,5,1,2,8,Needs Attention
C107310,344,1,36430.77,0.0,4,1,3,8,Needs Attention
C107311,4,16,321425.58,39292.13,1,5,5,11,Loyal
C107313,874,1,7843.99,0.0,5,1,1,7,Needs Attention
C107314,790,2,50842.07,0.0,5,3,3,11,Loyal
C107315,499,1,5617.39,0.0,4,1,1,6,At Risk
C107316,23,2,22022.32,0.0,1,3,2,6,At Risk
C107317,464,3,38833.549999999996,0.0,4,3,3,10,Loyal
C107318,472,1,33876.14,0.0,4,1,3,8,Needs Attention
C107319,51,14,132860.45,0.0,2,5,4,11,Loyal
C107320,26,6,85350.16,0.0,1,4,4,9,Needs Attention
C107323,346,4,87073.26000000001,0.0,4,4,4,12,Loyal
C107324,532,3,55743.46,552.69,5,3,3,11,Loyal
C107325,267,3,119928.37,0.0,4,3,4,11,Loyal
C107326,22,14,221949.99,39364.16,1,5,5,11,Loyal
C107327,640,1,1312.13,0.0,5,1,1,7,Needs Attention
C107328,529,1,4301.31,0.0,4,1,1,6,At Risk
C107329,251,2,145690.54,0.0,3,3,4,10,Loyal
C107331,1057,1,837.33,0.0,5,1,1,7,Needs Attention
C107332,769,1,7605.04,0.0,5,1,1,7,Needs Attention
C107333,245,4,45342.81,0.0,3,4,3,10,Loyal
C107334,454,1,65267.82,0.0,4,1,3,8,Needs Attention
C107335,472,1,2997.28,0.0,4,1,1,6,At Risk
C107336,35,4,80641.61,0.0,1,4,4,9,Needs Attention
C107337,672,2,65540.54,0.0,5,3,3,11,Loyal
C107338,47,5,64479.0,0.0,2,4,3,9,Needs Attention
C107339,704,1,10670.44,9346.0,5,1,2,8,Needs Attention
C107340,276,3,19348.88,0.0,4,3,2,9,Needs Attention
C107345,35,2,22702.15,4957.1,1,3,2,6,At Risk
C107346,7,10,327940.08,4848.07,1,5,5,11,Loyal
C107347,2,2,72639.13,0.0,1,3,4,8,Needs Attention
C107349,1073,1,7326.51,0.0,5,1,1,7,Needs Attention
C107351,74,8,68895.17,0.0,2,5,4,11,Loyal
C107352,58,4,91435.81999999999,0.0,2,4,4,10,Loyal
C107353,855,1,25847.1,0.0,5,1,2,8,Needs Attention
C107354,176,3,37311.19,0.0,3,3,3,9,Needs Attention
C107355,11,8,72208.29000000001,5120.76,1,5,4,10,Loyal
C107356,1,17,373320.52999999997,3056.33,1,5,5,11,Loyal
C107357,613,1,13580.37,0.0,5,1,2,8,Needs Attention
C107359,5,4,146161.5,0.0,1,4,4,9,Needs Attention
C107361,8,17,377193.04,27251.17,1,5,5,11,Loyal
C107363,984,1,2776.43,0.0,5,1,1,7,Needs Attention
C107366,67,2,66543.59,49890.05,2,3,3,8,Needs Attention
C107367,15,9,218658.57,0.0,1,5,5,11,Loyal
C107369,19,5,93005.84,0.0,1,4,4,9,Needs Attention
C107370,80,5,48268.32000000001,0.0,2,4,3,9,Needs Attention
C107371,190,6,95991.07999999999,15459.06,3,4,4,11,Loyal
C107372,561,2,20027.87,0.0,5,3,2,10,Loyal
C107373,26,14,482102.87000000005,14204.84,1,5,5,11,Loyal
C107374,3,12,116498.78,0.0,1,5,4,10,Loyal
C107375,79,2,90337.06,0.0,2,3,4,9,Needs Attention
C107376,8,1,63832.87,0.0,1,1,3,5,At Risk
C107377,227,1,3719.47,0.0,3,1,1,5,At Risk
C107378,9,10,291762.57,0.0,1,5,5,11,Loyal
C107379,20,4,101070.37,0.0,1,4,4,9,Needs Attention
C107380,10,6,60634.15,31145.559999999998,1,4,3,8,Needs Attention
C107381,423,2,17090.79,0.0,4,3,2,9,Needs Attention
C107382,703,1,3802.52,3256.27,5,1,1,7,Needs Attention
C107383,6,9,102415.31999999999,15305.17,1,5,4,10,Loyal
C107385,57,11,201555.17,0.0,2,5,5,12,Loyal
C107386,1001,1,46838.89,0.0,5,1,3,9,Needs Attention
C107387,420,1,41474.25,0.0,4,1,3,8,Needs Attention
C107388,46,3,7831.610000000001,1110.31,2,3,1,6,At Risk
C107389,393,2,50034.41,0.0,4,3,3,10,Loyal
C107391,1,7,124507.3,90059.17,1,5,4,10,Loyal
C107393,1,3,12794.98,0.0,1,3,2,6,At Risk
C107394,219,2,8307.76,0.0,3,3,2,8,Needs Attention
C107395,39,4,43872.3,0.0,2,4,3,9,Needs Attention
C107396,185,1,5328.49,0.0,3,1,1,5,At Risk
C107397,7,39,545283.31,17579.989999999998,1,5,5,11,Loyal
C107398,232,1,4366.58,0.0,3,1,1,5,At Risk
C107399,603,6,61045.909999999996,6112.69,5,4,3,12,Loyal
C107400,169,5,100152.01999999999,0.0,3,4,4,11,Loyal
C107401,185,5,88168.26,14223.91,3,4,4,11,Loyal
C107402,163,10,304400.22000000003,0.0,3,5,5,13,Champions
C107404,100,11,309739.54,58374.8,3,5,5,13,Champions
C107405,512,1,54374.28,0.0,4,1,3,8,Needs Attention
C107406,738,1,5649.49,0.0,5,1,1,7,Needs Attention
C107407,51,21,646295.84,37648.5,2,5,5,12,Loyal
C107408,15,11,519166.48,12570.02,1,5,5,11,Loyal
C107409,194,1,12316.43,0.0,3,1,2,6,At Risk
C107412,784,1,1664.84,0.0,5,1,1,7,Needs Attention
C107413,73,12,237049.65,32998.01,2,5,5,12,Loyal
C107414,155,1,740.31,0.0,3,1,1,5,At Risk
C107415,892,1,6259.37,0.0,5,1,1,7,Needs Attention
C107417,621,1,41623.41,0.0,5,1,3,9,Needs Attention
C107418,7,2,2705.99,0.0,1,3,1,5,At Risk
C107419,48,1,5906.28,0.0,2,1,1,4,At Risk
C107420,30,15,248513.89,51208.100000000006,1,5,5,11,Loyal
C107421,215,8,202322.76,0.0,3,5,5,13,Champions
C107422,98,5,136111.29,45973.3,3,4,4,11,Loyal
C107423,58,1,6259.37,0.0,2,1,1,4,At Risk
C107424,16,1,857.21,0.0,1,1,1,3,At Risk
C107425,458,2,9000.31,0.0,4,3,2,9,Needs Attention
C107426,60,6,118608.28,0.0,2,4,4,10,Loyal
C107427,64,1,5412.03,0.0,2,1,1,4,At Risk
C107428,188,1,2189.69,0.0,3,1,1,5,At Risk
C107429,470,3,18552.28,11590.48,4,3,2,9,Needs Attention
C107430,61,6,131968.16,0.0,2,4,4,10,Loyal
C107432,27,16,594466.64,0.0,1,5,5,11,Loyal
C107433,218,4,113976.89000000001,53859.96,3,4,4,11,Loyal
C107434,115,3,36462.32,0.0,3,3,3,9,Needs Attention
C107435,1039,1,6419.87,5936.12,5,1,1,7,Needs Attention
C107436,1,5,36858.01,0.0,1,4,3,8,Needs Attention
C107437,230,6,42150.79,0.0,3,4,3,10,Loyal
C107440,262,13,284930.54,0.0,4,5,5,14,Champions
C107441,40,3,38185.74,19836.32,2,3,3,8,Needs Attention
C107442,42,11,222585.4,54673.770000000004,2,5,5,12,Loyal
C107443,53,27,832870.55,49215.92,2,5,5,12,Loyal
C107444,430,3,23568.04,0.0,4,3,2,9,Needs Attention
C107445,493,1,5115.8,0.0,4,1,1,6,At Risk
C107446,562,2,137588.57,0.0,5,3,4,12,Loyal
C107447,421,1,598.21,0.0,4,1,1,6,At Risk
C107448,3,6,66251.58,0.0,1,4,3,8,Needs Attention
C107450,428,3,45285.03,6282.48,4,3,3,10,Loyal
C107451,953,1,10271.79,0.0,5,1,2,8,Needs Attention
C107452,672,1,5328.49,0.0,5,1,1,7,Needs Attention
C107453,201,6,71397.88,0.0,3,4,4,11,Loyal
C107454,23,4,109408.06,0.0,1,4,4,9,Needs Attention
C107455,1058,1,1015.49,0.0,5,1,1,7,Needs Attention
C107456,23,31,729952.15,50764.030000000006,1,5,5,11,Loyal
C107457,78,5,141570.93,0.0,2,4,4,10,Loyal
C107458,767,2,394381.91000000003,380548.98000000004,5,3,5,13,Champions
C107460,276,1,37317.63,0.0,4,1,3,8,Needs Attention
C107462,42,7,60238.869999999995,0.0,2,5,3,10,Loyal
C107463,25,8,170876.74000000002,77750.99,1,5,5,11,Loyal
C107466,229,3,34454.630000000005,0.0,3,3,3,9,Needs Attention
C107467,39,1,2273.48,0.0,2,1,1,4,At Risk
C107470,65,2,103855.4,62050.22,2,3,4,9,Needs Attention
C107472,525,2,18715.86,0.0,4,3,2,9,Needs Attention
C107473,147,5,176183.08000000002,3702.25,3,4,5,12,Loyal
C107475,166,2,76349.12,0.0,3,3,4,10,Loyal
C107476,466,1,685.77,0.0,4,1,1,6,At Risk
C107477,32,9,192172.33000000002,0.0,1,5,5,11,Loyal
C107478,572,1,791.27,0.0,5,1,1,7,Needs Attention
C107479,653,1,643.24,0.0,5,1,1,7,Needs Attention
C107480,67,5,71884.7,4869.46,2,4,4,10,Loyal
C107481,985,1,1170.7,1127.66,5,1,1,7,Needs Attention
C107483,714,1,6419.87,0.0,5,1,1,7,Needs Attention
C107484,80,1,6212.22,0.0,2,1,1,4,At Risk
C107486,490,3,8645.529999999999,0.0,4,3,2,9,Needs Attention
C107487,375,1,9629.8,9233.73,4,1,2,7,Needs Attention
C107488,105,1,4686.51,0.0,3,1,1,5,At Risk
C107489,32,10,253038.03000000003,0.0,1,5,5,11,Loyal
C107490,144,6,174883.81,0.0,3,4,5,12,Loyal
C107492,34,4,55150.11,11702.48,1,4,3,8,Needs Attention
C107493,381,2,24568.42,8957.82,4,3,2,9,Needs Attention
C107494,185,2,47101.369999999995,0.0,3,3,3,9,Needs Attention
C107495,28,9,265272.57,0.0,1,5,5,11,Loyal
C107496,13,4,45548.920000000006,0.0,1,4,3,8,Needs Attention
C107497,939,1,16755.86,0.0,5,1,2,8,Needs Attention
C107498,99,2,64501.08,0.0,3,3,3,9,Needs Attention
C107500,44,7,59699.28,0.0,2,5,3,10,Loyal
C107501,460,1,5684.22,0.0,4,1,1,6,At Risk
C107504,73,5,84590.93,8760.75,2,4,4,10,Loyal
C107505,49,5,23703.15,0.0,2,4,2,8,Needs Attention
C107506,11,6,357510.20999999996,99631.68,1,4,5,10,Loyal
C107508,190,1,1749.23,0.0,3,1,1,5,At Risk
C107509,261,5,217653.7,0.0,4,4,5,13,Champions
C107510,48,2,17341.19,0.0,2,3,2,7,Needs Attention
C107511,971,1,23111.53,0.0,5,1,2,8,Needs Attention
C107512,165,1,6163.08,0.0,3,1,1,5,At Risk
C107513,947,1,4694.99,0.0,5,1,1,7,Needs Attention
C107514,296,4,46978.3,0.0,4,4,3,11,Loyal
C107515,406,2,114217.01,0.0,4,3,4,11,Loyal
C107517,47,9,63058.46,0.0,2,5,3,10,Loyal
C107518,609,1,11785.45,0.0,5,1,2,8,Needs Attention
C107519,24,52,1116254.59,49007.7,1,5,5,11,Loyal
C107520,533,1,1421.78,0.0,5,1,1,7,Needs Attention
C107521,52,1,12097.77,9430.63,2,1,2,5,At Risk
C107522,101,10,230082.72999999998,0.0,3,5,5,13,Champions
C107523,31,15,215777.03,30843.72,1,5,5,11,Loyal
C107524,108,7,29063.72,0.0,3,5,3,11,Loyal
C107525,18,14,243799.45,0.0,1,5,5,11,Loyal
C107526,85,4,91914.76999999999,1957.52,2,4,4,10,Loyal
C107527,861,1,32308.87,0.0,5,1,3,9,Needs Attention
C107528,465,4,41321.26,3325.66,4,4,3,11,Loyal
C107529,19,9,199664.74,7198.49,1,5,5,11,Loyal
C107530,407,2,16089.009999999998,0.0,4,3,2,9,Needs Attention
C107532,278,2,6929.25,0.0,4,3,1,8,Needs Attention
C107533,363,3,183660.74,0.0,4,3,5,12,Loyal
C107534,686,1,5135.9,0.0,5,1,1,7,Needs Attention
C107535,44,1,34821.79,0.0,2,1,3,6,At Risk
C107536,1017,1,135297.92,0.0,5,1,4,10,Loyal
C107537,56,2,6751.96,0.0,2,3,1,6,At Risk
C107539,961,1,4115.67,0.0,5,1,1,7,Needs Attention
C107542,217,1,1093.51,0.0,3,1,1,5,At Risk
C107543,99,11,166465.91,0.0,3,5,5,13,Champions
C107544,132,2,14637.310000000001,0.0,3,3,2,8,Needs Attention
C107545,429,3,36680.21,0.0,4,3,3,10,Loyal
C107546,971,1,2823.72,0.0,5,1,1,7,Needs Attention
C107547,148,2,10890.89,0.0,3,3,2,8,Needs Attention
C107549,210,4,30691.83,0.0,3,4,3,10,Loyal
C107550,551,1,94120.32,0.0,5,1,4,10,Loyal
C107555,42,4,40294.06,10954.31,2,4,3,9,Needs Attention
C107556,64,8,89341.81999999999,0.0,2,5,4,11,Loyal
C107557,407,1,6419.87,5207.29,4,1,1,6,At Risk
C107559,28,5,36025.51,0.0,1,4,3,8,Needs Attention
C107560,59,5,49146.130000000005,0.0,2,4,3,9,Needs Attention
C107562,195,1,3516.76,0.0,3,1,1,5,At Risk
C107564,654,2,122551.56,0.0,5,3,4,12,Loyal
C107565,11,1,738.07,0.0,1,1,1,3,At Risk
C107566,442,1,3338.33,0.0,4,1,1,6,At Risk
C107569,32,9,124199.58,0.0,1,5,4,10,Loyal
C107570,604,3,45104.64,0.0,5,3,3,11,Loyal
C107571,760,1,32682.63,0.0,5,1,3,9,Needs Attention
C107573,423,2,33285.840000000004,0.0,4,3,3,10,Loyal
C107574,596,1,11644.2,0.0,5,1,2,8,Needs Attention
C107575,828,2,24039.78,0.0,5,3,2,10,Loyal
C107576,1049,1,215456.16,0.0,5,1,5,11,Loyal
C107577,411,2,8392.25,0.0,4,3,2,9,Needs Attention
C107578,7,18,414714.24,0.0,1,5,5,11,Loyal
C107579,192,2,6056.969999999999,0.0,3,3,1,7,Needs Attention
C107580,157,4,72461.21,0.0,3,4,4,11,Loyal
C107583,57,7,106988.6,0.0,2,5,4,11,Loyal
C107585,722,1,4058.62,0.0,5,1,1,7,Needs Attention
C107586,389,4,20985.03,0.0,4,4,2,10,Loyal
C107587,389,4,55220.100000000006,37759.46000000001,4,4,3,11,Loyal
C107588,21,4,36071.520000000004,0.0,1,4,3,8,Needs Attention
C107589,763,1,12169.76,0.0,5,1,2,8,Needs Attention
C107590,22,10,372097.16000000003,0.0,1,5,5,11,Loyal
C107591,28,36,789288.66,243003.35,1,5,5,11,Loyal
C107592,903,1,1211.39,0.0,5,1,1,7,Needs Attention
C107593,496,1,27562.81,0.0,4,1,2,7,Needs Attention
C107595,49,5,100626.73000000001,0.0,2,4,4,10,Loyal
C107596,0,8,114148.76,12890.63,1,5,4,10,Loyal
C107598,34,6,100181.96,0.0,1,4,4,9,Needs Attention
C107599,221,5,128932.54,12819.71,3,4,4,11,Loyal
C107601,394,2,4762.639999999999,0.0,4,3,1,8,Needs Attention
C107602,595,1,8034.52,0.0,5,1,1,7,Needs Attention
C107603,439,2,6758.27,0.0,4,3,1,8,Needs Attention
C107604,1067,1,5649.49,0.0,5,1,1,7,Needs Attention
C107605,36,1,49502.54,0.0,1,1,3,5,At Risk
C107606,17,10,190913.28,1332.1,1,5,5,11,Loyal
C107607,606,1,17462.05,0.0,5,1,2,8,Needs Attention
C107609,375,3,77710.33,0.0,4,3,4,11,Loyal
C107610,236,2,12839.74,0.0,3,3,2,8,Needs Attention
C107611,313,4,137735.16,105860.45,4,4,4,12,Loyal
C107612,314,1,2157.0,0.0,4,1,1,6,At Risk
C107614,402,5,55125.34,0.0,4,4,3,11,Loyal
C107615,42,21,1015089.22,45586.8,2,5,5,12,Loyal
C107616,11,4,260457.55000000002,0.0,1,4,5,10,Loyal
C107617,248,2,12326.15,0.0,3,3,2,8,Needs Attention
C107619,66,3,21693.739999999998,0.0,2,3,2,7,Needs Attention
C107620,708,1,2181.4,0.0,5,1,1,7,Needs Attention
C107622,458,1,1383.17,0.0,4,1,1,6,At Risk
C107623,865,1,6227.27,0.0,5,1,1,7,Needs Attention
C107624,14,173,3620406.79,282285.7,1,5,5,11,Loyal
C107626,455,1,5585.29,0.0,4,1,1,6,At Risk
C107627,177,2,1280.78,0.0,3,3,1,7,Needs Attention
C107628,227,4,12498.16,0.0,3,4,2,9,Needs Attention
C107629,421,1,183172.57,0.0,4,1,5,10,Loyal
C107631,528,1,5553.76,5088.55,4,1,1,6,At Risk
C107632,599,1,6419.87,0.0,5,1,1,7,Needs Attention
C107635,71,1,3294.13,0.0,2,1,1,4,At Risk
C107637,54,18,374173.6,95257.62,2,5,5,12,Loyal
C107638,26,5,114923.38,0.0,1,4,4,9,Needs Attention
C107639,226,4,233734.9,0.0,3,4,5,12,Loyal
C107640,85,1,4730.52,0.0,2,1,1,4,At Risk
C107641,564,1,11170.57,0.0,5,1,2,8,Needs Attention
C107642,994,1,5135.9,0.0,5,1,1,7,Needs Attention
C107644,247,2,4970.030000000001,0.0,3,3,1,7,Needs Attention
C107645,444,1,577.51,0.0,4,1,1,6,At Risk
C107646,253,2,37185.8,0.0,3,3,3,9,Needs Attention
C107647,102,9,197928.15,0.0,3,5,5,13,Champions
C107648,122,9,155044.02000000002,4968.68,3,5,4,12,Loyal
C107649,55,5,31098.769999999997,0.0,2,4,3,9,Needs Attention
C107650,15,5,21739.79,9617.31,1,4,2,7,Needs Attention
C107651,510,2,8501.69,2671.8,4,3,2,9,Needs Attention
C107652,55,1,4564.87,0.0,2,1,1,4,At Risk
C107653,32,20,281702.84,40395.89,1,5,5,11,Loyal
C107654,106,8,274097.92,11972.84,3,5,5,13,Champions
C107656,161,3,45469.55,0.0,3,3,3,9,Needs Attention
C107657,199,1,5649.49,0.0,3,1,1,5,At Risk
C107658,94,1,5970.48,0.0,3,1,1,5,At Risk
C107659,529,2,51891.33,0.0,4,3,3,10,Loyal
C107660,42,44,783689.28,40220.03,2,5,5,12,Loyal
C107661,204,5,107796.23,0.0,3,4,4,11,Loyal
C107662,253,2,112000.46,0.0,3,3,4,10,Loyal
C107664,588,2,335670.74,0.0,5,3,5,13,Champions
C107666,578,1,69383.55,0.0,5,1,4,10,Loyal
C107667,598,1,5328.49,0.0,5,1,1,7,Needs Attention
C107668,1009,1,5833.8,0.0,5,1,1,7,Needs Attention
C107669,91,6,34440.96,0.0,2,4,3,9,Needs Attention
C107670,36,18,382492.22000000003,5265.62,1,5,5,11,Loyal
C107671,818,1,1822.47,0.0,5,1,1,7,Needs Attention
C107673,89,3,66507.17,0.0,2,3,3,8,Needs Attention
C107674,12,10,182210.84,46589.75,1,5,5,11,Loyal
C107676,683,1,5555.31,0.0,5,1,1,7,Needs Attention
C107677,22,3,51732.159999999996,28432.8,1,3,3,7,Needs Attention
C107678,7,9,280282.48,0.0,1,5,5,11,Loyal
C107679,449,2,13300.95,0.0,4,3,2,9,Needs Attention
C107680,447,1,3978.95,0.0,4,1,1,6,At Risk
C107681,52,5,129053.99,0.0,2,4,4,10,Loyal
C107682,431,4,54195.73,0.0,4,4,3,11,Loyal
C107683,158,3,6482.56,5857.709999999999,3,3,1,7,Needs Attention
C107685,178,2,21271.37,0.0,3,3,2,8,Needs Attention
C107687,752,2,20959.71,0.0,5,3,2,10,Loyal
C107688,817,1,5135.9,0.0,5,1,1,7,Needs Attention
C107689,954,1,12839.74,0.0,5,1,2,8,Needs Attention
C107690,789,1,52509.44,0.0,5,1,3,9,Needs Attention
C107691,416,1,81991.79,62242.57,4,1,4,9,Needs Attention
C107693,27,16,386034.22,45821.69,1,5,5,11,Loyal
C107694,544,4,50488.95,0.0,5,4,3,12,Loyal
C107696,916,1,6461.36,0.0,5,1,1,7,Needs Attention
C107700,306,2,105978.25,0.0,4,3,4,11,Loyal
C107701,16,13,420352.27999999997,8296.7,1,5,5,11,Loyal
C107702,9,21,385476.74000000005,15299.769999999999,1,5,5,11,Loyal
C107704,789,1,11042.18,0.0,5,1,2,8,Needs Attention
C107705,117,3,16907.559999999998,5572.97,3,3,2,8,Needs Attention
C107706,269,2,26439.02,0.0,4,3,2,9,Needs Attention
C107707,443,1,1869.81,0.0,4,1,1,6,At Risk
C107708,210,1,6419.87,0.0,3,1,1,5,At Risk
C107709,272,2,7063.11,0.0,4,3,1,8,Needs Attention
C107712,25,18,462103.88,0.0,1,5,5,11,Loyal
C107713,507,2,17273.260000000002,4676.2,4,3,2,9,Needs Attention
C107714,738,1,54374.28,0.0,5,1,3,9,Needs Attention
C107715,734,1,127670.97,119106.76,5,1,4,10,Loyal
C107716,456,2,16527.37,0.0,4,3,2,9,Needs Attention
C107717,35,6,35251.67,0.0,1,4,3,8,Needs Attention
C107718,224,2,5085.1,0.0,3,3,1,7,Needs Attention
C107720,3,13,154662.81,0.0,1,5,4,10,Loyal
C107721,24,10,181137.09,3642.48,1,5,5,11,Loyal
C107722,8,5,93577.52,4944.07,1,4,4,9,Needs Attention
C107723,242,2,41401.24,34726.73,3,3,3,9,Needs Attention
C107725,361,1,3479.01,0.0,4,1,1,6,At Risk
C107726,49,3,60707.02,0.0,2,3,3,8,Needs Attention
C107727,10,10,94335.11,0.0,1,5,4,10,Loyal
C107728,9,4,9980.3,0.0,1,4,2,7,Needs Attention
C107731,1088,1,9875.3,0.0,5,1,2,8,Needs Attention
C107733,751,1,4044.52,0.0,5,1,1,7,Needs Attention
C107736,436,2,72685.68,0.0,4,3,4,11,Loyal
C107740,114,5,80587.05,0.0,3,4,4,11,Loyal
C107741,1091,1,5617.39,0.0,5,1,1,7,Needs Attention
C107743,29,3,10914.59,645.37,1,3,2,6,At Risk
C107746,308,1,34527.39,0.0,4,1,3,8,Needs Attention
C107747,1082,1,110188.58,0.0,5,1,4,10,Loyal
C107748,67,13,167924.02000000002,10916.16,2,5,5,12,Loyal
C107749,759,2,128593.73,0.0,5,3,4,12,Loyal
C107750,759,2,6685.66,0.0,5,3,1,9,Needs Attention
C107751,176,1,2926.04,0.0,3,1,1,5,At Risk
C107752,242,1,1408.7,0.0,3,1,1,5,At Risk
C107753,36,5,109339.34,0.0,1,4,4,9,Needs Attention
C107755,807,1,24941.56,0.0,5,1,2,8,Needs Attention
C107756,23,37,659353.34,1685.24,1,5,5,11,Loyal
C107759,400,2,120364.34,16493.55,4,3,4,11,Loyal
C107760,18,11,210564.24,2732.44,1,5,5,11,Loyal
C107762,6,4,46510.369999999995,0.0,1,4,3,8,Needs Attention
C107763,31,10,133885.53,1471.2,1,5,4,10,Loyal
C107765,266,3,16217.990000000002,4690.53,4,3,2,9,Needs Attention
C107768,865,1,19757.05,0.0,5,1,2,8,Needs Attention
C107769,441,7,178861.97999999998,0.0,4,5,5,14,Champions
C107770,66,16,607765.01,106830.02,2,5,5,12,Loyal
C107772,43,2,13517.56,0.0,2,3,2,7,Needs Attention
C107773,161,1,2952.54,0.0,3,1,1,5,At Risk
C107774,153,2,62350.31,4061.89,3,3,3,9,Needs Attention
C107775,80,5,33316.79,0.0,2,4,3,9,Needs Attention
C107777,27,4,41620.09,0.0,1,4,3,8,Needs Attention
C107778,26,6,39779.82,7534.75,1,4,3,8,Needs Attention
C107780,54,6,95793.9,0.0,2,4,4,10,Loyal
C107781,462,3,32880.11,768.4,4,3,3,10,Loyal
C107782,2,6,182780.95,0.0,1,4,5,10,Loyal
C107783,45,1,26819.34,0.0,2,1,2,5,At Risk
C107784,193,1,896.29,0.0,3,1,1,5,At Risk
C107787,67,8,242717.03,0.0,2,5,5,12,Loyal
C107791,350,3,83551.69,0.0,4,3,4,11,Loyal
C107792,426,4,87993.97,0.0,4,4,4,12,Loyal
C107793,817,1,9780.93,0.0,5,1,2,8,Needs Attention
C107795,295,1,2166.35,0.0,4,1,1,6,At Risk
C107796,63,3,30890.6,0.0,2,3,3,8,Needs Attention
C107797,86,10,139551.23,23555.75,2,5,4,11,Loyal
C107798,92,4,57290.91,19616.45,3,4,3,10,Loyal
C107799,649,1,69383.55,67381.39,5,1,4,10,Loyal
C107801,527,2,5235.21,0.0,4,3,1,8,Needs Attention
C107802,908,4,65167.69,44028.58,5,4,3,12,Loyal
C107804,52,5,40029.04,0.0,2,4,3,9,Needs Attention
C107805,164,5,83219.08,0.0,3,4,4,11,Loyal
C107806,3,5,188972.21,7872.74,1,4,5,10,Loyal
C107807,78,2,18296.63,0.0,2,3,2,7,Needs Attention
C107809,221,1,1438.03,1353.77,3,1,1,5,At Risk
C107810,20,34,385257.18,6719.63,1,5,5,11,Loyal
C107812,86,1,9200.45,0.0,2,1,2,5,At Risk
C107815,10,1,5135.9,0.0,1,1,1,3,At Risk
C107816,408,3,48981.76,0.0,4,3,3,10,Loyal
C107817,268,5,133798.64,4379.62,4,4,4,12,Loyal
C107818,568,6,18801.36,1695.53,5,4,2,11,Loyal
C107819,68,6,79853.87,12044.17,2,4,4,10,Loyal
C107821,317,5,74306.75,0.0,4,4,4,12,Loyal
C107822,33,2,73325.34000000001,59029.3,1,3,4,8,Needs Attention
C107823,41,13,138816.52,12831.37,2,5,4,11,Loyal
C107824,8,1,21263.82,0.0,1,1,2,4,At Risk
C107825,38,1,16907.04,0.0,2,1,2,5,At Risk
C107827,482,1,4870.83,0.0,4,1,1,6,At Risk
C107828,526,3,66972.37,0.0,4,3,3,10,Loyal
C107829,457,3,11813.349999999999,0.0,4,3,2,9,Needs Attention
C107831,570,2,93734.99,0.0,5,3,4,12,Loyal
C107832,562,2,8068.35,2881.64,5,3,1,9,Needs Attention
C107833,35,2,19339.440000000002,0.0,1,3,2,6,At Risk
C107834,145,7,98140.76000000001,3691.49,3,5,4,12,Loyal
C107835,50,10,204829.99,14620.460000000001,2,5,5,12,Loyal
C107836,224,2,10785.39,5319.51,3,3,2,8,Needs Attention
C107837,155,10,312784.07,0.0,3,5,5,13,Champions
C107838,91,4,88651.25,0.0,2,4,4,10,Loyal
C107840,309,3,16582.88,0.0,4,3,2,9,Needs Attention
C107841,85,3,49820.18,0.0,2,3,3,8,Needs Attention
C107842,490,1,2650.97,0.0,4,1,1,6,At Risk
C107843,7,14,237823.92,16139.47,1,5,5,11,Loyal
C107845,782,1,589.35,0.0,5,1,1,7,Needs Attention
C107846,232,4,135216.76,0.0,3,4,4,11,Loyal
C107847,462,2,56186.58,0.0,4,3,3,10,Loyal
C107848,378,1,8320.36,0.0,4,1,2,7,Needs Attention
C107849,595,3,60702.37,1703.27,5,3,3,11,Loyal
C107850,403,3,10813.84,0.0,4,3,2,9,Needs Attention
C107852,52,21,498023.37,92066.04,2,5,5,12,Loyal
C107855,77,1,3826.14,0.0,2,1,1,4,At Risk
C107857,347,1,5970.48,0.0,4,1,1,6,At Risk
C107859,539,3,9258.02,0.0,5,3,2,10,Loyal
C107861,5,31,610824.88,94486.64,1,5,5,11,Loyal
C107863,204,8,235548.03,0.0,3,5,5,13,Champions
C107864,82,1,1784.99,0.0,2,1,1,4,At Risk
C107865,364,3,12648.57,0.0,4,3,2,9,Needs Attention
C107866,15,13,352529.69,0.0,1,5,5,11,Loyal
C107867,21,2,46071.81,0.0,1,3,3,7,Needs Attention
C107868,409,1,2772.04,0.0,4,1,1,6,At Risk
C107871,22,11,217635.73,26990.82,1,5,5,11,Loyal
C107872,499,2,92295.7,0.0,4,3,4,11,Loyal
C107873,18,17,415521.3,0.0,1,5,5,11,Loyal
C107874,58,3,6305.41,0.0,2,3,1,6,At Risk
C107875,84,1,6419.87,0.0,2,1,1,4,At Risk
C107876,22,7,49588.399999999994,568.25,1,5,3,9,Needs Attention
C107877,283,6,27363.4,818.08,4,4,2,10,Loyal
C107878,492,6,85989.29,0.0,4,4,4,12,Loyal
C107879,403,1,853.65,0.0,4,1,1,6,At Risk
C107880,235,3,178704.13,0.0,3,3,5,11,Loyal
C107882,1030,1,11512.42,0.0,5,1,2,8,Needs Attention
C107884,406,1,41790.86,41589.92,4,1,3,8,Needs Attention
C107885,20,1,671.06,0.0,1,1,1,3,At Risk
C107886,36,10,210798.95,0.0,1,5,5,11,Loyal
C107888,596,1,879.19,805.09,5,1,1,7,Needs Attention
C107890,3,5,113152.40000000001,35234.38,1,4,4,9,Needs Attention
C107891,567,1,256.33,0.0,5,1,1,7,Needs Attention
C107892,188,1,10981.75,0.0,3,1,2,6,At Risk
C107893,1026,1,5135.9,0.0,5,1,1,7,Needs Attention
C107895,272,1,124923.53,0.0,4,1,4,9,Needs Attention
C107896,271,1,30406.9,0.0,4,1,3,8,Needs Attention
C107898,54,3,66536.61,0.0,2,3,3,8,Needs Attention
C107899,140,2,11523.67,0.0,3,3,2,8,Needs Attention
C107900,219,4,66206.44,0.0,3,4,3,10,Loyal
C107901,776,1,26867.83,0.0,5,1,2,8,Needs Attention
C107903,565,1,8267.06,0.0,5,1,2,8,Needs Attention
C107905,645,1,11144.93,0.0,5,1,2,8,Needs Attention
C107906,25,2,124829.23,0.0,1,3,4,8,Needs Attention
C107907,947,1,20373.57,0.0,5,1,2,8,Needs Attention
C107909,91,6,52003.43,0.0,2,4,3,9,Needs Attention
C107911,795,1,53089.84,0.0,5,1,3,9,Needs Attention
C107912,417,2,73320.03,0.0,4,3,4,11,Loyal
C107913,1088,1,6419.87,0.0,5,1,1,7,Needs Attention
C107914,184,4,50562.34,4226.8,3,4,3,10,Loyal
C107915,374,5,56182.22,0.0,4,4,3,11,Loyal
C107916,394,3,50701.009999999995,0.0,4,3,3,10,Loyal
C107917,27,17,278272.08,127614.42000000001,1,5,5,11,Loyal
C107919,39,14,347212.27999999997,103454.23,2,5,5,12,Loyal
C107920,66,4,37300.729999999996,0.0,2,4,3,9,Needs Attention
C107921,836,1,25958.9,25543.79,5,1,2,8,Needs Attention
C107922,397,1,2997.28,0.0,4,1,1,6,At Risk
C107923,154,2,12839.74,0.0,3,3,2,8,Needs Attention
C107924,631,1,5970.48,0.0,5,1,1,7,Needs Attention
C107925,31,4,90823.53,28518.26,1,4,4,9,Needs Attention
C107926,77,4,61136.729999999996,0.0,2,4,3,9,Needs Attention
C107927,188,4,330948.51999999996,0.0,3,4,5,12,Loyal
C107928,56,1,5585.29,0.0,2,1,1,4,At Risk
C107929,814,2,29657.04,3465.14,5,3,3,11,Loyal
C107930,75,1,2741.56,0.0,2,1,1,4,At Risk
C107931,317,3,24010.57,0.0,4,3,2,9,Needs Attention
C107932,345,4,287756.73,0.0,4,4,5,13,Champions
C107933,177,2,5648.5599999999995,0.0,3,3,1,7,Needs Attention
C107934,951,1,41689.95,0.0,5,1,3,9,Needs Attention
C107935,30,17,559001.3300000001,24801.21,1,5,5,11,Loyal
C107936,206,5,93180.95,0.0,3,4,4,11,Loyal
C107937,308,2,15798.829999999998,0.0,4,3,2,9,Needs Attention
C107938,453,1,643.24,0.0,4,1,1,6,At Risk
C107940,285,2,68484.06,0.0,4,3,4,11,Loyal
C107943,51,7,104012.03,0.0,2,5,4,11,Loyal
C107944,64,10,248248.26,0.0,2,5,5,12,Loyal
C107945,325,4,103448.12,0.0,4,4,4,12,Loyal
C107946,122,2,96775.41,0.0,3,3,4,10,Loyal
C107947,250,1,2470.4,0.0,3,1,1,5,At Risk
C107948,453,1,13827.49,0.0,4,1,2,7,Needs Attention
C107951,41,19,140189.63999999998,28621.05,2,5,4,11,Loyal
C107952,166,9,74338.84,6422.42,3,5,4,12,Loyal
C107953,72,16,268661.26,0.0,2,5,5,12,Loyal
C107954,349,1,1605.64,0.0,4,1,1,6,At Risk
C107958,29,14,149504.31,27836.18,1,5,4,10,Loyal
C107960,52,7,146453.97,0.0,2,5,4,11,Loyal
C107961,1052,1,679.58,0.0,5,1,1,7,Needs Attention
C107962,420,2,2518.43,0.0,4,3,1,8,Needs Attention
C107963,71,9,293913.87,0.0,2,5,5,12,Loyal
C107964,39,3,312332.23,0.0,2,3,5,10,Loyal
C107965,110,1,9211.33,0.0,3,1,2,6,At Risk
C107966,460,2,7670.86,0.0,4,3,1,8,Needs Attention
C107968,89,8,183439.43000000002,8271.75,2,5,5,12,Loyal
C107969,39,5,29920.45,0.0,2,4,3,9,Needs Attention
C107971,556,3,14866.97,0.0,5,3,2,10,Loyal
C107972,50,3,74739.43,1510.87,2,3,4,9,Needs Attention
C107973,24,5,188425.84000000003,0.0,1,4,5,10,Loyal
C107974,376,5,49969.24,0.0,4,4,3,11,Loyal
C107975,37,3,29980.789999999997,0.0,2,3,3,8,Needs Attention
C107976,11,2,33470.57,0.0,1,3,3,7,Needs Attention
C107978,591,1,12839.74,0.0,5,1,2,8,Needs Attention
C107981,582,2,53814.19,0.0,5,3,3,11,Loyal
C107982,563,1,12350.32,0.0,5,1,2,8,Needs Attention
C107983,750,1,5938.38,0.0,5,1,1,7,Needs Attention
C107984,78,4,16393.489999999998,0.0,2,4,2,8,Needs Attention
C107985,320,2,3361.7799999999997,0.0,4,3,1,8,Needs Attention
C107986,177,1,10456.34,0.0,3,1,2,6,At Risk
C107987,870,1,5456.89,0.0,5,1,1,7,Needs Attention
C107989,50,11,126668.97,0.0,2,5,4,11,Loyal
C107991,443,2,128200.26,0.0,4,3,4,11,Loyal
C107992,77,5,200625.41,50125.83,2,4,5,11,Loyal
C107993,19,5,94386.61,0.0,1,4,4,9,Needs Attention
C107994,164,1,11837.39,0.0,3,1,2,6,At Risk
C107995,916,1,5777.88,0.0,5,1,1,7,Needs Attention
C107996,15,6,108981.0,0.0,1,4,4,9,Needs Attention
C107997,195,1,113789.02,0.0,3,1,4,8,Needs Attention
C107998,7,14,275716.07,0.0,1,5,5,11,Loyal
C108000,63,1,5456.89,0.0,2,1,1,4,At Risk
C108005,231,1,2966.07,0.0,3,1,1,5,At Risk
C108006,71,11,265626.33999999997,0.0,2,5,5,12,Loyal
C108007,366,5,108399.16,0.0,4,4,4,12,Loyal
C108008,22,2,28672.95,0.0,1,3,3,7,Needs Attention
C108009,208,5,185102.0,53267.64,3,4,5,12,Loyal
C108010,382,2,69229.7,0.0,4,3,4,11,Loyal
C108011,115,8,59934.700000000004,405.81,3,5,3,11,Loyal
C108012,425,1,17718.84,0.0,4,1,2,7,Needs Attention
C108015,433,1,44018.87,43657.78,4,1,3,8,Needs Attention
C108016,28,6,26618.84,0.0,1,4,2,7,Needs Attention
C108017,644,1,24794.28,0.0,5,1,2,8,Needs Attention
C108018,4,12,424784.24,12898.89,1,5,5,11,Loyal
C108019,447,2,56241.17,0.0,4,3,3,10,Loyal
C108021,59,8,89110.39,21014.64,2,5,4,11,Loyal
C108022,656,2,142809.56,0.0,5,3,4,12,Loyal
C108023,755,1,146618.19,0.0,5,1,4,10,Loyal
C108025,225,1,6163.08,0.0,3,1,1,5,At Risk
C108027,922,1,14251.3,0.0,5,1,2,8,Needs Attention
C108028,17,34,612853.79,54739.13,1,5,5,11,Loyal
C108029,616,1,118388.18,0.0,5,1,4,10,Loyal
C108030,38,8,139721.32,1860.15,2,5,4,11,Loyal
C108031,89,3,116207.05,0.0,2,3,4,9,Needs Attention
C108032,87,6,87360.23999999999,31978.95,2,4,4,10,Loyal
C108033,59,22,576021.39,48983.2,2,5,5,12,Loyal
C108034,415,2,10913.78,0.0,4,3,2,9,Needs Attention
C108036,37,2,44910.08,0.0,2,3,3,8,Needs Attention
C108037,84,7,131553.72,67581.09,2,5,4,11,Loyal
C108038,514,3,9856.77,0.0,4,3,2,9,Needs Attention
C108039,59,8,274812.81,0.0,2,5,5,12,Loyal
C108040,134,2,230333.99,0.0,3,3,5,11,Loyal
C108041,7,3,64633.990000000005,0.0,1,3,3,7,Needs Attention
C108042,62,1,7995.19,0.0,2,1,1,4,At Risk
C108043,35,13,405978.51,5709.99,1,5,5,11,Loyal
C108044,31,1,12326.15,0.0,1,1,2,4,At Risk
C108045,51,6,30415.75,0.0,2,4,3,9,Needs Attention
C108047,302,1,16852.16,0.0,4,1,2,7,Needs Attention
C108048,91,2,15198.06,0.0,2,3,2,7,Needs Attention
C108049,61,15,270946.37,796.6,2,5,5,12,Loyal
C108050,447,2,13713.94,0.0,4,3,2,9,Needs Attention
C108051,223,1,103033.09,0.0,3,1,4,8,Needs Attention
C108052,77,4,8846.92,2357.37,2,4,2,8,Needs Attention
C108054,699,1,134604.09,0.0,5,1,4,10,Loyal
C108055,59,3,21025.2,0.0,2,3,2,7,Needs Attention
C108056,24,14,222881.51999999996,774.54,1,5,5,11,Loyal
C108057,146,1,6947.7,0.0,3,1,1,5,At Risk
C108058,420,1,1929.72,0.0,4,1,1,6,At Risk
C108061,354,4,57886.6,0.0,4,4,3,11,Loyal
C108062,156,4,36958.44,0.0,3,4,3,10,Loyal
C108063,10,9,155137.12,0.0,1,5,4,10,Loyal
C108064,21,3,57416.729999999996,0.0,1,3,3,7,Needs Attention
C108065,221,3,66210.61,5449.23,3,3,3,9,Needs Attention
C108067,344,1,4943.3,0.0,4,1,1,6,At Risk
C108069,188,6,109063.95000000001,0.0,3,4,4,11,Loyal
C108070,237,1,808.44,0.0,3,1,1,5,At Risk
C108071,186,2,11555.76,0.0,3,3,2,8,Needs Attention
C108073,257,2,5353.91,0.0,3,3,1,7,Needs Attention
C108074,40,3,25061.949999999997,18066.93,2,3,2,7,Needs Attention
C108075,409,2,9938.279999999999,5699.12,4,3,2,9,Needs Attention
C108076,35,7,211652.01,20198.11,1,5,5,11,Loyal
C108077,39,3,12279.51,0.0,2,3,2,7,Needs Attention
C108079,111,13,398523.94,5922.56,3,5,5,13,Champions
C108080,45,2,22278.23,0.0,2,3,2,7,Needs Attention
C108081,403,4,144078.47,0.0,4,4,4,12,Loyal
C108082,362,2,22501.0,3525.34,4,3,2,9,Needs Attention
C108083,376,1,5777.88,0.0,4,1,1,6,At Risk
C108084,231,4,110583.47,0.0,3,4,4,11,Loyal
C108085,34,3,65836.32,0.0,1,3,3,7,Needs Attention
C108086,421,1,138150.55,0.0,4,1,4,9,Needs Attention
C108088,993,1,50281.09,0.0,5,1,3,9,Needs Attention
C108089,211,2,7357.05,0.0,3,3,1,7,Needs Attention
C108090,400,2,91390.92,73183.69,4,3,4,11,Loyal
C108091,1064,1,89976.69,0.0,5,1,4,10,Loyal
C108092,12,5,27679.129999999997,0.0,1,4,2,7,Needs Attention
C108093,802,1,5200.09,0.0,5,1,1,7,Needs Attention
C108095,153,4,118096.97,0.0,3,4,4,11,Loyal
C108097,102,12,268118.92,0.0,3,5,5,13,Champions
C108098,25,5,28481.199999999997,0.0,1,4,3,8,Needs Attention
C108099,444,3,60598.479999999996,0.0,4,3,3,10,Loyal
C108100,89,4,85688.03,3779.87,2,4,4,10,Loyal
C108102,706,2,14818.769999999999,0.0,5,3,2,10,Loyal
C108104,20,4,108409.09,0.0,1,4,4,9,Needs Attention
C108105,25,19,646328.03,18343.03,1,5,5,11,Loyal
C108106,59,1,18621.0,0.0,2,1,2,5,At Risk
C108107,27,4,13619.420000000002,3381.09,1,4,2,7,Needs Attention
C108108,100,2,55564.86,0.0,3,3,3,9,Needs Attention
C108109,46,1,63914.58,0.0,2,1,3,6,At Risk
C108110,168,3,128676.20000000001,0.0,3,3,4,10,Loyal
C108111,215,1,1109.79,0.0,3,1,1,5,At Risk
C108112,24,18,499054.51,57069.53999999999,1,5,5,11,Loyal
C108115,189,4,9696.05,0.0,3,4,2,9,Needs Attention
C108116,224,3,132989.49000000002,0.0,3,3,4,10,Loyal
C108118,555,2,17726.63,0.0,5,3,2,10,Loyal
C108119,5,8,220692.52000000002,0.0,1,5,5,11,Loyal
C108120,559,2,35989.57,0.0,5,3,3,11,Loyal
C108123,607,1,10015.0,0.0,5,1,2,8,Needs Attention
C108125,298,1,11852.35,0.0,4,1,2,7,Needs Attention
C108126,172,2,9925.35,0.0,3,3,2,8,Needs Attention
C108127,224,5,120250.62,0.0,3,4,4,11,Loyal
C108129,892,1,6098.88,0.0,5,1,1,7,Needs Attention
C108130,7,8,127099.01,0.0,1,5,4,10,Loyal
C108132,3,193,3766006.07,357894.45,1,5,5,11,Loyal
C108134,3,40,742728.2,34000.45,1,5,5,11,Loyal
C108136,57,6,129458.56,0.0,2,4,4,10,Loyal
C108137,182,3,29082.0,0.0,3,3,3,9,Needs Attention
C108138,592,3,131270.38,5189.51,5,3,4,12,Loyal
C108139,543,4,71105.54000000001,0.0,5,4,4,13,Champions
C108140,72,2,2273.8199999999997,0.0,2,3,1,6,At Risk
C108141,136,10,211036.31,0.0,3,5,5,13,Champions
C108142,54,2,12518.75,0.0,2,3,2,7,Needs Attention
C108144,322,2,82713.18000000001,0.0,4,3,4,11,Loyal
C108145,196,2,11749.41,0.0,3,3,2,8,Needs Attention
C108146,91,7,109107.75,0.0,2,5,4,11,Loyal
C108147,770,1,55890.21,0.0,5,1,3,9,Needs Attention
C108148,133,1,35640.18,0.0,3,1,3,7,Needs Attention
C108150,49,4,272925.32,40517.27,2,4,5,11,Loyal
C108151,15,13,134496.12,0.0,1,5,4,10,Loyal
C108152,58,11,241955.5,5825.9,2,5,5,12,Loyal
C108153,606,3,40930.01,0.0,5,3,3,11,Loyal
C108154,861,2,12440.45,0.0,5,3,2,10,Loyal
C108156,528,2,152089.34000000003,145763.01,4,3,4,11,Loyal
C108157,53,8,162090.03,0.0,2,5,5,12,Loyal
C108158,20,14,327728.13,0.0,1,5,5,11,Loyal
C108159,40,4,246985.76,0.0,2,4,5,11,Loyal
C108161,1013,1,12518.75,0.0,5,1,2,8,Needs Attention
C108162,2,339,8165860.45,379141.95999999996,1,5,5,11,Loyal
C108163,822,2,4146.75,0.0,5,3,1,9,Needs Attention
C108165,217,3,11808.77,0.0,3,3,2,8,Needs Attention
C108167,137,3,32514.379999999997,0.0,3,3,3,9,Needs Attention
C108168,213,3,17100.13,0.0,3,3,2,8,Needs Attention
C108169,38,2,80885.64,0.0,2,3,4,9,Needs Attention
C108172,247,3,53507.560000000005,0.0,3,3,3,9,Needs Attention
C108175,288,3,64923.53,5886.53,4,3,3,10,Loyal
C108176,560,1,97248.72,0.0,5,1,4,10,Loyal
C108177,1084,1,6591.78,0.0,5,1,1,7,Needs Attention
C108178,321,3,10729.71,8077.330000000001,4,3,2,9,Needs Attention
C108179,2,43,876094.0700000001,44117.5,1,5,5,11,Loyal
C108180,344,3,57292.91,0.0,4,3,3,10,Loyal
C108181,53,3,56502.33,0.0,2,3,3,8,Needs Attention
C108182,1075,1,4493.91,0.0,5,1,1,7,Needs Attention
C108183,393,1,10632.52,0.0,4,1,2,7,Needs Attention
C108184,35,12,116614.13,39976.01,1,5,4,10,Loyal
C108185,968,1,145122.38,0.0,5,1,4,10,Loyal
C108186,406,1,643.24,0.0,4,1,1,6,At Risk
C108187,416,1,1543.78,0.0,4,1,1,6,At Risk
C108188,821,1,13866.92,0.0,5,1,2,8,Needs Attention
C108189,323,8,117409.92,877.43,4,5,4,13,Champions
C108190,46,14,425734.47000000003,14209.96,2,5,5,12,Loyal
C108191,505,1,5246.17,4425.97,4,1,1,6,At Risk
C108192,241,1,238173.59,0.0,3,1,5,9,Needs Attention
C108193,45,7,55038.11,0.0,2,5,3,10,Loyal
C108195,412,2,50685.76,0.0,4,3,3,10,Loyal
C108196,755,2,95173.21,0.0,5,3,4,12,Loyal
C108197,186,9,483952.19,0.0,3,5,5,13,Champions
C108198,918,1,16363.42,0.0,5,1,2,8,Needs Attention
C108199,557,2,188376.35,0.0,5,3,5,13,Champions
C108200,85,3,16453.82,0.0,2,3,2,7,Needs Attention
C108201,178,1,62935.3,0.0,3,1,3,7,Needs Attention
C108202,360,2,12057.21,0.0,4,3,2,9,Needs Attention
C108205,92,2,49606.36,0.0,3,3,3,9,Needs Attention
C108206,43,7,77884.87,0.0,2,5,4,11,Loyal
C108208,6,12,241414.96,13416.93,1,5,5,11,Loyal
C108209,36,6,108126.98,0.0,1,4,4,9,Needs Attention
C108210,367,2,5786.29,0.0,4,3,1,8,Needs Attention
C108211,66,3,38950.14,0.0,2,3,3,8,Needs Attention
C108215,552,1,12107.06,0.0,5,1,2,8,Needs Attention
C108216,14,5,85483.87,0.0,1,4,4,9,Needs Attention
C108217,752,2,9618.16,0.0,5,3,2,10,Loyal
C108218,77,5,92976.38,0.0,2,4,4,10,Loyal
C108219,440,3,8409.17,1380.04,4,3,2,9,Needs Attention
C108220,13,6,206167.62,0.0,1,4,5,10,Loyal
C108223,556,3,1417.45,0.0,5,3,1,9,Needs Attention
C108226,591,2,111288.64,0.0,5,3,4,12,Loyal
C108227,867,2,86627.46,0.0,5,3,4,12,Loyal
C108228,64,1,3659.33,0.0,2,1,1,4,At Risk
C108231,253,5,103338.77,5360.86,3,4,4,11,Loyal
C108232,24,27,465566.82,94478.92,1,5,5,11,Loyal
C108234,509,2,49401.13,440.6,4,3,3,10,Loyal
C108235,408,2,11363.17,0.0,4,3,2,9,Needs Attention
C108236,484,2,14018.49,0.0,4,3,2,9,Needs Attention
C108237,83,1,256.12,0.0,2,1,1,4,At Risk
C108238,232,3,67302.33,53137.64,3,3,3,9,Needs Attention
C108239,12,8,482241.84,0.0,1,5,5,11,Loyal
C108240,786,1,686.22,0.0,5,1,1,7,Needs Attention
C108241,513,6,72129.75,15866.82,4,4,4,12,Loyal
C108242,59,7,332720.04,0.0,2,5,5,12,Loyal
C108244,44,1,436.31,0.0,2,1,1,4,At Risk
C108245,87,1,669.91,0.0,2,1,1,4,At Risk
C108246,80,3,24315.87,0.0,2,3,2,7,Needs Attention
C108247,957,1,4466.41,0.0,5,2,1,8,Needs Attention
C108248,51,2,7154.039999999999,0.0,2,3,1,6,At Risk
C108249,18,29,540825.65,0.0,1,5,5,11,Loyal
C108250,115,6,106774.62000000001,0.0,3,4,4,11,Loyal
C108251,38,21,971888.2000000001,0.0,2,5,5,12,Loyal
C108252,72,10,403446.24,13873.08,2,5,5,12,Loyal
C108256,423,2,84912.83,0.0,4,3,4,11,Loyal
C108257,82,4,180106.47,0.0,2,4,5,11,Loyal
C108258,95,14,247874.48,153993.01,3,5,5,13,Champions
C108259,286,4,172137.28999999998,0.0,4,4,5,13,Champions
C108260,379,5,188887.6,0.0,4,4,5,13,Champions
C108261,48,2,54844.16,0.0,2,3,3,8,Needs Attention
C108262,7,108,2025363.6,90456.65000000001,1,5,5,11,Loyal
C108263,569,1,4879.1,0.0,5,2,1,8,Needs Attention
C108264,37,3,66345.25,0.0,2,3,3,8,Needs Attention
C108266,781,2,7344.709999999999,0.0,5,3,1,9,Needs Attention
C108267,647,4,75004.25,0.0,5,4,4,13,Champions
C108268,50,4,26316.73,0.0,2,4,2,8,Needs Attention
C108269,255,2,13051.03,0.0,3,3,2,8,Needs Attention
C108270,194,2,39584.06,0.0,3,3,3,9,Needs Attention
C108271,221,3,55228.68,0.0,3,3,3,9,Needs Attention
C108272,615,2,114992.97,0.0,5,3,4,12,Loyal
C108273,97,11,167760.4,739.29,3,5,5,13,Champions
C108274,28,1,34691.15,0.0,1,2,3,6,At Risk
C108275,1090,1,4809.81,0.0,5,2,1,8,Needs Attention
C108276,34,1,12582.95,0.0,1,2,2,5,At Risk
C108277,358,1,67237.96,0.0,4,2,3,9,Needs Attention
C108278,24,17,200944.65,19422.87,1,5,5,11,Loyal
C108279,94,3,14028.05,0.0,3,3,2,8,Needs Attention
C108280,0,8,257696.2,0.0,1,5,5,11,Loyal
C108282,46,21,767101.26,33862.45,2,5,5,12,Loyal
C108283,773,1,27457.5,0.0,5,2,2,9,Needs Attention
C108284,89,2,15480.59,0.0,2,3,2,7,Needs Attention
C108285,20,8,105523.53,0.0,1,5,4,10,Loyal
C108286,116,4,45037.13,0.0,3,4,3,10,Loyal
C108287,243,3,84784.54999999999,0.0,3,3,4,10,Loyal
C108289,581,1,501.73,435.17,5,2,1,8,Needs Attention
C108290,699,1,12810.27,0.0,5,2,2,9,Needs Attention
C108291,3,237,4156101.86,557150.88,1,5,5,11,Loyal
C108292,6,27,699287.6699999999,10918.720000000001,1,5,5,11,Loyal
C108293,168,9,153398.4,73985.87,3,5,4,12,Loyal
C108295,602,1,36519.36,0.0,5,2,3,10,Loyal
C108296,781,3,86715.88,0.0,5,3,4,12,Loyal
C108297,946,1,2373.81,0.0,5,2,1,8,Needs Attention
C108298,328,2,16691.67,0.0,4,3,2,9,Needs Attention
C108299,45,3,19598.010000000002,0.0,2,3,2,7,Needs Attention
C108301,400,5,102284.59,0.0,4,4,4,12,Loyal
C108302,17,15,420931.88,32031.79,1,5,5,11,Loyal
C108303,39,1,57925.71,0.0,2,2,3,7,Needs Attention
C108304,133,5,35696.98,0.0,3,4,3,10,Loyal
C108306,85,3,37176.159999999996,0.0,2,3,3,8,Needs Attention
C108307,722,3,30551.84,0.0,5,3,3,11,Loyal
C108308,991,1,36893.58,30829.88,5,2,3,10,Loyal
C108310,47,14,165557.47,1314.38,2,5,5,12,Loyal
C108312,192,4,55794.7,0.0,3,4,3,10,Loyal
C108313,400,12,78253.13,12011.09,4,5,4,13,Champions
C108314,58,2,53581.11,0.0,2,3,3,8,Needs Attention
C108315,24,5,83480.19,0.0,1,4,4,9,Needs Attention
C108316,566,1,8947.1,0.0,5,2,2,9,Needs Attention
C108317,917,1,20201.31,0.0,5,2,2,9,Needs Attention
C108319,85,2,14340.779999999999,0.0,2,3,2,7,Needs Attention
C108320,29,17,283374.77,0.0,1,5,5,11,Loyal
C108321,651,2,10977.970000000001,0.0,5,3,2,10,Loyal
C108322,586,1,17911.44,0.0,5,2,2,9,Needs Attention
C108323,100,2,17115.41,0.0,3,3,2,8,Needs Attention
C108324,15,15,346451.62,733.27,1,5,5,11,Loyal
C108325,185,7,55009.78,0.0,3,5,3,11,Loyal
C108326,506,2,63722.66,0.0,4,3,3,10,Loyal
C108328,850,1,6275.91,0.0,5,2,1,8,Needs Attention
C108329,32,4,207740.72,0.0,1,4,5,10,Loyal
C108330,1055,1,10528.59,0.0,5,2,2,9,Needs Attention
C108332,87,8,150043.83000000002,0.0,2,5,4,11,Loyal
C108333,104,6,217158.17,11873.89,3,4,5,12,Loyal
C108334,235,4,76697.42,0.0,3,4,4,11,Loyal
C108335,82,3,36191.41,0.0,2,3,3,8,Needs Attention
C108336,663,1,12335.66,0.0,5,2,2,9,Needs Attention
C108337,56,1,11555.77,0.0,2,2,2,6,At Risk
C108338,36,29,682700.89,23549.56,1,5,5,11,Loyal
C108340,636,2,4982.85,0.0,5,3,1,9,Needs Attention
C108341,86,3,28611.11,0.0,2,3,3,8,Needs Attention
C108342,50,3,26891.41,0.0,2,3,2,7,Needs Attention
C108343,41,6,147536.66999999998,0.0,2,4,4,10,Loyal
C108344,69,1,12867.28,0.0,2,2,2,6,At Risk
C108345,182,2,30914.4,0.0,3,3,3,9,Needs Attention
C108346,34,2,233286.57,0.0,1,3,5,9,Needs Attention
C108347,76,1,24851.92,0.0,2,2,2,6,At Risk
C108348,12,7,118679.83,5755.05,1,5,4,10,Loyal
C108349,402,1,5532.27,0.0,4,2,1,7,Needs Attention
C108350,366,5,197118.63999999998,37022.07,4,4,5,13,Champions
C108351,377,1,56021.56,0.0,4,2,3,9,Needs Attention
C108353,461,1,29556.4,0.0,4,2,3,9,Needs Attention
C108354,1,314,7007905.03,856320.41,1,5,5,11,Loyal
C108355,207,4,53389.469999999994,0.0,3,4,3,10,Loyal
C108356,774,1,5296.39,0.0,5,2,1,8,Needs Attention
C108358,37,15,236241.91,33216.52,2,5,5,12,Loyal
C108361,242,8,257090.5,123162.45,3,5,5,13,Champions
C108362,1023,1,48641.89,37868.19,5,2,3,10,Loyal
C108367,24,23,561548.84,0.0,1,5,5,11,Loyal
C108368,41,17,512255.61,38126.35,2,5,5,12,Loyal
C108369,422,3,27998.75,0.0,4,3,2,9,Needs Attention
C108370,32,12,244979.22,4720.42,1,5,5,11,Loyal
C108371,837,2,57262.909999999996,0.0,5,3,3,11,Loyal
C108372,193,5,22469.620000000003,1184.15,3,4,2,9,Needs Attention
C108373,21,15,453783.45,53711.95,1,5,5,11,Loyal
C108374,27,5,69215.43000000001,0.0,1,4,4,9,Needs Attention
C108375,23,3,23712.58,0.0,1,3,2,6,At Risk
C108376,425,1,969.42,0.0,4,2,1,7,Needs Attention
C108378,26,8,146502.4,0.0,1,5,4,10,Loyal
C108379,575,1,8551.02,0.0,5,2,2,9,Needs Attention
C108383,265,7,418118.81,0.0,4,5,5,14,Champions
C108385,345,1,36740.69,0.0,4,2,3,9,Needs Attention
C108386,443,2,6854.95,0.0,4,3,1,8,Needs Attention
C108387,33,2,296702.47,0.0,1,3,5,9,Needs Attention
C108388,107,3,23575.01,9579.12,3,3,2,8,Needs Attention
C108389,143,9,135627.33000000002,60345.05,3,5,4,12,Loyal
C108390,110,3,21585.329999999998,0.0,3,3,2,8,Needs Attention
C108391,72,6,113094.01999999999,0.0,2,4,4,10,Loyal
C108392,22,2,5831.240000000001,0.0,1,3,1,5,At Risk
C108393,249,1,2109.18,0.0,3,2,1,6,At Risk
C108394,557,1,5542.11,0.0,5,2,1,8,Needs Attention
C108395,743,1,2175.03,0.0,5,2,1,8,Needs Attention
C108396,454,1,13331.65,0.0,4,2,2,8,Needs Attention
C108398,21,6,35891.26,0.0,1,4,3,8,Needs Attention
C108399,968,2,13235.87,9560.91,5,3,2,10,Loyal
C108401,40,3,129884.73999999999,0.0,2,3,4,9,Needs Attention
C108402,37,2,7568.97,0.0,2,3,1,6,At Risk
C108403,575,2,27747.94,5424.31,5,3,2,10,Loyal
C108404,0,25,678745.1,5174.5,1,5,5,11,Loyal
C108405,73,11,494521.20999999996,104648.64,2,5,5,12,Loyal
C108407,51,5,125587.37000000001,0.0,2,4,4,10,Loyal
C108408,6,36,964549.66,205626.76,1,5,5,11,Loyal
C108409,344,3,28959.05,0.0,4,3,3,10,Loyal
C108410,66,2,7493.62,0.0,2,3,1,6,At Risk
C108413,6,27,677573.74,31234.86,1,5,5,11,Loyal
C108414,76,6,80651.07,0.0,2,4,4,10,Loyal
C108416,14,64,1961034.92,174530.41,1,5,5,11,Loyal
C108417,34,19,466040.41,126916.91999999998,1,5,5,11,Loyal
C108418,47,21,518740.01,9559.76,2,5,5,12,Loyal
C108419,2,39,847348.5700000001,84364.35,1,5,5,11,Loyal
C108421,10,3,6638.889999999999,0.0,1,3,1,5,At Risk
C108422,21,15,249357.48,0.0,1,5,5,11,Loyal
C108425,24,2,37373.99,0.0,1,3,3,7,Needs Attention
C108427,442,3,15985.47,0.0,4,3,2,9,Needs Attention
C108429,384,1,5135.9,0.0,4,2,1,7,Needs Attention
C108430,109,7,132112.86,0.0,3,5,4,12,Loyal
C108431,734,1,474.25,0.0,5,2,1,8,Needs Attention
C108433,775,1,6098.88,0.0,5,2,1,8,Needs Attention
C108435,440,2,7592.18,0.0,4,3,1,8,Needs Attention
C108436,470,1,38279.88,0.0,4,2,3,9,Needs Attention
C108437,1,31,585133.96,116144.88,1,5,5,11,Loyal
C108438,6,7,294998.26,0.0,1,5,5,11,Loyal
C108439,43,2,73130.35,0.0,2,3,4,9,Needs Attention
C108440,619,1,103679.84,0.0,5,2,4,11,Loyal
C108441,17,9,56549.53,3061.41,1,5,3,9,Needs Attention
C108442,766,1,22417.97,0.0,5,2,2,9,Needs Attention
C108443,227,7,93759.85,45762.46,3,5,4,12,Loyal
C108444,1032,1,12839.74,0.0,5,2,2,9,Needs Attention
C108446,239,2,29263.66,0.0,3,3,3,9,Needs Attention
C108447,68,3,21866.120000000003,0.0,2,3,2,7,Needs Attention
C108448,247,3,168605.97,0.0,3,3,5,11,Loyal
C108449,593,3,19641.32,0.0,5,3,2,10,Loyal
C108451,631,4,89028.71,0.0,5,4,4,13,Champions
C108452,442,1,5456.89,0.0,4,2,1,7,Needs Attention
C108453,810,1,21057.17,0.0,5,2,2,9,Needs Attention
C108454,87,4,16011.52,0.0,2,4,2,8,Needs Attention
C108455,524,8,350015.60000000003,0.0,4,5,5,14,Champions
C108457,5,3,11179.54,0.0,1,3,2,6,At Risk
C108458,600,2,5053.53,0.0,5,3,1,9,Needs Attention
C108459,453,2,24494.469999999998,0.0,4,3,2,9,Needs Attention
C108460,669,1,4753.7,0.0,5,2,1,8,Needs Attention
C108461,34,5,23297.32,2451.31,1,4,2,7,Needs Attention
C108464,36,2,46201.46,0.0,1,3,3,7,Needs Attention
C108466,13,2,31173.16,0.0,1,3,3,7,Needs Attention
C108467,406,2,91536.41,0.0,4,3,4,11,Loyal
C108468,88,1,731.51,0.0,2,2,1,5,At Risk
C108470,168,2,14393.7,0.0,3,3,2,8,Needs Attention
C108471,384,1,9094.75,0.0,4,2,2,8,Needs Attention
C108472,279,3,20068.87,0.0,4,3,2,9,Needs Attention
C108473,0,13,249535.83,12969.99,1,5,5,11,Loyal
C108474,61,5,125444.41,0.0,2,4,4,10,Loyal
C108475,1066,1,5128.74,0.0,5,2,1,8,Needs Attention
C108476,174,5,110620.75,0.0,3,4,4,11,Loyal
C108477,22,21,230650.56,17401.85,1,5,5,11,Loyal
C108478,926,1,41474.25,0.0,5,2,3,10,Loyal
C108479,565,2,17942.58,0.0,5,3,2,10,Loyal
C108480,380,2,9219.31,0.0,4,3,2,9,Needs Attention
C108481,64,14,404102.62,39627.08,2,5,5,12,Loyal
C108482,223,6,94566.88,0.0,3,4,4,11,Loyal
C108483,37,4,27375.32,0.0,2,4,2,8,Needs Attention
C108484,92,6,207469.36,72279.44,3,4,5,12,Loyal
C108485,415,1,921.49,0.0,4,2,1,7,Needs Attention
C108486,404,2,59351.39,0.0,4,3,3,10,Loyal
C108487,446,1,1157.83,0.0,4,2,1,7,Needs Attention
C108488,542,1,11555.77,0.0,5,2,2,9,Needs Attention
C108489,427,4,20626.559999999998,6481.23,4,4,2,10,Loyal
C108491,1020,2,12910.01,0.0,5,3,2,10,Loyal
C108492,797,1,200865.45,0.0,5,2,5,12,Loyal
C108493,47,3,185887.84999999998,0.0,2,3,5,10,Loyal
C108496,1,40,1539404.87,100942.27,1,5,5,11,Loyal
C108497,419,4,30170.449999999997,3192.06,4,4,3,11,Loyal
C108498,353,12,178914.09,0.0,4,5,5,14,Champions
C108501,52,7,71521.06999999999,0.0,2,5,4,11,Loyal
C108502,44,8,261864.57,0.0,2,5,5,12,Loyal
C108503,35,33,591536.78,10469.869999999999,1,5,5,11,Loyal
C108506,219,2,11643.0,0.0,3,3,2,8,Needs Attention
C108508,42,14,83574.19,6590.81,2,5,4,11,Loyal
C108509,297,4,153594.21,16690.78,4,4,4,12,Loyal
C108511,66,8,49800.409999999996,0.0,2,5,3,10,Loyal
C108512,102,11,486651.42999999993,0.0,3,5,5,13,Champions
C108513,73,3,25816.190000000002,0.0,2,3,2,7,Needs Attention
C108514,984,1,6259.37,0.0,5,2,1,8,Needs Attention
C108515,961,1,5777.88,0.0,5,2,1,8,Needs Attention
C108516,350,3,61934.53,0.0,4,3,3,10,Loyal
C108517,52,3,45418.97,0.0,2,3,3,8,Needs Attention
C108518,53,4,48465.39,1945.99,2,4,3,9,Needs Attention
C108519,413,1,3851.92,0.0,4,2,1,7,Needs Attention
C108520,11,30,613339.9500000001,1857.07,1,5,5,11,Loyal
C108522,427,2,19492.89,15198.57,4,3,2,9,Needs Attention
C108523,10,3,60732.420000000006,0.0,1,3,3,7,Needs Attention
C108524,41,1,1029.18,0.0,2,2,1,5,At Risk
C108525,174,1,5135.9,0.0,3,2,1,6,At Risk
C108527,217,2,83986.03,0.0,3,3,4,10,Loyal
C108528,111,2,57020.420000000006,0.0,3,3,3,9,Needs Attention
C108529,32,4,56024.280000000006,0.0,1,4,3,8,Needs Attention
C108532,3,10,217225.01,0.0,1,5,5,11,Loyal
C108533,74,10,185827.71000000002,0.0,2,5,5,12,Loyal
C108534,34,4,16073.759999999998,5918.54,1,4,2,7,Needs Attention
C108535,37,1,4373.84,0.0,2,2,1,5,At Risk
C108536,977,1,13248.11,0.0,5,2,2,9,Needs Attention
C108538,546,4,22771.6,0.0,5,4,2,11,Loyal
C108540,18,13,282109.85,0.0,1,5,5,11,Loyal
C108541,46,8,81194.82,9882.56,2,5,4,11,Loyal
C108542,716,1,10231.48,0.0,5,2,2,9,Needs Attention
C108543,134,6,199341.94,0.0,3,4,5,12,Loyal
C108544,85,6,105903.3,39755.82000000001,2,4,4,10,Loyal
C108545,60,1,50216.26,0.0,2,2,3,7,Needs Attention
C108547,444,2,22519.39,0.0,4,3,2,9,Needs Attention
C108548,97,2,6652.42,2479.74,3,3,1,7,Needs Attention
C108549,887,1,6163.08,0.0,5,2,1,8,Needs Attention
C108550,85,3,135658.61000000002,0.0,2,3,4,9,Needs Attention
C108552,206,2,71212.94,0.0,3,3,4,10,Loyal
C108553,7,15,180046.82,0.0,1,5,5,11,Loyal
C108554,120,4,25803.699999999997,0.0,3,4,2,9,Needs Attention
C108555,25,40,930780.53,73219.5,1,5,5,11,Loyal
C108556,27,26,472207.21,14732.49,1,5,5,11,Loyal
C108557,82,4,68737.64000000001,28780.67,2,4,4,10,Loyal
C108559,719,1,6419.87,0.0,5,2,1,8,Needs Attention
C108560,21,5,45034.21,0.0,1,4,3,8,Needs Attention
C108561,10,108,2430846.0,46431.18,1,5,5,11,Loyal
C108562,49,1,4654.41,0.0,2,2,1,5,At Risk
C108563,736,1,5328.49,0.0,5,2,1,8,Needs Attention
C108565,299,3,75679.99,0.0,4,3,4,11,Loyal
C108570,762,3,76067.37,10709.64,5,3,4,12,Loyal
C108571,577,5,98151.13,0.0,5,4,4,13,Champions
C108572,233,3,22662.14,0.0,3,3,2,8,Needs Attention
C108573,637,3,20574.15,0.0,5,3,2,10,Loyal
C108574,909,1,177026.68,0.0,5,2,5,12,Loyal
C108575,118,5,224602.2,2940.46,3,4,5,12,Loyal
C108576,781,1,12982.28,0.0,5,2,2,9,Needs Attention
C108578,50,6,351886.25,0.0,2,4,5,11,Loyal
C108580,599,3,80290.32,0.0,5,3,4,12,Loyal
C108582,36,3,5016.42,0.0,1,3,1,5,At Risk
C108583,553,1,27876.75,0.0,5,2,2,9,Needs Attention
C108584,821,2,9597.95,0.0,5,3,2,10,Loyal
C108585,26,37,1146740.42,98225.92,1,5,5,11,Loyal
C108586,245,3,47599.75,0.0,3,3,3,9,Needs Attention
C108587,288,1,64744.64,0.0,4,2,3,9,Needs Attention
C108588,296,5,35738.25,0.0,4,4,3,11,Loyal
C108589,113,16,470597.44,7401.6900000000005,3,5,5,13,Champions
C108590,7,27,492994.49,15588.310000000001,1,5,5,11,Loyal
C108591,580,2,140040.86000000002,0.0,5,3,4,12,Loyal
C108592,168,7,144025.3,0.0,3,5,4,12,Loyal
C108593,1073,1,12839.74,0.0,5,2,2,9,Needs Attention
C108594,801,1,12805.24,0.0,5,2,2,9,Needs Attention
C108595,372,4,19802.07,0.0,4,4,2,10,Loyal
C108596,335,3,34002.4,0.0,4,3,3,10,Loyal
C108597,410,3,19348.58,0.0,4,3,2,9,Needs Attention
C108598,500,3,24045.079999999998,0.0,4,3,2,9,Needs Attention
C108599,956,1,68537.01,0.0,5,2,4,11,Loyal
C108600,305,2,13481.09,0.0,4,3,2,9,Needs Attention
C108603,75,2,36470.3,17006.33,2,3,3,8,Needs Attention
C108604,80,6,55737.22,0.0,2,4,3,9,Needs Attention
C108605,210,2,77515.43,18612.8,3,3,4,10,Loyal
C108606,1083,1,2977.28,0.0,5,2,1,8,Needs Attention
C108607,555,2,10481.46,0.0,5,3,2,10,Loyal
C108608,42,8,364997.46,0.0,2,5,5,12,Loyal
C108610,32,3,110261.45000000001,83425.97,1,3,4,8,Needs Attention
C108611,212,2,7021.119999999999,0.0,3,3,1,7,Needs Attention
C108612,4,4,14918.48,5806.63,1,4,2,7,Needs Attention
C108613,584,2,15143.29,0.0,5,3,2,10,Loyal
C108614,569,2,228166.51,194622.5,5,3,5,13,Champions
C108616,7,19,517218.53,12304.83,1,5,5,11,Loyal
C108617,241,8,219108.72999999998,0.0,3,5,5,13,Champions
C108618,655,2,16261.54,5404.31,5,3,2,10,Loyal
C108619,325,1,13580.37,0.0,4,2,2,8,Needs Attention
C108621,442,2,95042.6,0.0,4,3,4,11,Loyal
C108622,16,20,396378.49,0.0,1,5,5,11,Loyal
C108623,9,5,110659.11,24662.89,1,4,4,9,Needs Attention
C108624,189,5,126664.26,49956.53,3,4,4,11,Loyal
C108625,15,11,173119.47,0.0,1,5,5,11,Loyal
C108626,345,2,2684.7,0.0,4,3,1,8,Needs Attention
C108627,46,1,6098.88,0.0,2,2,1,5,At Risk
C108628,1067,1,48568.49,0.0,5,2,3,10,Loyal
C108630,450,1,15632.33,0.0,4,2,2,8,Needs Attention
C108631,546,2,70832.0,0.0,5,3,4,12,Loyal
C108632,384,6,164398.57,0.0,4,4,5,13,Champions
C108633,50,9,281212.62,8210.83,2,5,5,12,Loyal
C108634,32,4,22279.65,0.0,1,4,2,7,Needs Attention
C108635,222,12,141641.8,0.0,3,5,4,12,Loyal
C108637,876,1,34382.05,0.0,5,2,3,10,Loyal
C108638,155,1,5456.89,0.0,3,2,1,6,At Risk
C108639,552,1,10620.94,9769.42,5,2,2,9,Needs Attention
C108640,46,2,32079.68,0.0,2,3,3,8,Needs Attention
C108641,70,4,95478.47,0.0,2,4,4,10,Loyal
C108642,40,2,40967.4,0.0,2,3,3,8,Needs Attention
C108643,402,4,67358.40000000001,450.98,4,4,3,11,Loyal
C108644,287,3,145877.51,64084.46,4,3,4,11,Loyal
C108645,49,2,15921.28,0.0,2,3,2,7,Needs Attention
C108646,57,2,27251.02,0.0,2,3,2,7,Needs Attention
C108647,1003,1,5970.48,5529.84,5,2,1,8,Needs Attention
C108648,9,3,114220.29000000001,0.0,1,3,4,8,Needs Attention
C108649,377,3,8267.66,0.0,4,3,2,9,Needs Attention
C108650,41,12,472464.78,6110.48,2,5,5,12,Loyal
C108652,15,14,217728.42,31132.27,1,5,5,11,Loyal
C108653,5,9,186896.79,0.0,1,5,5,11,Loyal
C108654,461,1,870.22,0.0,4,2,1,7,Needs Attention
C108655,538,2,30622.78,0.0,5,3,3,11,Loyal
C108656,15,1,716.11,0.0,1,2,1,4,At Risk
C108657,132,5,54626.46,0.0,3,4,3,10,Loyal
C108658,35,18,341245.7,58688.43,1,5,5,11,Loyal
C108660,86,6,14921.71,882.29,2,4,2,8,Needs Attention
C108661,38,6,114554.68000000001,35973.329999999994,2,4,4,10,Loyal
C108662,396,1,7542.94,0.0,4,2,1,7,Needs Attention
C108663,64,8,73818.59,0.0,2,5,4,11,Loyal
C108664,189,9,219422.96,9283.02,3,5,5,13,Champions
C108665,686,1,63832.87,0.0,5,2,3,10,Loyal
C108668,4,7,43731.68,987.26,1,5,3,9,Needs Attention
C108669,272,1,8675.68,0.0,4,2,2,8,Needs Attention
C108670,278,6,73879.21,2820.96,4,4,4,12,Loyal
C108671,29,8,159824.55000000002,5595.56,1,5,5,11,Loyal
C108672,453,1,26982.01,0.0,4,2,2,8,Needs Attention
C108673,25,2,143117.26,51963.8,1,3,4,8,Needs Attention
C108674,554,2,170063.32,0.0,5,3,5,13,Champions
C108675,80,9,208054.71000000002,0.0,2,5,5,12,Loyal
C108678,631,1,11940.96,0.0,5,2,2,9,Needs Attention
C108679,773,1,873.14,0.0,5,2,1,8,Needs Attention
C108681,62,3,14854.15,0.0,2,3,2,7,Needs Attention
C108682,1070,1,470.02,0.0,5,2,1,8,Needs Attention
C108683,1060,1,6167.3,0.0,5,2,1,8,Needs Attention
C108684,12,2,11914.669999999998,0.0,1,3,2,6,At Risk
C108685,630,1,10800.02,8558.15,5,2,2,9,Needs Attention
C108686,139,11,114387.56,0.0,3,5,4,12,Loyal
C108687,592,1,90630.32,0.0,5,2,4,11,Loyal
C108688,437,4,41462.55,0.0,4,4,3,11,Loyal
C108689,134,2,29081.420000000002,0.0,3,3,3,9,Needs Attention
C108690,24,1,54474.0,0.0,1,2,3,6,At Risk
C108692,34,3,18022.79,0.0,1,3,2,6,At Risk
C108693,799,1,889.3,0.0,5,2,1,8,Needs Attention
C108694,0,119,2297187.12,82177.29,1,5,5,11,Loyal
C108695,513,1,720.94,0.0,4,2,1,7,Needs Attention
C108696,166,7,213713.19,3249.55,3,5,5,13,Champions
C108697,202,2,20833.28,0.0,3,3,2,8,Needs Attention
C108698,52,2,48891.21,0.0,2,3,3,8,Needs Attention
C108701,17,10,150502.12,6015.21,1,5,4,10,Loyal
C108702,141,3,101380.08000000002,0.0,3,3,4,10,Loyal
C108704,95,2,19666.39,0.0,3,3,2,8,Needs Attention
C108705,123,1,1545.08,0.0,3,2,1,6,At Risk
C108706,450,1,60699.07,0.0,4,2,3,9,Needs Attention
C108709,228,4,201159.15,122794.38,3,4,5,12,Loyal
C108710,88,3,51216.380000000005,5075.51,2,3,3,8,Needs Attention
C108711,838,2,50726.01,0.0,5,3,3,11,Loyal
C108712,52,7,63507.68,172.0,2,5,3,10,Loyal
C108713,850,1,4943.3,0.0,5,2,1,8,Needs Attention
C108714,1044,1,105854.93,96850.88,5,2,4,11,Loyal
C108715,10,2,18635.03,15501.1,1,3,2,6,At Risk
C108718,319,2,11363.17,0.0,4,3,2,9,Needs Attention
C108719,292,5,39753.56,0.0,4,4,3,11,Loyal
C108720,126,8,479567.81,63297.58,3,5,5,13,Champions
C108721,389,2,7399.68,0.0,4,3,1,8,Needs Attention
C108722,58,9,120104.41,2091.22,2,5,4,11,Loyal
C108723,193,5,387583.92000000004,0.0,3,4,5,12,Loyal
C108725,674,2,13631.01,0.0,5,3,2,10,Loyal
C108726,51,1,89818.95,83705.27,2,2,4,8,Needs Attention
C108727,598,3,32067.05,0.0,5,3,3,11,Loyal
C108728,359,2,9507.42,0.0,4,3,2,9,Needs Attention
C108729,836,1,8089.04,0.0,5,2,1,8,Needs Attention
C108730,132,5,43439.13,0.0,3,4,3,10,Loyal
C108731,426,1,10081.48,0.0,4,2,2,8,Needs Attention
C108732,296,4,124069.65000000001,0.0,4,4,4,12,Loyal
C108734,37,6,117314.96,0.0,2,4,4,10,Loyal
C108735,434,1,643.24,0.0,4,2,1,7,Needs Attention
C108736,713,3,40094.41,0.0,5,3,3,11,Loyal
C108737,742,1,10528.59,0.0,5,2,2,9,Needs Attention
C108738,301,3,35677.85,25322.21,4,3,3,10,Loyal
C108739,438,2,24682.350000000002,0.0,4,3,2,9,Needs Attention
C108740,465,1,3402.53,0.0,4,2,1,7,Needs Attention
C108741,928,1,64799.9,55793.18,5,2,3,10,Loyal
C108742,506,1,1219.46,0.0,4,2,1,7,Needs Attention
C108743,296,1,5777.88,0.0,4,2,1,7,Needs Attention
C108745,65,1,44892.87,0.0,2,2,3,7,Needs Attention
C108746,975,1,385977.67,0.0,5,2,5,12,Loyal
C108747,277,5,39003.990000000005,0.0,4,4,3,11,Loyal
C108748,151,1,13539.14,0.0,3,2,2,7,Needs Attention
C108750,189,9,262437.99,4420.79,3,5,5,13,Champions
C108752,940,2,131949.86000000002,0.0,5,3,4,12,Loyal
C108753,458,1,7382.85,0.0,4,2,1,7,Needs Attention
C108754,26,13,329634.43,0.0,1,5,5,11,Loyal
C108755,554,2,1884.31,0.0,5,3,1,9,Needs Attention
C108756,41,3,130040.74999999999,9957.25,2,3,4,9,Needs Attention
C108758,79,7,138896.86000000002,5257.39,2,5,4,11,Loyal
C108760,5,8,79060.82,0.0,1,5,4,10,Loyal
C108762,818,1,4451.48,0.0,5,2,1,8,Needs Attention
C108763,430,4,77224.06,0.0,4,4,4,12,Loyal
C108764,86,5,50313.17,27748.239999999998,2,4,3,9,Needs Attention
C108765,591,1,415.65,0.0,5,2,1,8,Needs Attention
C108767,40,3,16531.18,4472.66,2,3,2,7,Needs Attention
C108768,47,1,865.88,0.0,2,2,1,5,At Risk
C108769,343,6,44305.18,0.0,4,4,3,11,Loyal
C108772,1067,1,48796.6,0.0,5,2,3,10,Loyal
C108774,833,1,1339.82,0.0,5,2,1,8,Needs Attention
C108775,47,1,5777.88,0.0,2,2,1,5,At Risk
C108776,779,1,4005.51,3919.93,5,2,1,8,Needs Attention
C108778,21,42,634604.04,137215.97,1,5,5,11,Loyal
C108779,85,3,12906.1,0.0,2,3,2,7,Needs Attention
C108780,399,2,28745.46,0.0,4,3,3,10,Loyal
C108781,456,1,4493.91,0.0,4,2,1,7,Needs Attention
C108782,366,4,22222.4,4489.3,4,4,2,10,Loyal
C108783,77,3,53746.44,453.84,2,3,3,8,Needs Attention
C108784,366,4,55398.09,0.0,4,4,3,11,Loyal
C108785,263,3,75733.75,0.0,4,3,4,11,Loyal
C108786,23,10,164092.66,0.0,1,5,5,11,Loyal
C108788,263,6,256675.54,5716.25,4,4,5,13,Champions
C108790,686,2,63113.63,0.0,5,3,3,11,Loyal
C108792,92,2,109895.44,0.0,3,3,4,10,Loyal
C108794,99,3,69161.54,43067.74,3,3,4,10,Loyal
C108795,714,1,879.19,714.8,5,2,1,8,Needs Attention
C108796,56,3,25847.949999999997,0.0,2,3,2,7,Needs Attention
C108798,66,3,42834.67,2120.87,2,3,3,8,Needs Attention
C108799,495,1,23058.49,0.0,4,2,2,8,Needs Attention
C108800,503,6,49890.19,9445.26,4,4,3,11,Loyal
C108801,423,1,546.75,0.0,4,2,1,7,Needs Attention
C108802,71,4,114449.31,0.0,2,4,4,10,Loyal
C108803,191,4,73223.22,0.0,3,4,4,11,Loyal
C108805,899,1,12535.75,0.0,5,2,2,9,Needs Attention
C108808,325,1,65809.6,0.0,4,2,3,9,Needs Attention
C108809,252,1,756.1,0.0,3,2,1,6,At Risk
C108812,772,1,41194.77,0.0,5,2,3,10,Loyal
C108813,445,3,113669.33,0.0,4,3,4,11,Loyal
C108814,609,3,23945.559999999998,737.31,5,3,2,10,Loyal
C108816,191,5,136276.88,0.0,3,4,4,11,Loyal
C108817,856,1,1222.69,0.0,5,2,1,8,Needs Attention
C108818,953,1,9663.17,0.0,5,2,2,9,Needs Attention
C108820,397,3,14112.460000000001,0.0,4,3,2,9,Needs Attention
C108822,147,4,57684.96,0.0,3,4,3,10,Loyal
C108823,809,1,6163.08,0.0,5,2,1,8,Needs Attention
C108824,37,7,114484.06,0.0,2,5,4,11,Loyal
C108825,581,1,4814.9,0.0,5,2,1,8,Needs Attention
C108826,54,3,100451.36,0.0,2,3,4,9,Needs Attention
C108827,13,7,216363.14,0.0,1,5,5,11,Loyal
C108828,87,12,391590.29000000004,0.0,2,5,5,12,Loyal
C108829,30,3,97383.61,57062.43,1,3,4,8,Needs Attention
C108830,432,1,61489.3,50021.27,4,2,3,9,Needs Attention
C108831,534,1,5906.28,0.0,5,2,1,8,Needs Attention
C108832,33,32,773215.45,30287.6,1,5,5,11,Loyal
C108833,288,1,5456.89,0.0,4,2,1,7,Needs Attention
C108834,341,1,4940.8,0.0,4,2,1,7,Needs Attention
C108835,217,4,97852.76,0.0,3,4,4,11,Loyal
C108837,540,3,112719.01999999999,0.0,5,3,4,12,Loyal
C108838,41,6,98136.01,16735.370000000003,2,4,4,10,Loyal
C108841,1,1,5215.64,0.0,1,2,1,4,At Risk
C108842,21,17,146178.65,2192.43,1,5,4,10,Loyal
C108843,101,2,6479.68,0.0,3,3,1,7,Needs Attention
C108845,57,4,23204.2,4802.34,2,4,2,8,Needs Attention
C108847,950,1,4403.68,0.0,5,2,1,8,Needs Attention
C108848,32,3,118861.99,5830.84,1,3,4,8,Needs Attention
C108849,534,3,16834.91,0.0,5,3,2,10,Loyal
C108852,75,1,983.52,0.0,2,2,1,5,At Risk
C108854,494,1,79285.82,0.0,4,2,4,10,Loyal
C108855,506,2,109040.08,845.33,4,3,4,11,Loyal
C108856,171,8,249760.65,49126.73,3,5,5,13,Champions
C108857,983,1,73925.07,0.0,5,2,4,11,Loyal
C108858,788,1,1777.12,0.0,5,2,1,8,Needs Attention
C108859,364,2,5542.48,0.0,4,3,1,8,Needs Attention
C108860,90,2,11924.9,0.0,2,3,2,7,Needs Attention
C108861,461,3,8748.61,0.0,4,3,2,9,Needs Attention
C108863,735,1,21185.57,0.0,5,2,2,9,Needs Attention
C108864,813,1,5970.48,0.0,5,2,1,8,Needs Attention
C108865,35,4,35865.68,10715.28,1,4,3,8,Needs Attention
C108866,46,8,187695.05,16476.03,2,5,5,12,Loyal
C108868,0,9,326500.51,4610.35,1,5,5,11,Loyal
C108869,1095,1,5906.28,0.0,5,2,1,8,Needs Attention
C108872,39,1,35522.23,0.0,2,2,3,7,Needs Attention
C108873,115,9,171076.85,26845.81,3,5,5,13,Champions
C108874,289,1,2058.51,0.0,4,2,1,7,Needs Attention
C108875,209,1,31237.75,0.0,3,2,3,8,Needs Attention
C108876,12,33,788171.52,15205.11,1,5,5,11,Loyal
C108877,415,2,6637.89,5817.17,4,3,1,8,Needs Attention
C108880,54,4,25295.91,0.0,2,4,2,8,Needs Attention
C108881,76,7,53308.03,14502.669999999998,2,5,3,10,Loyal
C108882,702,2,18665.22,0.0,5,3,2,10,Loyal
C108883,623,2,71758.51000000001,0.0,5,3,4,12,Loyal
C108884,316,4,32481.539999999997,11167.25,4,4,3,11,Loyal
C108886,26,5,289808.59,0.0,1,4,5,10,Loyal
C108888,36,8,216447.66,4573.81,1,5,5,11,Loyal
C108889,47,6,45634.64,3542.3,2,4,3,9,Needs Attention
C108890,63,14,393171.35,41310.48,2,5,5,12,Loyal
C108891,122,4,25810.4,0.0,3,4,2,9,Needs Attention
C108892,449,2,13085.400000000001,0.0,4,3,2,9,Needs Attention
C108893,209,3,51797.509999999995,0.0,3,3,3,9,Needs Attention
C108894,556,1,55506.84,0.0,5,2,3,10,Loyal
C108895,78,8,51983.95,0.0,2,5,3,10,Loyal
C108896,337,2,285734.11,0.0,4,3,5,12,Loyal
C108897,79,14,602566.26,327793.01,2,5,5,12,Loyal
C108898,4,8,136874.66,27239.1,1,5,4,10,Loyal
C108899,112,3,335560.67,16706.23,3,3,5,11,Loyal
C108900,200,3,22968.47,0.0,3,3,2,8,Needs Attention
C108901,174,5,49199.23,5305.53,3,4,3,10,Loyal
C108903,1071,1,382.13,0.0,5,2,1,8,Needs Attention
C108904,407,4,50205.380000000005,0.0,4,4,3,11,Loyal
C108905,751,2,3657.2400000000002,0.0,5,3,1,9,Needs Attention
C108908,62,4,14344.73,0.0,2,4,2,8,Needs Attention
C108909,62,11,221008.13,104116.65,2,5,5,12,Loyal
C108910,316,3,47638.97,0.0,4,3,3,10,Loyal
C108911,228,2,40736.42,0.0,3,3,3,9,Needs Attention
C108912,499,1,14117.83,0.0,4,2,2,8,Needs Attention
C108913,22,36,698973.22,87036.7,1,5,5,11,Loyal
C108914,182,3,16178.07,0.0,3,3,2,8,Needs Attention
C108915,370,3,62553.41,0.0,4,3,3,10,Loyal
C108916,202,1,5636.78,0.0,3,2,1,6,At Risk
C108917,25,3,58615.84,0.0,1,3,3,7,Needs Attention
C108918,85,21,339677.33,20563.86,2,5,5,12,Loyal
C108919,798,1,58650.22,58244.74,5,2,3,10,Loyal
C108922,92,15,607267.25,63100.54,3,5,5,13,Champions
C108923,164,4,18015.8,1579.39,3,4,2,9,Needs Attention
C108924,77,5,21857.329999999998,0.0,2,4,2,8,Needs Attention
C108925,961,1,12490.01,0.0,5,2,2,9,Needs Attention
C108926,578,1,5906.28,0.0,5,2,1,8,Needs Attention
C108927,219,9,81371.06999999999,4219.05,3,5,4,12,Loyal
C108929,157,1,43380.57,0.0,3,2,3,8,Needs Attention
C108930,401,1,674.75,0.0,4,2,1,7,Needs Attention
C108932,383,1,36935.94,0.0,4,2,3,9,Needs Attention
C108933,1072,1,5400.01,0.0,5,2,1,8,Needs Attention
C108934,66,7,34468.130000000005,4243.65,2,5,3,10,Loyal
C108935,4,241,6203554.51,130277.03000000001,1,5,5,11,Loyal
C108937,63,1,4493.91,0.0,2,2,1,5,At Risk
C108938,515,1,25679.48,0.0,4,2,2,8,Needs Attention
C108939,465,3,51465.4,0.0,4,3,3,10,Loyal
C108940,15,106,2630159.63,101893.12999999999,1,5,5,11,Loyal
C108944,293,1,3980.32,0.0,4,2,1,7,Needs Attention
C108946,6,5,75185.1,6443.400000000001,1,4,4,9,Needs Attention
C108948,704,1,6225.31,0.0,5,2,1,8,Needs Attention
C108949,429,4,110734.96,0.0,4,4,4,12,Loyal
C108950,277,3,34372.92,0.0,4,3,3,10,Loyal
C108951,415,2,22636.449999999997,0.0,4,3,2,9,Needs Attention
C108952,29,1,4943.3,0.0,1,2,1,4,At Risk
C108953,436,3,51741.66,0.0,4,3,3,10,Loyal
C108954,855,1,6242.55,0.0,5,2,1,8,Needs Attention
C108955,92,1,121904.25,0.0,3,2,4,9,Needs Attention
C108957,753,1,54165.97,53607.12,5,2,3,10,Loyal
C108960,35,6,39385.22,0.0,1,4,3,8,Needs Attention
C108961,45,10,98759.12000000001,0.0,2,5,4,11,Loyal
C108963,13,13,191469.36000000002,0.0,1,5,5,11,Loyal
C108965,217,1,1691.69,0.0,3,2,1,6,At Risk
C108966,220,2,4917.4,0.0,3,3,1,7,Needs Attention
C108967,257,2,80528.79999999999,0.0,3,3,4,10,Loyal
C108969,188,1,48194.14,0.0,3,2,3,8,Needs Attention
C108970,569,1,1814.45,0.0,5,2,1,8,Needs Attention
C108971,139,7,193767.42,648.64,3,5,5,13,Champions
C108973,378,2,268536.68,0.0,4,3,5,12,Loyal
C108974,25,1,8753.05,0.0,1,2,2,5,At Risk
C108977,313,3,25194.96,0.0,4,3,2,9,Needs Attention
C108978,17,11,311959.6,94600.33,1,5,5,11,Loyal
C108981,918,1,4070.93,0.0,5,2,1,8,Needs Attention
C108982,201,1,9219.57,0.0,3,2,2,7,Needs Attention
C108983,51,20,474512.22,5071.03,2,5,5,12,Loyal
C108984,380,2,19484.89,0.0,4,3,2,9,Needs Attention
C108985,34,6,85933.38,0.0,1,4,4,9,Needs Attention
C108986,47,22,584032.72,88944.66,2,5,5,12,Loyal
C108987,11,5,47624.619999999995,5028.61,1,4,3,8,Needs Attention
C108988,430,3,21564.449999999997,820.05,4,3,2,9,Needs Attention
C108989,9,11,163470.68,0.0,1,5,5,11,Loyal
C108990,273,1,52163.07,0.0,4,2,3,9,Needs Attention
C108991,76,5,91992.72,9613.21,2,4,4,10,Loyal
C108992,224,3,44861.39,0.0,3,3,3,9,Needs Attention
C108993,811,1,88081.77,0.0,5,2,4,11,Loyal
C108994,817,1,3084.33,0.0,5,2,1,8,Needs Attention
C108995,408,1,55079.92,0.0,4,2,3,9,Needs Attention
C108996,26,7,134633.41,89762.48000000001,1,5,4,10,Loyal
C108998,15,26,599894.28,171586.25,1,5,5,11,Loyal
C108999,262,3,119087.69,20196.54,4,3,4,11,Loyal
C109001,221,3,54614.05,0.0,3,3,3,9,Needs Attention
C109003,16,5,109329.56999999999,1327.56,1,4,4,9,Needs Attention
C109005,417,3,18073.84,0.0,4,3,2,9,Needs Attention
C109006,41,3,14577.71,0.0,2,3,2,7,Needs Attention
C109010,12,9,144380.14,7833.4,1,5,4,10,Loyal
C109011,4,75,1701639.84,169611.57,1,5,5,11,Loyal
C109013,26,8,48788.99,0.0,1,5,3,9,Needs Attention
C109015,465,2,40751.18,0.0,4,3,3,10,Loyal
C109016,241,6,31452.68,10863.95,3,4,3,10,Loyal
C109017,325,1,23881.92,0.0,4,2,2,8,Needs Attention
C109018,10,46,963569.13,139683.63,1,5,5,11,Loyal
C109019,400,1,6419.87,0.0,4,2,1,7,Needs Attention
C109020,41,6,129921.79999999999,0.0,2,4,4,10,Loyal
C109021,184,1,4473.55,0.0,3,2,1,6,At Risk
C109022,191,7,262123.96,14318.05,3,5,5,13,Champions
C109023,544,1,3691.43,0.0,5,2,1,8,Needs Attention
C109024,949,1,5007.5,0.0,5,2,1,8,Needs Attention
C109025,227,2,116042.09000000001,0.0,3,3,4,10,Loyal
C109027,32,4,98782.48000000001,0.0,1,4,4,9,Needs Attention
C109028,40,1,17151.26,0.0,2,2,2,6,At Risk
C109029,2,38,946663.34,232773.91999999998,1,5,5,11,Loyal
C109032,410,4,91936.15,0.0,4,4,4,12,Loyal
C109033,45,1,71238.05,0.0,2,2,4,8,Needs Attention
C109034,444,3,65262.08,0.0,4,3,3,10,Loyal
C109037,119,8,42983.19,4926.7,3,5,3,11,Loyal
C109039,695,1,6098.88,0.0,5,2,1,8,Needs Attention
C109041,347,2,2966.64,0.0,4,3,1,8,Needs Attention
C109042,582,1,27760.78,0.0,5,2,2,9,Needs Attention
C109043,595,3,28170.620000000003,11657.16,5,3,3,11,Loyal
C109044,186,9,197821.41,0.0,3,5,5,13,Champions
C109045,771,1,5906.28,0.0,5,2,1,8,Needs Attention
C109046,65,11,204970.2,9787.369999999999,2,5,5,12,Loyal
C109047,360,3,12256.41,3142.01,4,3,2,9,Needs Attention
C109049,802,1,14835.81,0.0,5,2,2,9,Needs Attention
C109050,231,2,46481.22,37268.7,3,3,3,9,Needs Attention
C109051,1051,1,5777.88,0.0,5,2,1,8,Needs Attention
C109052,885,1,61063.24,0.0,5,2,3,10,Loyal
C109054,46,2,32667.809999999998,0.0,2,3,3,8,Needs Attention
C109055,250,1,4686.51,0.0,3,2,1,6,At Risk
C109057,1050,1,6259.37,0.0,5,2,1,8,Needs Attention
C109059,55,6,87687.81999999999,6266.98,2,4,4,10,Loyal
C109061,33,5,52373.22000000001,1735.82,1,4,3,8,Needs Attention
C109063,152,6,68595.35,0.0,3,4,4,11,Loyal
C109064,81,3,57673.03,0.0,2,3,3,8,Needs Attention
C109065,316,2,16701.52,0.0,4,3,2,9,Needs Attention
C109066,632,4,32202.620000000003,0.0,5,4,3,12,Loyal
C109067,505,2,16344.14,0.0,4,3,2,9,Needs Attention
C109068,69,2,18282.67,0.0,2,3,2,7,Needs Attention
C109070,242,3,38373.93,0.0,3,3,3,9,Needs Attention
C109072,730,2,32254.53,0.0,5,3,3,11,Loyal
C109073,82,11,92944.65,10569.29,2,5,4,11,Loyal
C109074,36,2,39923.03,0.0,1,3,3,7,Needs Attention
C109075,44,2,77578.68,0.0,2,3,4,9,Needs Attention
C109076,148,6,218985.06,0.0,3,4,5,12,Loyal
C109077,428,2,252326.01,0.0,4,3,5,12,Loyal
C109079,415,3,25830.54,4612.13,4,3,2,9,Needs Attention
C109080,123,2,15821.349999999999,0.0,3,3,2,8,Needs Attention
C109083,102,1,2446.01,0.0,3,2,1,6,At Risk
C109084,55,8,152884.98,0.0,2,5,4,11,Loyal
C109085,396,1,5649.49,0.0,4,2,1,7,Needs Attention
C109086,337,1,5906.28,0.0,4,2,1,7,Needs Attention
C109087,405,1,3338.33,0.0,4,2,1,7,Needs Attention
C109088,8,3,56550.17,0.0,1,3,3,7,Needs Attention
C109089,237,2,15184.5,0.0,3,3,2,8,Needs Attention
C109090,212,3,55108.689999999995,0.0,3,3,3,9,Needs Attention
C109093,149,6,138958.59999999998,453.64,3,4,4,11,Loyal
C109094,19,3,42112.66,0.0,1,3,3,7,Needs Attention
C109095,37,11,138545.02000000002,4595.78,2,5,4,11,Loyal
C109096,212,2,81175.16,0.0,3,3,4,10,Loyal
C109097,777,1,3814.25,0.0,5,2,1,8,Needs Attention
C109099,260,2,2178.46,0.0,4,3,1,8,Needs Attention
C109101,342,1,1478.03,1253.41,4,2,1,7,Needs Attention
C109102,604,1,6098.88,0.0,5,2,1,8,Needs Attention
C109103,350,7,16189.6,0.0,4,5,2,11,Loyal
C109104,63,2,49410.87,34378.07,2,3,3,8,Needs Attention
C109105,68,16,248372.8,42102.24,2,5,5,12,Loyal
C109106,124,4,49736.69,0.0,3,4,3,10,Loyal
C109107,217,2,5965.9,1904.69,3,3,1,7,Needs Attention
C109109,687,1,1482.6,1416.56,5,2,1,8,Needs Attention
C109112,556,1,632.23,0.0,5,2,1,8,Needs Attention
C109113,260,3,41054.74,9555.96,4,3,3,10,Loyal
C109115,43,2,24359.059999999998,0.0,2,3,2,7,Needs Attention
C109116,6,1,9625.54,0.0,1,2,2,5,At Risk
C109118,477,2,11716.26,5956.74,4,3,2,9,Needs Attention
C109119,595,1,6419.87,5690.18,5,2,1,8,Needs Attention
C109120,150,6,289929.5,2294.81,3,4,5,12,Loyal
C109121,335,1,1453.18,0.0,4,2,1,7,Needs Attention
C109126,45,5,43739.71,0.0,2,4,3,9,Needs Attention
C109127,99,1,5135.9,0.0,3,2,1,6,At Risk
C109128,398,1,5379.04,0.0,4,2,1,7,Needs Attention
C109130,209,7,146854.68,0.0,3,5,4,12,Loyal
C109132,170,2,47431.17,0.0,3,3,3,9,Needs Attention
C109133,67,7,149913.07,0.0,2,5,4,11,Loyal
C109134,804,1,6419.87,0.0,5,2,1,8,Needs Attention
C109136,28,12,429952.33,0.0,1,5,5,11,Loyal
C109138,17,4,26220.49,3375.15,1,4,2,7,Needs Attention
C109139,185,2,132906.69,0.0,3,3,4,10,Loyal
C109140,169,2,57805.81,0.0,3,3,3,9,Needs Attention
C109141,427,1,11072.04,0.0,4,2,2,8,Needs Attention
C109142,72,6,286885.19,0.0,2,4,5,11,Loyal
C109143,142,5,195457.30000000002,95781.2,3,4,5,12,Loyal
C109144,946,1,1933.36,1616.39,5,2,1,8,Needs Attention
C109145,205,1,6419.87,0.0,3,2,1,6,At Risk
C109146,74,1,4940.8,4905.23,2,2,1,5,At Risk
C109148,219,2,27630.12,0.0,3,3,2,8,Needs Attention
C109149,185,1,38447.59,31314.05,3,2,3,8,Needs Attention
C109150,56,1,4184.41,0.0,2,2,1,5,At Risk
C109151,23,2,116093.66,0.0,1,3,4,8,Needs Attention
C109152,949,1,6259.37,0.0,5,2,1,8,Needs Attention
C109153,11,6,105837.33,0.0,1,4,4,9,Needs Attention
C109154,390,2,7763.72,1416.16,4,3,1,8,Needs Attention
C109155,108,18,510243.49,0.0,3,5,5,13,Champions
C109156,36,25,498991.9,15345.250000000002,1,5,5,11,Loyal
C109158,465,1,3659.33,0.0,4,2,1,7,Needs Attention
C109162,521,1,3682.65,0.0,4,2,1,7,Needs Attention
C109163,38,13,113354.93,0.0,2,5,4,11,Loyal
C109164,43,2,14701.509999999998,0.0,2,3,2,7,Needs Attention
C109165,5,13,194832.07,14601.43,1,5,5,11,Loyal
C109167,10,3,22006.79,8743.41,1,3,2,6,At Risk
C109168,382,4,38274.52,4546.74,4,4,3,11,Loyal
C109169,380,4,15057.19,0.0,4,4,2,10,Loyal
C109170,39,4,14495.720000000001,0.0,2,4,2,8,Needs Attention
C109171,84,3,131321.35,0.0,2,3,4,9,Needs Attention
C109172,627,2,5389.06,0.0,5,3,1,9,Needs Attention
C109173,8,29,421528.20999999996,11515.13,1,5,5,11,Loyal
C109174,66,6,163087.24,0.0,2,4,5,11,Loyal
C109175,30,4,37609.06,0.0,1,4,3,8,Needs Attention
C109179,117,4,49813.44,0.0,3,4,3,10,Loyal
C109180,907,1,2550.83,0.0,5,2,1,8,Needs Attention
C109181,19,5,100863.2,0.0,1,4,4,9,Needs Attention
C109183,9,4,224859.06999999998,0.0,1,4,5,10,Loyal
C109184,246,2,26465.08,0.0,3,3,2,8,Needs Attention
C109187,229,6,150919.63,36049.83,3,4,4,11,Loyal
C109188,26,16,292527.86,15656.05,1,5,5,11,Loyal
C109190,722,1,52684.76,0.0,5,2,3,10,Loyal
C109192,80,3,73196.53,0.0,2,3,4,9,Needs Attention
C109194,41,6,137761.32,0.0,2,4,4,10,Loyal
C109196,450,2,11557.97,0.0,4,3,2,9,Needs Attention
C109197,413,1,25679.48,0.0,4,2,2,8,Needs Attention
C109201,722,1,4289.76,0.0,5,2,1,8,Needs Attention
C109202,146,2,7851.26,0.0,3,3,1,7,Needs Attention
C109205,826,1,34912.78,0.0,5,2,3,10,Loyal
C109207,681,1,2330.81,2190.85,5,2,1,8,Needs Attention
C109208,568,3,22413.350000000002,0.0,5,3,2,10,Loyal
C109209,32,3,54946.49,0.0,1,3,3,7,Needs Attention
C109210,179,2,83285.97,0.0,3,3,4,10,Loyal
C109211,339,11,106782.09,2509.46,4,5,4,13,Champions
C109212,325,3,58216.54,0.0,4,3,3,10,Loyal
C109213,213,9,187961.95,0.0,3,5,5,13,Champions
C109215,227,8,165152.85,0.0,3,5,5,13,Champions
C109216,370,1,1664.59,0.0,4,2,1,7,Needs Attention
C109217,35,9,67904.82,0.0,1,5,3,9,Needs Attention
C109218,14,5,73862.49,0.0,1,4,4,9,Needs Attention
C109219,28,67,1432473.09,50033.47,1,5,5,11,Loyal
C109221,798,1,11234.77,0.0,5,2,2,9,Needs Attention
C109222,666,1,12582.95,0.0,5,2,2,9,Needs Attention
C109223,568,2,12070.36,0.0,5,3,2,10,Loyal
C109224,275,4,27908.16,0.0,4,4,2,10,Loyal
C109226,913,1,1093.51,0.0,5,2,1,8,Needs Attention
C109227,14,4,231593.31,147266.22999999998,1,4,5,10,Loyal
C109228,43,21,397863.61,48832.66,2,5,5,12,Loyal
C109229,134,4,30486.25,0.0,3,4,3,10,Loyal
C109230,482,2,13573.76,0.0,4,3,2,9,Needs Attention
C109231,379,1,5122.1,4630.99,4,2,1,7,Needs Attention
C109232,399,2,19589.63,0.0,4,3,2,9,Needs Attention
C109233,18,3,3042.64,0.0,1,3,1,5,At Risk
C109234,148,3,29732.08,0.0,3,3,3,9,Needs Attention
C109235,57,16,510342.19,16930.08,2,5,5,12,Loyal
C109238,226,1,2997.28,0.0,3,2,1,6,At Risk
C109239,371,2,75396.44,0.0,4,3,4,11,Loyal
C109240,17,2,29698.04,0.0,1,3,3,7,Needs Attention
C109241,122,7,412620.93,3472.16,3,5,5,13,Champions
C109243,267,1,1366.0,0.0,4,2,1,7,Needs Attention
C109244,53,7,191368.7,0.0,2,5,5,12,Loyal
C109245,277,4,37506.84,5631.27,4,4,3,11,Loyal
C109248,18,6,91940.34,0.0,1,4,4,9,Needs Attention
C109250,31,7,283735.48,65014.28,1,5,5,11,Loyal
C109251,380,2,16939.15,0.0,4,3,2,9,Needs Attention
C109252,1,6,91265.44,1752.21,1,4,4,9,Needs Attention
C109253,2,77,2241186.64,76685.49999999999,1,5,5,11,Loyal
C109256,443,3,48183.71,0.0,4,3,3,10,Loyal
C109257,241,3,161665.09,0.0,3,3,5,11,Loyal
C109258,107,2,68898.43,0.0,3,3,4,10,Loyal
C109259,24,26,732339.2100000001,61398.48,1,5,5,11,Loyal
C109260,419,2,41159.08,0.0,4,3,3,10,Loyal
C109261,37,2,20748.59,0.0,2,3,2,7,Needs Attention
C109262,18,4,168098.23,0.0,1,4,5,10,Loyal
C109263,234,1,6932.46,0.0,3,2,1,6,At Risk
C109264,74,3,116451.32,0.0,2,3,4,9,Needs Attention
C109265,6,3,20804.41,1159.3,1,3,2,6,At Risk
C109266,554,3,12510.23,0.0,5,3,2,10,Loyal
C109269,114,1,6900.97,0.0,3,2,1,6,At Risk
C109270,290,4,113048.0,0.0,4,4,4,12,Loyal
C109271,575,1,5200.09,0.0,5,2,1,8,Needs Attention
C109272,18,29,609180.69,42362.85,1,5,5,11,Loyal
C109273,190,6,72932.90000000001,507.03,3,4,4,11,Loyal
C109274,183,2,245999.61000000002,0.0,3,3,5,11,Loyal
C109275,759,2,13175.619999999999,0.0,5,3,2,10,Loyal
C109276,49,6,39073.07,0.0,2,4,3,9,Needs Attention
C109277,53,1,129477.73,0.0,2,2,4,8,Needs Attention
C109278,408,6,76647.33,6836.860000000001,4,4,4,12,Loyal
C109279,13,26,513578.44,56952.08,1,5,5,11,Loyal
C109280,279,4,144832.22,5034.34,4,4,4,12,Loyal
C109281,29,7,93035.26,0.0,1,5,4,10,Loyal
C109283,414,2,11164.68,5775.78,4,3,2,9,Needs Attention
C109284,1036,2,23657.34,0.0,5,3,2,10,Loyal
C109285,973,1,2081.43,0.0,5,2,1,8,Needs Attention
C109287,35,1,11298.97,0.0,1,2,2,5,At Risk
C109288,33,34,961596.58,43173.13,1,5,5,11,Loyal
C109289,49,3,58334.66,3931.01,2,3,3,8,Needs Attention
C109291,383,1,2278.18,0.0,4,2,1,7,Needs Attention
C109292,372,5,81255.92,51899.63,4,4,4,12,Loyal
C109293,729,1,33349.16,0.0,5,2,3,10,Loyal
C109294,801,1,627.16,0.0,5,2,1,8,Needs Attention
C109295,12,3,157839.07,51438.63,1,3,5,9,Needs Attention
C109296,737,3,11152.5,8034.34,5,3,2,10,Loyal
C109297,763,1,5122.1,4443.3,5,2,1,8,Needs Attention
C109298,821,1,6419.87,0.0,5,2,1,8,Needs Attention
C109299,110,1,1305.11,0.0,3,2,1,6,At Risk
C109301,437,2,25516.4,0.0,4,3,2,9,Needs Attention
C109302,376,4,45790.32,1224.59,4,4,3,11,Loyal
C109303,69,1,5906.28,0.0,2,2,1,5,At Risk
C109304,30,7,120587.65999999999,34924.33,1,5,4,10,Loyal
C109305,45,9,182720.85,5801.92,2,5,5,12,Loyal
C109306,823,4,31858.89,0.0,5,4,3,12,Loyal
C109307,938,1,29184.37,0.0,5,2,3,10,Loyal
C109308,113,5,52790.659999999996,0.0,3,4,3,10,Loyal
C109309,211,2,18077.1,0.0,3,3,2,8,Needs Attention
C109312,311,3,70414.5,0.0,4,3,4,11,Loyal
C109313,436,1,918.43,0.0,4,2,1,7,Needs Attention
C109314,456,6,64145.17999999999,1108.57,4,4,3,11,Loyal
C109315,516,1,1766.09,0.0,4,2,1,7,Needs Attention
C109316,778,1,5456.89,0.0,5,2,1,8,Needs Attention
C109317,380,3,12961.7,0.0,4,3,2,9,Needs Attention
C109318,875,2,7062.530000000001,0.0,5,3,1,9,Needs Attention
C109319,58,4,103774.01,0.0,2,4,4,10,Loyal
C109320,227,2,71696.94,0.0,3,3,4,10,Loyal
C109321,507,1,58247.16,0.0,4,2,3,9,Needs Attention
C109322,903,1,5264.29,0.0,5,2,1,8,Needs Attention
C109325,16,8,85092.75,3200.6,1,5,4,10,Loyal
C109326,66,6,113039.67,0.0,2,4,4,10,Loyal
C109328,91,6,322884.38,0.0,2,4,5,11,Loyal
C109329,942,1,6217.65,0.0,5,2,1,8,Needs Attention
C109330,678,1,87756.46,0.0,5,2,4,11,Loyal
C109332,595,1,11812.56,10868.98,5,2,2,9,Needs Attention
C109333,505,1,13426.72,0.0,4,2,2,8,Needs Attention
C109334,4,8,55955.84,8467.84,1,5,3,9,Needs Attention
C109335,954,1,29495.83,0.0,5,2,3,10,Loyal
C109337,749,1,10421.55,0.0,5,2,2,9,Needs Attention
C109339,637,4,18192.519999999997,8222.77,5,4,2,11,Loyal
C109340,223,5,89744.45999999999,0.0,3,4,4,11,Loyal
C109341,851,1,102889.96,0.0,5,2,4,11,Loyal
C109342,214,2,19073.5,0.0,3,3,2,8,Needs Attention
C109343,806,1,12000.16,0.0,5,2,2,9,Needs Attention
C109344,827,1,30658.46,0.0,5,2,3,10,Loyal
C109345,26,12,162234.97999999998,4897.7,1,5,5,11,Loyal
C109346,239,1,24395.51,18372.47,3,2,2,7,Needs Attention
C109347,89,5,44380.08,6601.95,2,4,3,9,Needs Attention
C109348,403,3,20955.72,0.0,4,3,2,9,Needs Attention
C109350,99,28,1350866.54,89670.69,3,5,5,13,Champions
C109351,956,2,7668.13,0.0,5,3,1,9,Needs Attention
C109352,14,3,8326.56,0.0,1,3,2,6,At Risk
C109354,76,4,20174.12,0.0,2,4,2,8,Needs Attention
C109357,816,1,9252.75,0.0,5,2,2,9,Needs Attention
C109358,978,1,5264.29,0.0,5,2,1,8,Needs Attention
C109359,215,2,321620.07,0.0,3,3,5,11,Loyal
C109360,442,1,9937.4,0.0,4,2,2,8,Needs Attention
C109361,128,7,209965.04,0.0,3,5,5,13,Champions
C109363,476,3,88871.17,0.0,4,3,4,11,Loyal
C109364,816,1,6419.87,0.0,5,2,1,8,Needs Attention
C109366,242,3,31408.34,5623.53,3,3,3,9,Needs Attention
C109367,382,3,32859.579999999994,0.0,4,3,3,10,Loyal
C109368,156,2,3432.8599999999997,0.0,3,3,1,7,Needs Attention
C109369,152,1,5932.14,0.0,3,2,1,6,At Risk
C109370,31,8,102554.06,4795.8,1,5,4,10,Loyal
C109371,9,22,529991.37,5231.72,1,5,5,11,Loyal
C109373,149,4,43148.21,0.0,3,4,3,10,Loyal
C109374,243,3,76989.92000000001,0.0,3,3,4,10,Loyal
C109376,320,3,5627.84,1475.84,4,3,1,8,Needs Attention
C109377,914,1,405.24,0.0,5,2,1,8,Needs Attention
C109378,9,2,50577.229999999996,0.0,1,3,3,7,Needs Attention
C109379,904,1,5135.9,0.0,5,2,1,8,Needs Attention
C109381,334,2,3309.4700000000003,0.0,4,3,1,8,Needs Attention
C109383,74,12,425292.02999999997,7781.55,2,5,5,12,Loyal
C109385,5,6,63202.740000000005,725.92,1,4,3,8,Needs Attention
C109389,340,1,6259.37,0.0,4,2,1,7,Needs Attention
C109390,500,3,12741.84,0.0,4,3,2,9,Needs Attention
C109391,156,10,213736.3,0.0,3,5,5,13,Champions
C109392,633,1,21008.84,0.0,5,2,2,9,Needs Attention
C109393,432,1,3929.61,0.0,4,2,1,7,Needs Attention
C109394,1061,1,11236.47,0.0,5,2,2,9,Needs Attention
C109397,88,1,559.62,0.0,2,2,1,5,At Risk
C109398,422,1,6181.42,0.0,4,2,1,7,Needs Attention
C109399,459,1,4374.88,0.0,4,2,1,7,Needs Attention
C109400,370,2,64226.19,47602.75,4,3,3,10,Loyal
C109403,440,5,27846.88,0.0,4,4,2,10,Loyal
C109405,650,1,55079.92,0.0,5,2,3,10,Loyal
C109406,78,2,27485.5,0.0,2,3,2,7,Needs Attention
C109408,91,5,97748.29000000001,3774.39,3,4,4,11,Loyal
C109409,838,1,14319.23,0.0,5,2,2,9,Needs Attention
C109410,218,1,504.54,0.0,3,2,1,6,At Risk
C109411,172,3,134703.78,60987.51,3,3,4,10,Loyal
C109412,185,2,151621.77000000002,0.0,3,3,4,10,Loyal
C109414,384,2,75837.38,0.0,4,3,4,11,Loyal
C109416,54,2,12781.67,0.0,2,3,2,7,Needs Attention
C109418,981,1,2029.99,0.0,5,2,1,8,Needs Attention
C109419,32,11,159852.36000000002,1128.23,1,5,5,11,Loyal
C109420,37,11,238198.9,0.0,2,5,5,12,Loyal
C109421,22,2,10395.77,6365.73,1,3,2,6,At Risk
C109422,443,1,15632.44,0.0,4,2,2,8,Needs Attention
C109423,109,1,6419.87,0.0,3,2,1,6,At Risk
C109426,79,2,16049.68,0.0,2,3,2,7,Needs Attention
C109427,772,1,20373.57,0.0,5,2,2,9,Needs Attention
C109428,116,2,165945.03,0.0,3,3,5,11,Loyal
C109430,7,8,100627.82,0.0,1,5,4,10,Loyal
C109431,406,1,5777.88,0.0,4,2,1,7,Needs Attention
C109432,207,2,11684.16,0.0,3,3,2,8,Needs Attention
C109433,538,1,37442.76,0.0,5,2,3,10,Loyal
C109434,70,9,200174.83,0.0,2,5,5,12,Loyal
C109437,593,1,4534.94,3417.69,5,2,1,8,Needs Attention
C109438,578,1,2240.36,0.0,5,2,1,8,Needs Attention
C109439,3,2,49262.25,22883.33,1,3,3,7,Needs Attention
C109443,105,5,85469.60999999999,0.0,3,4,4,11,Loyal
C109444,83,11,189114.0,4689.01,2,5,5,12,Loyal
C109446,29,1,4730.52,0.0,1,2,1,4,At Risk
C109448,238,2,55325.63,0.0,3,3,3,9,Needs Attention
C109449,5,2,11345.76,0.0,1,3,2,6,At Risk
C109450,526,2,6149.06,0.0,4,3,1,8,Needs Attention
C109451,305,1,10472.57,0.0,4,2,2,8,Needs Attention
C109452,565,4,68024.93,0.0,5,4,4,13,Champions
C109453,436,3,39930.29,0.0,4,3,3,10,Loyal
C109454,80,3,19302.76,2173.04,2,3,2,7,Needs Attention
C109455,962,1,6419.87,6097.69,5,2,1,8,Needs Attention
C109457,425,2,5201.2300000000005,0.0,4,3,1,8,Needs Attention
C109458,2,8,141478.35,33527.49,1,5,4,10,Loyal
C109459,394,1,2194.57,0.0,4,2,1,7,Needs Attention
C109460,86,8,192532.83000000002,2576.07,2,5,5,12,Loyal
C109462,771,1,5456.89,0.0,5,2,1,8,Needs Attention
C109463,696,1,12197.75,0.0,5,2,2,9,Needs Attention
C109464,86,2,13032.02,0.0,2,3,2,7,Needs Attention
C109465,636,1,6098.88,0.0,5,2,1,8,Needs Attention
C109466,1012,1,4044.52,0.0,5,2,1,8,Needs Attention
C109469,229,4,28308.13,0.0,3,4,3,10,Loyal
C109470,67,4,262873.97,0.0,2,4,5,11,Loyal
C109471,225,2,82168.43000000001,0.0,3,3,4,10,Loyal
C109472,404,4,24155.86,0.0,4,4,2,10,Loyal
C109473,3,9,107708.63,0.0,1,5,4,10,Loyal
C109474,778,1,19059.14,0.0,5,2,2,9,Needs Attention
C109475,23,3,322050.63999999996,0.0,1,3,5,9,Needs Attention
C109477,74,2,15305.52,0.0,2,3,2,7,Needs Attention
C109479,67,2,6290.5599999999995,4759.02,2,3,1,6,At Risk
C109480,45,10,224633.61000000002,0.0,2,5,5,12,Loyal
C109481,9,15,303761.1,44916.09,1,5,5,11,Loyal
C109482,27,4,17197.92,4366.67,1,4,2,7,Needs Attention
C109483,34,17,467979.32999999996,4709.49,1,5,5,11,Loyal
C109487,107,9,173994.96000000002,0.0,3,5,5,13,Champions
C109488,875,1,48872.73,46456.83,5,2,3,10,Loyal
C109489,318,1,41623.41,0.0,4,2,3,9,Needs Attention
C109490,318,2,2861.63,0.0,4,3,1,8,Needs Attention
C109491,114,1,4493.91,0.0,3,2,1,6,At Risk
C109492,251,8,34744.95,905.79,3,5,3,11,Loyal
C109493,934,1,1534.68,0.0,5,2,1,8,Needs Attention
C109494,50,4,113214.45999999999,37772.77,2,4,4,10,Loyal
C109495,0,6,63008.899999999994,43751.89,1,4,3,8,Needs Attention
C109496,221,2,154666.41,0.0,3,3,4,10,Loyal
C109497,270,4,18350.37,7563.25,4,4,2,10,Loyal
C109498,2,23,873144.65,5077.25,1,5,5,11,Loyal
C109500,790,1,2029.99,0.0,5,2,1,8,Needs Attention
C109502,637,1,10913.78,8684.62,5,2,2,9,Needs Attention
C109503,5,7,71317.42,0.0,1,5,4,10,Loyal
C109504,295,7,81571.48000000001,4872.42,4,5,4,13,Champions
C109505,77,3,13428.88,0.0,2,3,2,7,Needs Attention
C109506,41,10,185050.23,0.0,2,5,5,12,Loyal
C109507,43,2,5186.57,0.0,2,3,1,6,At Risk
C109509,13,9,70109.54,0.0,1,5,4,10,Loyal
C109510,204,1,4044.52,0.0,3,2,1,6,At Risk
C109512,386,3,29538.75,0.0,4,3,3,10,Loyal
C109513,1091,1,16226.07,0.0,5,2,2,9,Needs Attention
C109515,10,3,23702.149999999998,0.0,1,3,2,6,At Risk
C109516,542,6,104005.22,0.0,5,4,4,13,Champions
C109517,733,1,3891.99,0.0,5,2,1,8,Needs Attention
C109518,92,5,120602.91,14402.74,3,4,4,11,Loyal
C109520,153,1,50301.76,0.0,3,2,3,8,Needs Attention
C109521,181,2,6737.87,255.72,3,3,1,7,Needs Attention
C109523,966,1,3053.7,0.0,5,2,1,8,Needs Attention
C109524,620,1,835.23,0.0,5,2,1,8,Needs Attention
C109525,11,5,58179.85,10654.35,1,4,3,8,Needs Attention
C109527,50,10,244647.74000000002,0.0,2,5,5,12,Loyal
C109530,62,6,87715.56,0.0,2,4,4,10,Loyal
C109531,631,1,101650.59,0.0,5,2,4,11,Loyal
C109532,245,3,75114.94,0.0,3,3,4,10,Loyal
C109533,347,1,813.59,651.23,4,2,1,7,Needs Attention
C109534,162,5,104967.92000000001,0.0,3,4,4,11,Loyal
C109535,42,1,4975.4,0.0,2,2,1,5,At Risk
C109536,47,1,2679.95,0.0,2,2,1,5,At Risk
C109537,176,3,43146.04,5282.28,3,3,3,9,Needs Attention
C109539,19,3,30415.03,0.0,1,3,3,7,Needs Attention
C109541,56,1,11785.45,0.0,2,2,2,6,At Risk
C109542,941,1,37626.01,0.0,5,2,3,10,Loyal
C109543,4,4,238628.12,41889.62,1,4,5,10,Loyal
C109544,44,6,108100.84,0.0,2,4,4,10,Loyal
C109546,22,6,37866.03,0.0,1,4,3,8,Needs Attention
C109547,12,5,33832.85,5710.76,1,4,3,8,Needs Attention
C109549,301,2,6500.849999999999,0.0,4,3,1,8,Needs Attention
C109550,122,1,12839.74,12823.79,3,2,2,7,Needs Attention
C109551,191,3,155395.75,12004.57,3,3,4,10,Loyal
C109552,10,5,82138.84,5748.79,1,4,4,9,Needs Attention
C109553,927,1,25620.54,0.0,5,2,2,9,Needs Attention
C109554,1095,1,4943.3,0.0,5,2,1,8,Needs Attention
C109555,36,9,168447.54,56789.94,1,5,5,11,Loyal
C109558,468,1,13163.05,0.0,4,2,2,8,Needs Attention
C109559,251,2,18681.82,0.0,3,3,2,8,Needs Attention
C109560,9,41,1061524.1400000001,46639.850000000006,1,5,5,11,Loyal
C109561,10,5,121065.65,0.0,1,4,4,9,Needs Attention
C109563,50,3,41113.009999999995,15216.12,2,3,3,8,Needs Attention
C109564,51,9,335789.55,191142.45,2,5,5,12,Loyal
C109565,291,1,6291.47,0.0,4,2,1,7,Needs Attention
C109566,210,1,23622.18,21921.39,3,2,2,7,Needs Attention
C109567,794,3,65180.01,0.0,5,3,3,11,Loyal
C109571,487,1,8987.82,7559.39,4,2,2,8,Needs Attention
C109572,263,2,24502.579999999998,0.0,4,3,2,9,Needs Attention
C109573,63,3,10092.539999999999,0.0,2,3,2,7,Needs Attention
C109574,405,2,37372.57,0.0,4,3,3,10,Loyal
C109575,436,1,62207.9,0.0,4,2,3,9,Needs Attention
C109576,115,3,12713.51,0.0,3,3,2,8,Needs Attention
C109577,121,2,45976.58,0.0,3,3,3,9,Needs Attention
C109579,707,2,5533.639999999999,4744.72,5,3,1,9,Needs Attention
C109580,84,2,51465.91,38378.41,2,3,3,8,Needs Attention
C109581,22,58,1411436.07,73989.01999999999,1,5,5,11,Loyal
C109583,686,1,12169.76,0.0,5,2,2,9,Needs Attention
C109584,413,1,11093.67,0.0,4,2,2,8,Needs Attention
C109585,689,1,45359.19,0.0,5,2,3,10,Loyal
C109586,132,5,27245.75,4387.52,3,4,2,9,Needs Attention
C109587,233,2,11836.029999999999,510.45,3,3,2,8,Needs Attention
C109588,336,2,13479.150000000001,0.0,4,3,2,9,Needs Attention
C109589,58,1,290.5,0.0,2,2,1,5,At Risk
C109592,34,11,112477.25,1044.65,1,5,4,10,Loyal
C109593,27,13,164048.78,4251.98,1,5,5,11,Loyal
C109594,42,2,9003.53,5078.26,2,3,2,7,Needs Attention
C109595,369,2,13707.69,0.0,4,3,2,9,Needs Attention
C109596,24,27,621548.33,7625.28,1,5,5,11,Loyal
C109597,3,40,926798.76,135161.11000000002,1,5,5,11,Loyal
C109599,332,3,146920.66999999998,0.0,4,3,4,11,Loyal
C109600,407,3,101144.93,0.0,4,3,4,11,Loyal
C109601,6,4,22391.98,0.0,1,4,2,7,Needs Attention
C109603,129,1,5335.22,0.0,3,2,1,6,At Risk
C109605,218,7,129687.83,4403.91,3,5,4,12,Loyal
C109606,428,2,202952.89,0.0,4,3,5,12,Loyal
C109607,769,1,1450.66,0.0,5,2,1,8,Needs Attention
C109608,33,1,10888.73,0.0,1,2,2,5,At Risk
C109609,307,3,13085.4,2877.96,4,3,2,9,Needs Attention
C109610,30,9,249514.78,14088.03,1,5,5,11,Loyal
C109611,537,1,319.52,0.0,5,2,1,8,Needs Attention
C109612,28,36,1022185.66,49982.56,1,5,5,11,Loyal
C109614,106,5,46616.09,329.71,3,4,3,10,Loyal
C109616,152,8,251384.53,0.0,3,5,5,13,Champions
C109617,34,17,231519.91999999998,11514.68,1,5,5,11,Loyal
C109618,848,1,5456.89,0.0,5,2,1,8,Needs Attention
C109620,288,6,93757.27,0.0,4,4,4,12,Loyal
C109621,763,1,14300.84,0.0,5,2,2,9,Needs Attention
C109622,946,1,1619.73,0.0,5,2,1,8,Needs Attention
C109625,451,3,55361.99,0.0,4,3,3,10,Loyal
C109626,592,2,56682.99,0.0,5,3,3,11,Loyal
C109628,1054,1,1765.29,0.0,5,2,1,8,Needs Attention
C109629,180,6,119662.9,0.0,3,4,4,11,Loyal
C109632,424,1,28527.27,0.0,4,2,3,9,Needs Attention
C109633,14,40,860399.1900000001,190922.76,1,5,5,11,Loyal
C109636,47,5,334117.58,0.0,2,4,5,11,Loyal
C109637,79,3,142449.83,0.0,2,3,4,9,Needs Attention
C109638,707,2,24139.73,0.0,5,3,2,10,Loyal
C109639,7,10,277166.07,0.0,1,5,5,11,Loyal
C109640,515,5,34194.16,0.0,4,4,3,11,Loyal
C109641,16,28,387593.55,86289.22,1,5,5,11,Loyal
C109643,397,4,105149.40000000001,0.0,4,4,4,12,Loyal
C109644,654,1,8052.31,0.0,5,2,1,8,Needs Attention
C109646,29,19,485890.06999999995,79041.57,1,5,5,11,Loyal
C109647,170,4,127880.2,0.0,3,4,4,11,Loyal
C109648,413,4,118077.38,0.0,4,4,4,12,Loyal
C109650,66,12,314439.64,90896.18000000001,2,5,5,12,Loyal
C109653,647,1,6259.37,5200.77,5,2,1,8,Needs Attention
C109654,118,4,191695.14,0.0,3,4,5,12,Loyal
C109655,395,4,31567.05,0.0,4,4,3,11,Loyal
C109656,60,3,3966.21,1266.41,2,3,1,6,At Risk
C109657,513,1,929.08,0.0,4,2,1,7,Needs Attention
C109659,44,19,274741.95,27269.129999999997,2,5,5,12,Loyal
C109660,26,6,26986.43,2100.4,1,4,2,7,Needs Attention
C109661,1,38,689952.25,74722.23,1,5,5,11,Loyal
C109662,539,3,33138.92,0.0,5,3,3,11,Loyal
C109663,15,17,446570.43,0.0,1,5,5,11,Loyal
C109664,88,6,85508.52,0.0,2,4,4,10,Loyal
C109665,51,7,176142.66,0.0,2,5,5,12,Loyal
C109666,49,6,24746.120000000003,9241.470000000001,2,4,2,8,Needs Attention
C109668,423,4,154906.41999999998,29194.96,4,4,4,12,Loyal
C109670,119,11,137093.09,788.08,3,5,4,12,Loyal
C109671,35,2,36883.51,0.0,1,3,3,7,Needs Attention
C109672,196,4,150081.59,0.0,3,4,4,11,Loyal
C109673,145,8,158465.59000000003,0.0,3,5,5,13,Champions
C109675,85,3,152613.06,0.0,2,3,4,9,Needs Attention
C109676,81,2,9279.609999999999,0.0,2,3,2,7,Needs Attention
C109677,83,4,79034.26000000001,0.0,2,4,4,10,Loyal
C109678,493,1,6786.03,0.0,4,2,1,7,Needs Attention
C109679,93,2,155802.34,0.0,3,3,4,10,Loyal
C109680,944,1,5135.9,0.0,5,2,1,8,Needs Attention
C109681,194,2,24186.43,0.0,3,3,2,8,Needs Attention
C109682,128,8,263654.35,11736.86,3,5,5,13,Champions
C109683,137,4,202367.68,0.0,3,4,5,12,Loyal
C109684,190,2,24224.559999999998,0.0,3,3,2,8,Needs Attention
C109685,595,2,75287.37999999999,0.0,5,3,4,12,Loyal
C109686,62,7,128590.26000000001,0.0,2,5,4,11,Loyal
C109687,192,4,42163.43,0.0,3,4,3,10,Loyal
C109688,81,9,326085.22,51125.12,2,5,5,12,Loyal
C109689,92,4,75902.16,0.0,3,4,4,11,Loyal
C109691,155,1,2637.57,0.0,3,2,1,6,At Risk
C109692,239,4,42591.950000000004,0.0,3,4,3,10,Loyal
C109693,231,2,5356.04,0.0,3,3,1,7,Needs Attention
C109694,351,1,1778.51,0.0,4,2,1,7,Needs Attention
C109697,707,1,2416.7,0.0,5,2,1,8,Needs Attention
C109698,671,1,5135.9,0.0,5,2,1,8,Needs Attention
C109699,156,2,105923.32999999999,37017.13,3,3,4,10,Loyal
C109700,795,1,4793.34,0.0,5,2,1,8,Needs Attention
C109701,49,1,104075.32,0.0,2,2,4,8,Needs Attention
C109702,278,2,64806.57,0.0,4,3,3,10,Loyal
C109704,167,1,15617.79,0.0,3,2,2,7,Needs Attention
C109705,23,38,915561.91,56461.84,1,5,5,11,Loyal
C109706,46,8,63457.29,7636.17,2,5,3,10,Loyal
C109707,389,1,44636.77,0.0,4,2,3,9,Needs Attention
C109708,84,2,18920.86,0.0,2,3,2,7,Needs Attention
C109709,217,4,142257.98,0.0,3,4,4,11,Loyal
C109710,26,9,59847.57,1951.33,1,5,3,9,Needs Attention
C109712,730,2,28049.21,0.0,5,3,2,10,Loyal
C109714,241,2,7809.23,0.0,3,3,1,7,Needs Attention
C109715,411,4,82426.04,0.0,4,4,4,12,Loyal
C109716,419,2,63443.780000000006,0.0,4,3,3,10,Loyal
C109717,226,2,7793.030000000001,0.0,3,3,1,7,Needs Attention
C109719,26,3,29074.23,0.0,1,3,3,7,Needs Attention
C109720,27,4,70413.5,0.0,1,4,4,9,Needs Attention
C109721,114,3,81040.35,0.0,3,3,4,10,Loyal
C109722,785,1,5155.62,0.0,5,2,1,8,Needs Attention
C109723,83,5,25203.979999999996,0.0,2,4,2,8,Needs Attention
C109724,20,10,120800.61,4429.08,1,5,4,10,Loyal
C109725,441,1,5314.17,0.0,4,2,1,7,Needs Attention
C109726,136,2,61266.56999999999,0.0,3,3,3,9,Needs Attention
C109727,90,9,204017.41999999998,0.0,2,5,5,12,Loyal
C109728,483,2,9607.42,0.0,4,3,2,9,Needs Attention
C109729,831,2,8090.5,0.0,5,3,1,9,Needs Attention
C109730,444,1,5777.88,0.0,4,2,1,7,Needs Attention
C109731,74,4,138398.61,0.0,2,4,4,10,Loyal
C109732,16,2,29261.260000000002,0.0,1,3,3,7,Needs Attention
C109734,526,2,14929.18,0.0,4,3,2,9,Needs Attention
C109735,212,1,5456.89,0.0,3,2,1,6,At Risk
C109736,170,1,800.06,0.0,3,2,1,6,At Risk
C109737,120,9,229866.37,0.0,3,5,5,13,Champions
C109738,404,3,32990.61,0.0,4,3,3,10,Loyal
C109739,13,3,238485.94,0.0,1,3,5,9,Needs Attention
C109740,362,1,64185.54,0.0,4,2,3,9,Needs Attention
C109741,445,2,41942.100000000006,5647.6,4,3,3,10,Loyal
C109742,54,1,13008.36,10069.08,2,2,2,6,At Risk
C109744,41,38,633393.59,4255.17,2,5,5,12,Loyal
C109745,338,7,76935.47,0.0,4,5,4,13,Champions
C109746,361,1,1264.54,0.0,4,2,1,7,Needs Attention
C109747,341,1,5456.89,0.0,4,2,1,7,Needs Attention
C109748,1075,1,1968.78,0.0,5,2,1,8,Needs Attention
C109750,876,1,4233.69,0.0,5,2,1,8,Needs Attention
C109751,186,7,145929.51,48712.85,3,5,4,12,Loyal
C109752,337,1,3165.08,0.0,4,2,1,7,Needs Attention
C109753,844,1,3669.2,0.0,5,2,1,8,Needs Attention
C109754,206,3,27329.8,0.0,3,3,2,8,Needs Attention
C109755,60,10,232679.22999999998,49795.14,2,5,5,12,Loyal
C109756,1045,1,13990.49,0.0,5,2,2,9,Needs Attention
C109757,41,7,263210.75,0.0,2,5,5,12,Loyal
C109758,75,4,65010.31,0.0,2,4,3,9,Needs Attention
C109759,290,3,25418.36,0.0,4,3,2,9,Needs Attention
C109760,228,2,34736.9,0.0,3,3,3,9,Needs Attention
C109763,205,3,26766.9,4883.91,3,3,2,8,Needs Attention
C109764,28,12,200130.65,6557.639999999999,1,5,5,11,Loyal
C109766,77,4,36461.63,0.0,2,4,3,9,Needs Attention
C109767,98,1,3788.42,0.0,3,2,1,6,At Risk
C109768,130,7,231324.04,5104.74,3,5,5,13,Champions
C109769,103,5,77770.45,0.0,3,4,4,11,Loyal
C109770,776,2,6161.54,0.0,5,3,1,9,Needs Attention
C109771,5,3,116638.81999999999,0.0,1,3,4,8,Needs Attention
C109772,100,2,22899.25,0.0,3,3,2,8,Needs Attention
C109776,617,2,10898.48,0.0,5,3,2,10,Loyal
C109779,392,1,3836.02,0.0,4,2,1,7,Needs Attention
C109780,466,1,3444.63,0.0,4,2,1,7,Needs Attention
C109782,42,11,199355.49,16091.259999999998,2,5,5,12,Loyal
C109783,63,1,631.41,0.0,2,2,1,5,At Risk
C109784,402,1,10248.22,0.0,4,2,2,8,Needs Attention
C109785,54,3,18251.63,0.0,2,3,2,7,Needs Attention
C109786,74,12,261027.62,1177.21,2,5,5,12,Loyal
C109787,826,3,105651.64,0.0,5,3,4,12,Loyal
C109788,26,1,9462.25,0.0,1,2,2,5,At Risk
C109789,25,18,305839.19,1316.82,1,5,5,11,Loyal
C109793,44,4,198195.00999999998,0.0,2,4,5,11,Loyal
C109794,39,13,134539.53,0.0,2,5,4,11,Loyal
C109795,549,1,480.62,0.0,5,2,1,8,Needs Attention
C109797,254,7,63410.27,0.0,3,5,3,11,Loyal
C109800,432,1,6098.88,0.0,4,2,1,7,Needs Attention
C109801,121,9,160372.47,0.0,3,5,5,13,Champions
C109802,1029,1,6599.68,0.0,5,2,1,8,Needs Attention
C109803,58,2,294380.99000000005,0.0,2,3,5,10,Loyal
C109805,501,1,11170.57,0.0,4,2,2,8,Needs Attention
C109806,13,34,560888.48,41547.96,1,5,5,11,Loyal
C109807,38,5,188127.58000000002,0.0,2,4,5,11,Loyal
C109808,41,1,5135.9,0.0,2,2,1,5,At Risk
C109809,5,29,546469.7,94578.44,1,5,5,11,Loyal
C109810,205,1,2125.29,0.0,3,2,1,6,At Risk
C109811,67,1,635.26,0.0,2,2,1,5,At Risk
C109812,75,11,168100.32,8587.53,2,5,5,12,Loyal
C109814,67,5,145376.64,0.0,2,4,4,10,Loyal
C109816,655,2,25816.49,598.59,5,3,2,10,Loyal
C109817,1,271,6112187.96,546777.3300000001,1,5,5,11,Loyal
C109818,932,1,5777.88,0.0,5,2,1,8,Needs Attention
C109819,5,1,6525.69,5438.2,1,2,1,4,At Risk
C109820,273,4,75069.58,0.0,4,4,4,12,Loyal
C109826,370,1,5970.48,0.0,4,2,1,7,Needs Attention
C109827,52,3,164330.4,0.0,2,3,5,10,Loyal
C109829,605,1,67648.96,0.0,5,2,3,10,Loyal
C109830,55,13,332464.48,5026.34,2,5,5,12,Loyal
C109831,9,7,98703.39,4119.06,1,5,4,10,Loyal
C109832,90,1,1705.24,0.0,2,2,1,5,At Risk
C109833,443,3,358443.04000000004,0.0,4,3,5,12,Loyal
C109834,337,1,34912.78,0.0,4,2,3,9,Needs Attention
C109835,139,2,6864.35,0.0,3,3,1,7,Needs Attention
C109836,156,3,110947.31,22992.59,3,3,4,10,Loyal
C109837,779,1,1733.08,1702.82,5,2,1,8,Needs Attention
C109838,226,5,54626.369999999995,9078.71,3,4,3,10,Loyal
C109839,749,2,25657.21,0.0,5,3,2,10,Loyal
C109840,23,3,64600.42,0.0,1,3,3,7,Needs Attention
C109841,41,3,139412.05,57904.48,2,3,4,9,Needs Attention
C109842,1027,1,5918.64,0.0,5,2,1,8,Needs Attention
C109843,321,4,44944.63,0.0,4,4,3,11,Loyal
C109845,364,1,233875.7,0.0,4,2,5,11,Loyal
C109848,8,7,294710.38,61346.49,1,5,5,11,Loyal
C109849,221,2,23660.62,0.0,3,3,2,8,Needs Attention
C109851,479,5,104388.98,0.0,4,4,4,12,Loyal
C109852,425,1,6419.87,0.0,4,2,1,7,Needs Attention
C109854,1022,1,304.21,0.0,5,2,1,8,Needs Attention
C109855,13,2,105845.0,0.0,1,3,4,8,Needs Attention
C109857,780,1,43814.12,0.0,5,2,3,10,Loyal
C109859,87,2,5364.6900000000005,3835.35,2,3,1,6,At Risk
C109860,46,24,487204.54000000004,37401.21,2,5,5,12,Loyal
C109861,156,2,14749.130000000001,0.0,3,3,2,8,Needs Attention
C109862,911,1,11849.5,0.0,5,2,2,9,Needs Attention
C109864,111,2,77388.81,65159.29,3,3,4,10,Loyal
C109865,58,3,77972.25,0.0,2,3,4,9,Needs Attention
C109867,51,9,334016.77,123428.4,2,5,5,12,Loyal
C109868,2,2,50704.89,0.0,1,3,3,7,Needs Attention
C109869,85,3,153079.61000000002,0.0,2,3,4,9,Needs Attention
C109871,595,1,3980.32,0.0,5,2,1,8,Needs Attention
C109872,78,3,17815.13,0.0,2,3,2,7,Needs Attention
C109873,29,12,103545.87,0.0,1,5,4,10,Loyal
C109874,12,61,1036107.6900000001,86856.97,1,5,5,11,Loyal
C109875,755,3,31806.129999999997,12970.23,5,3,3,11,Loyal
C109876,52,8,89605.41,0.0,2,5,4,11,Loyal
C109877,33,3,37219.740000000005,0.0,1,3,3,7,Needs Attention
C109878,242,2,5487.13,0.0,3,3,1,7,Needs Attention
C109879,21,5,95257.23000000001,0.0,1,4,4,9,Needs Attention
C109881,511,1,5906.28,0.0,4,2,1,7,Needs Attention
C109882,451,3,10034.65,0.0,4,3,2,9,Needs Attention
C109883,412,3,68979.88,3882.94,4,3,4,11,Loyal
C109884,4,10,329486.23000000004,41077.95,1,5,5,11,Loyal
C109885,39,2,10456.0,0.0,2,3,2,7,Needs Attention
C109886,720,2,14497.32,7278.38,5,3,2,10,Loyal
C109887,690,1,48194.14,0.0,5,2,3,10,Loyal
C109888,4,11,217921.79,56917.35,1,5,5,11,Loyal
C109889,87,3,225531.56999999998,0.0,2,3,5,10,Loyal
C109890,956,1,58976.02,0.0,5,2,3,10,Loyal
C109891,39,9,189470.25999999998,4239.58,2,5,5,12,Loyal
C109893,143,3,35013.3,0.0,3,3,3,9,Needs Attention
C109895,633,2,24644.620000000003,12110.82,5,3,2,10,Loyal
C109897,586,1,11084.22,0.0,5,2,2,9,Needs Attention
C109898,22,35,946566.71,3710.01,1,5,5,11,Loyal
C109899,597,2,14252.11,0.0,5,3,2,10,Loyal
C109900,4,28,883304.03,5604.12,1,5,5,11,Loyal
C109901,88,5,136528.13,0.0,2,4,4,10,Loyal
C109903,54,15,462654.48,0.0,2,5,5,12,Loyal
C109904,691,2,48763.39,0.0,5,3,3,11,Loyal
C109906,18,7,131947.02,0.0,1,5,4,10,Loyal
C109909,80,8,67660.14,0.0,2,5,3,10,Loyal
C109911,693,1,4493.91,0.0,5,2,1,8,Needs Attention
C109912,55,3,36037.16,0.0,2,3,3,8,Needs Attention
C109917,14,4,97046.69,5160.53,1,4,4,9,Needs Attention
C109918,148,4,73323.43,7609.38,3,4,4,11,Loyal
C109919,28,3,18617.17,0.0,1,3,2,6,At Risk
C109920,242,5,41125.08,18722.550000000003,3,4,3,10,Loyal
C109921,164,1,4979.07,0.0,3,2,1,6,At Risk
C109922,65,26,477778.22,54234.89,2,5,5,12,Loyal
C109923,298,2,39381.93,0.0,4,3,3,10,Loyal
C109924,35,3,42698.39,0.0,1,3,3,7,Needs Attention
C109925,12,3,49541.63,0.0,1,3,3,7,Needs Attention
C109926,881,1,6259.37,0.0,5,2,1,8,Needs Attention
C109927,784,2,58964.98,0.0,5,3,3,11,Loyal
C109928,84,8,402668.38,0.0,2,5,5,12,Loyal
C109929,797,1,4814.9,0.0,5,2,1,8,Needs Attention
C109931,373,1,6739.27,0.0,4,2,1,7,Needs Attention
C109933,445,2,132702.63,0.0,4,3,4,11,Loyal
C109934,18,60,1630980.41,168352.84,1,5,5,11,Loyal
C109935,183,1,18214.28,0.0,3,2,2,7,Needs Attention
C109936,56,2,12582.95,0.0,2,3,2,7,Needs Attention
C109937,70,3,203151.74,0.0,2,3,5,10,Loyal
C109938,163,9,381871.9,0.0,3,5,5,13,Champions
C109939,136,2,19736.55,0.0,3,3,2,8,Needs Attention
C109940,438,3,15267.150000000001,653.82,4,3,2,9,Needs Attention
C109942,123,1,5822.1,0.0,3,2,1,6,At Risk
C109944,382,1,3851.92,0.0,4,2,1,7,Needs Attention
C109945,21,8,78104.7,0.0,1,5,4,10,Loyal
C109946,16,7,83678.71,0.0,1,5,4,10,Loyal
C109947,818,1,27284.45,0.0,5,2,2,9,Needs Attention
C109949,400,3,20712.61,0.0,4,3,2,9,Needs Attention
C109950,168,3,136812.58000000002,0.0,3,3,4,10,Loyal
C109951,66,18,348019.22000000003,0.0,2,5,5,12,Loyal
C109953,46,9,190069.93,0.0,2,5,5,12,Loyal
C109954,165,2,217143.09,0.0,3,3,5,11,Loyal
C109955,159,2,4113.56,0.0,3,3,1,7,Needs Attention
C109956,417,1,4814.9,0.0,4,2,1,7,Needs Attention
C109957,15,8,157702.74,0.0,1,5,5,11,Loyal
C109958,279,5,126421.9,0.0,4,4,4,12,Loyal
C109959,256,5,58300.67,0.0,3,4,3,10,Loyal
C109960,368,2,61704.49,0.0,4,3,3,10,Loyal
C109961,9,42,937022.76,79237.82,1,5,5,11,Loyal
C109963,974,1,11713.34,0.0,5,2,2,9,Needs Attention
C109964,250,6,67085.69,0.0,3,4,3,10,Loyal
C109965,435,2,11582.33,0.0,4,3,2,9,Needs Attention
C109966,399,2,51900.97,0.0,4,3,3,10,Loyal
C109968,198,4,67989.81,0.0,3,4,4,11,Loyal
C109969,22,13,324809.75,3839.75,1,5,5,11,Loyal
C109970,702,1,50215.04,0.0,5,2,3,10,Loyal
C109972,458,5,191108.03,0.0,4,4,5,13,Champions
C109974,31,23,748011.08,8072.81,1,5,5,11,Loyal
C109975,338,2,5033.08,0.0,4,3,1,8,Needs Attention
C109976,71,7,163273.5,2245.61,2,5,5,12,Loyal
C109977,728,1,633.02,0.0,5,2,1,8,Needs Attention
C109978,5,3,77290.16,57966.6,1,3,4,8,Needs Attention
C109979,339,1,2113.76,0.0,4,2,1,7,Needs Attention
C109981,575,2,9180.41,0.0,5,3,2,10,Loyal
C109983,45,14,412716.47000000003,3726.47,2,5,5,12,Loyal
C109986,237,1,2328.84,0.0,3,2,1,6,At Risk
C109987,403,1,29658.15,0.0,4,2,3,9,Needs Attention
C109988,23,5,89910.79,0.0,1,4,4,9,Needs Attention
C109989,803,1,703.35,0.0,5,2,1,8,Needs Attention
C109990,627,1,16421.91,15477.78,5,2,2,9,Needs Attention
C109991,748,1,4493.91,0.0,5,2,1,8,Needs Attention
C109992,910,2,59246.81,0.0,5,3,3,11,Loyal
C109993,93,11,425140.34,216256.89,3,5,5,13,Champions
C109995,100,3,49062.39,0.0,3,3,3,9,Needs Attention
C109998,550,1,6163.08,0.0,5,2,1,8,Needs Attention
C109999,18,5,115638.85000000002,0.0,1,4,4,9,Needs Attention
C110001,227,3,51013.8,0.0,3,3,3,9,Needs Attention
C110003,375,1,7616.22,0.0,4,2,1,7,Needs Attention
C110004,30,5,123609.91,77239.95,1,4,4,9,Needs Attention
C110006,763,1,5200.09,0.0,5,2,1,8,Needs Attention
C110007,23,5,68048.34,3814.76,1,4,4,9,Needs Attention
C110010,949,1,5211.27,4725.65,5,2,1,8,Needs Attention
C110013,89,7,257049.09,0.0,2,5,5,12,Loyal
C110015,50,2,41136.27,0.0,2,3,3,8,Needs Attention
C110017,66,2,40888.01,0.0,2,3,3,8,Needs Attention
C110018,49,19,614737.67,242159.78999999998,2,5,5,12,Loyal
C110019,379,7,311275.33999999997,0.0,4,5,5,14,Champions
C110020,88,8,304470.97,86780.59,2,5,5,12,Loyal
C110021,43,4,126233.75,0.0,2,4,4,10,Loyal
C110023,97,1,2974.78,0.0,3,2,1,6,At Risk
C110024,6,8,93957.1,0.0,1,5,4,10,Loyal
C110025,321,5,446260.58,0.0,4,4,5,13,Champions
C110027,741,1,324.59,0.0,5,2,1,8,Needs Attention
C110028,28,1,6374.89,5963.83,1,2,1,4,At Risk
C110029,32,13,144081.35,0.0,1,5,4,10,Loyal
C110030,107,4,56289.43,0.0,3,4,3,10,Loyal
C110032,41,5,36250.409999999996,0.0,2,4,3,9,Needs Attention
C110033,29,9,104279.31,2977.36,1,5,4,10,Loyal
C110034,37,12,329043.28,0.0,2,5,5,12,Loyal
C110036,46,2,8373.61,0.0,2,3,2,7,Needs Attention
C110037,661,2,6117.9,0.0,5,3,1,9,Needs Attention
C110038,53,4,71822.8,0.0,2,4,4,10,Loyal
C110039,948,1,8855.5,0.0,5,2,2,9,Needs Attention
C110040,568,3,62337.07,0.0,5,3,3,11,Loyal
C110041,590,2,25092.13,0.0,5,3,2,10,Loyal
C110042,34,11,292091.56,0.0,1,5,5,11,Loyal
C110043,80,1,19259.61,0.0,2,2,2,6,At Risk
C110044,74,46,877332.61,35158.5,2,5,5,12,Loyal
C110045,450,2,54535.51,0.0,4,3,3,10,Loyal
C110046,800,2,5651.41,3947.0,5,3,1,9,Needs Attention
C110048,117,5,52231.95,0.0,3,4,3,10,Loyal
C110052,288,1,9886.6,0.0,4,2,2,8,Needs Attention
C110055,12,5,63039.42,5177.17,1,4,3,8,Needs Attention
C110056,16,31,711625.08,0.0,1,5,5,11,Loyal
C110057,0,163,3834789.58,337859.01,1,5,5,11,Loyal
C110058,32,15,162200.02000000002,5574.98,1,5,5,11,Loyal
C110059,87,1,7638.96,7621.72,2,2,1,5,At Risk
C110060,83,9,300432.59,0.0,2,5,5,12,Loyal
C110061,1,768,17038023.51,1351889.3800000001,1,5,5,11,Loyal
C110062,64,8,133122.28,0.0,2,5,4,11,Loyal
C110063,59,3,86677.29,0.0,2,3,4,9,Needs Attention
C110064,11,9,70929.89,0.0,1,5,4,10,Loyal
C110067,450,3,15217.52,0.0,4,3,2,9,Needs Attention
C110069,667,2,30223.85,0.0,5,3,3,11,Loyal
C110071,868,1,5906.28,0.0,5,2,1,8,Needs Attention
C110072,458,1,6098.88,0.0,4,2,1,7,Needs Attention
C110073,129,2,18036.61,0.0,3,3,2,8,Needs Attention
C110074,919,1,46082.5,0.0,5,2,3,10,Loyal
C110075,811,1,57241.43,0.0,5,2,3,10,Loyal
C110077,408,1,10688.78,0.0,4,2,2,8,Needs Attention
C110078,63,2,38198.11,0.0,2,3,3,8,Needs Attention
C110080,83,14,313906.36,0.0,2,5,5,12,Loyal
C110081,853,1,292344.62,0.0,5,2,5,12,Loyal
C110082,346,2,158580.48,0.0,4,3,5,12,Loyal
C110085,456,1,7309.29,7072.74,4,2,1,7,Needs Attention
C110086,161,4,188127.83,5783.48,3,4,5,12,Loyal
C110088,45,2,14380.509999999998,0.0,2,3,2,7,Needs Attention
C110090,82,3,98537.0,0.0,2,3,4,9,Needs Attention
C110091,313,2,5576.2300000000005,287.35,4,3,1,8,Needs Attention
C110092,743,3,30332.09,0.0,5,3,3,11,Loyal
C110093,14,2,10053.51,0.0,1,3,2,6,At Risk
C110095,406,1,2280.92,0.0,4,2,1,7,Needs Attention
C110096,608,1,1040.74,0.0,5,2,1,8,Needs Attention
C110097,416,1,4752.63,4248.33,4,2,1,7,Needs Attention
C110098,160,10,294689.89999999997,2912.6,3,5,5,13,Champions
C110099,219,2,81324.51000000001,0.0,3,3,4,10,Loyal
C110101,110,1,521.66,0.0,3,2,1,6,At Risk
C110102,1,10,275392.63,2036.35,1,5,5,11,Loyal
C110103,35,2,378685.8,0.0,1,3,5,9,Needs Attention
C110104,683,1,6419.87,0.0,5,2,1,8,Needs Attention
C110105,692,1,38062.0,0.0,5,2,3,10,Loyal
C110106,481,4,288479.66,0.0,4,4,5,13,Champions
C110107,242,4,64034.8,0.0,3,4,3,10,Loyal
C110108,62,6,69254.57,0.0,2,4,4,10,Loyal
C110109,20,10,171686.82,886.76,1,5,5,11,Loyal
C110110,195,1,81206.84,0.0,3,2,4,9,Needs Attention
C110111,352,3,362867.61,12529.94,4,3,5,12,Loyal
C110112,729,1,1866.98,0.0,5,2,1,8,Needs Attention
C110113,29,1,4047.86,0.0,1,2,1,4,At Risk
C110114,583,1,4249.87,0.0,5,2,1,8,Needs Attention
C110116,31,42,895555.91,25889.920000000002,1,5,5,11,Loyal
C110117,329,2,5172.8099999999995,0.0,4,3,1,8,Needs Attention
C110118,18,18,273988.91,16591.35,1,5,5,11,Loyal
C110119,9,111,2210335.33,375658.37,1,5,5,11,Loyal
C110120,585,1,6419.87,0.0,5,2,1,8,Needs Attention
C110121,137,3,128100.72,0.0,3,3,4,10,Loyal
C110122,888,2,16434.87,0.0,5,3,2,10,Loyal
C110123,218,5,90120.63,0.0,3,4,4,11,Loyal
C110124,450,2,39152.97,37710.67,4,3,3,10,Loyal
C110126,7,8,124920.83,5471.82,1,5,4,10,Loyal
C110127,371,1,1332.56,0.0,4,2,1,7,Needs Attention
C110128,240,2,146371.59,0.0,3,3,4,10,Loyal
C110130,37,2,47082.05,4344.63,2,3,3,8,Needs Attention
C110131,971,1,4248.71,0.0,5,2,1,8,Needs Attention
C110134,12,6,16430.79,0.0,1,4,2,7,Needs Attention
C110135,402,3,340556.88,0.0,4,3,5,12,Loyal
C110136,50,3,42707.520000000004,0.0,2,3,3,8,Needs Attention
C110137,18,78,1382580.66,50235.649999999994,1,5,5,11,Loyal
C110138,90,3,35546.7,0.0,2,3,3,8,Needs Attention
C110143,35,1,113789.02,0.0,1,2,4,7,Needs Attention
C110144,832,1,6419.87,0.0,5,2,1,8,Needs Attention
C110147,88,4,32227.75,0.0,2,4,3,9,Needs Attention
C110148,295,3,36435.2,0.0,4,3,3,10,Loyal
C110149,88,9,128078.73999999999,0.0,2,5,4,11,Loyal
C110150,135,9,288873.19999999995,0.0,3,5,5,13,Champions
C110151,325,5,151709.34,0.0,4,4,4,12,Loyal
C110152,75,8,163292.73,0.0,2,5,5,12,Loyal
C110153,147,3,78060.43,58089.68,3,3,4,10,Loyal
C110154,513,2,23496.73,0.0,4,3,2,9,Needs Attention
C110155,549,1,7311.57,0.0,5,2,1,8,Needs Attention
C110156,352,1,10913.78,0.0,4,2,2,8,Needs Attention
C110159,447,2,21806.93,0.0,4,3,2,9,Needs Attention
C110160,12,2,38844.57,0.0,1,3,3,7,Needs Attention
C110162,715,2,4495.66,2140.17,5,3,1,9,Needs Attention
C110163,3,133,3104007.94,461125.41,1,5,5,11,Loyal
C110164,0,2,120478.81,5273.84,1,3,4,8,Needs Attention
C110166,156,3,177877.0,0.0,3,3,5,11,Loyal
C110167,434,2,84141.17,0.0,4,3,4,11,Loyal
C110168,26,5,51920.33,39326.66,1,4,3,8,Needs Attention
C110169,890,1,115286.65,0.0,5,2,4,11,Loyal
C110170,122,8,132898.55,31165.27,3,5,4,12,Loyal
C110171,804,1,87224.65,66447.83,5,2,4,11,Loyal
C110172,922,2,141077.13,0.0,5,3,4,12,Loyal
C110173,33,7,94488.79000000001,6214.82,1,5,4,10,Loyal
C110176,127,8,65663.76,4723.89,3,5,3,11,Loyal
C110177,187,9,120833.76,0.0,3,5,4,12,Loyal
C110178,16,15,166014.02,29069.809999999998,1,5,5,11,Loyal
C110180,115,2,24751.89,0.0,3,3,2,8,Needs Attention
C110181,591,1,35659.09,0.0,5,2,3,10,Loyal
C110182,121,4,83104.87,47021.98,3,4,4,11,Loyal
C110185,196,2,10113.779999999999,0.0,3,3,2,8,Needs Attention
C110190,23,13,275461.58999999997,35897.89,1,5,5,11,Loyal
C110192,0,36,735264.6,36878.58,1,5,5,11,Loyal
C110193,44,29,1092418.15,56282.99,2,5,5,12,Loyal
C110194,76,4,67285.47,5062.07,2,4,3,9,Needs Attention
C110195,64,16,344331.04000000004,0.0,2,5,5,12,Loyal
C110196,966,2,39029.04,0.0,5,3,3,11,Loyal
C110197,812,2,54738.01,9942.97,5,3,3,11,Loyal
C110198,234,2,6231.25,0.0,3,3,1,7,Needs Attention
C110199,429,2,1986.92,0.0,4,3,1,8,Needs Attention
C110201,916,1,6419.87,0.0,5,2,1,8,Needs Attention
C110204,335,3,76050.19,0.0,4,3,4,11,Loyal
C110205,11,5,25449.52,0.0,1,4,2,7,Needs Attention
C110207,60,4,14064.35,0.0,2,4,2,8,Needs Attention
C110208,72,3,21682.96,0.0,2,3,2,7,Needs Attention
C110210,520,1,17815.14,0.0,4,2,2,8,Needs Attention
C110211,204,1,499.53,0.0,3,2,1,6,At Risk
C110212,114,10,346702.33999999997,0.0,3,5,5,13,Champions
C110213,74,11,169337.87,41490.29,2,5,5,12,Loyal
C110214,754,1,5264.29,0.0,5,2,1,8,Needs Attention
C110215,18,1,729.73,0.0,1,2,1,4,At Risk
C110216,153,7,81802.20000000001,43514.75,3,5,4,12,Loyal
C110217,563,3,69098.12,0.0,5,3,4,12,Loyal
C110218,258,2,36690.77,0.0,3,3,3,9,Needs Attention
C110219,0,10,129085.75,4329.21,1,5,4,10,Loyal
C110221,86,11,270492.44,7477.57,2,5,5,12,Loyal
C110222,40,3,22289.64,0.0,2,3,2,7,Needs Attention
C110223,244,2,89693.6,0.0,3,3,4,10,Loyal
C110224,468,2,41449.950000000004,0.0,4,3,3,10,Loyal
C110225,424,1,8210.12,0.0,4,2,1,7,Needs Attention
C110226,85,11,102945.41,0.0,2,5,4,11,Loyal
C110227,220,1,11298.97,0.0,3,2,2,7,Needs Attention
C110229,956,1,6419.87,0.0,5,2,1,8,Needs Attention
C110230,405,3,119477.81,0.0,4,3,4,11,Loyal
C110231,640,1,59771.14,0.0,5,2,3,10,Loyal
C110232,133,1,3115.5,0.0,3,2,1,6,At Risk
C110233,16,1,11234.77,0.0,1,2,2,5,At Risk
C110236,62,13,173279.18,9066.150000000001,2,5,5,12,Loyal
C110238,15,1,770.01,0.0,1,2,1,4,At Risk
C110239,241,3,58942.31,24445.71,3,3,3,9,Needs Attention
C110241,229,3,98330.95999999999,0.0,3,3,4,10,Loyal
C110243,14,23,667176.1900000001,12676.51,1,5,5,11,Loyal
C110245,16,8,154505.48,0.0,1,5,4,10,Loyal
C110247,107,2,17289.2,0.0,3,3,2,8,Needs Attention
C110248,193,1,5777.88,0.0,3,2,1,6,At Risk
C110249,69,3,70441.94,0.0,2,3,4,9,Needs Attention
C110252,15,20,333076.86,16538.99,1,5,5,11,Loyal
C110253,23,3,13820.57,0.0,1,3,2,6,At Risk
C110254,13,50,665795.64,13768.66,1,5,5,11,Loyal
C110255,156,2,108687.3,0.0,3,3,4,10,Loyal
C110259,3,4,96281.98000000001,80532.98999999999,1,4,4,9,Needs Attention
C110260,53,2,7021.67,0.0,2,3,1,6,At Risk
C110261,27,3,46260.39,0.0,1,3,3,7,Needs Attention
C110262,14,12,141019.31,5702.19,1,5,4,10,Loyal
C110263,408,2,21827.55,0.0,4,3,2,9,Needs Attention
C110265,709,1,92973.96,0.0,5,2,4,11,Loyal
C110266,9,15,597696.54,10353.22,1,5,5,11,Loyal
C110267,69,2,34158.16,0.0,2,3,3,8,Needs Attention
C110268,376,2,38831.95,0.0,4,3,3,10,Loyal
C110269,45,4,57248.68,0.0,2,4,3,9,Needs Attention
C110270,72,9,62213.25,5719.61,2,5,3,10,Loyal
C110271,923,1,83005.95,0.0,5,2,4,11,Loyal
C110273,950,1,187335.58,170148.87,5,2,5,12,Loyal
C110274,24,12,207055.66999999998,0.0,1,5,5,11,Loyal
C110275,325,2,8545.66,0.0,4,3,2,9,Needs Attention
C110277,811,2,22151.73,18968.78,5,3,2,10,Loyal
C110278,232,5,126079.42,0.0,3,4,4,11,Loyal
C110281,75,2,109681.78,0.0,2,3,4,9,Needs Attention
C110282,4,8,129918.44,37886.85,1,5,4,10,Loyal
C110285,70,3,14249.789999999999,0.0,2,3,2,7,Needs Attention
C110286,454,2,41394.200000000004,0.0,4,3,3,10,Loyal
C110288,162,1,48818.25,0.0,3,2,3,8,Needs Attention
C110289,430,3,16245.33,0.0,4,3,2,9,Needs Attention
C110290,129,2,5286.110000000001,0.0,3,3,1,7,Needs Attention
C110291,593,1,326.04,0.0,5,2,1,8,Needs Attention
C110292,147,5,251815.04,21393.05,3,4,5,12,Loyal
C110293,1,3,19031.85,1852.06,1,3,2,6,At Risk
C110294,555,1,68017.69,0.0,5,2,4,11,Loyal
C110296,2,28,386602.08,180026.08,1,5,5,11,Loyal
C110297,278,7,248555.47,0.0,4,5,5,14,Champions
C110298,45,7,77381.6,0.0,2,5,4,11,Loyal
C110299,350,3,172355.69,0.0,4,3,5,12,Loyal
C110301,496,1,643.24,0.0,4,2,1,7,Needs Attention
C110302,164,8,161533.06,0.0,3,5,5,13,Champions
C110304,767,2,20264.68,0.0,5,3,2,10,Loyal
C110305,122,8,186885.46000000002,5931.45,3,5,5,13,Champions
C110307,19,2,14684.560000000001,0.0,1,3,2,6,At Risk
C110308,143,2,4635.9,1581.87,3,3,1,7,Needs Attention
C110309,452,4,75006.11,49565.29,4,4,4,12,Loyal
C110310,141,1,50542.88,0.0,3,2,3,8,Needs Attention
C110311,79,4,13116.6,0.0,2,4,2,8,Needs Attention
C110313,1072,1,6419.87,0.0,5,2,1,8,Needs Attention
C110314,89,5,293774.48,116453.62,2,4,5,11,Loyal
C110315,72,3,16699.969999999998,0.0,2,3,2,7,Needs Attention
C110318,176,3,25137.6,0.0,3,3,2,8,Needs Attention
C110320,229,5,90264.75,0.0,3,4,4,11,Loyal
C110321,8,17,470029.61,0.0,1,5,5,11,Loyal
C110322,31,5,124353.09999999999,4444.98,1,4,4,9,Needs Attention
C110323,3,1,1563.08,0.0,1,2,1,4,At Risk
C110324,616,1,2470.4,1881.53,5,2,1,8,Needs Attention
C110326,17,5,176580.14,2044.22,1,4,5,10,Loyal
C110327,52,7,94296.09,0.0,2,5,4,11,Loyal
C110328,50,5,20973.96,0.0,2,4,2,8,Needs Attention
C110329,426,3,28245.059999999998,9830.53,4,3,3,10,Loyal
C110331,455,2,57428.56,0.0,4,3,3,10,Loyal
C110332,21,28,324049.83,35065.29,1,5,5,11,Loyal
C110333,16,4,162987.7,0.0,1,4,5,10,Loyal
C110337,331,4,78209.32,0.0,4,4,4,12,Loyal
C110338,146,12,411445.13,7208.23,3,5,5,13,Champions
C110339,76,4,11299.689999999999,0.0,2,4,2,8,Needs Attention
C110340,95,1,11785.45,0.0,3,2,2,7,Needs Attention
C110341,654,2,31840.010000000002,4755.46,5,3,3,11,Loyal
C110342,48,3,94080.13,0.0,2,3,4,9,Needs Attention
C110343,37,2,6754.7300000000005,0.0,2,3,1,6,At Risk
C110344,38,5,241538.51,0.0,2,4,5,11,Loyal
C110345,209,3,138395.02000000002,0.0,3,3,4,10,Loyal
C110346,29,8,134440.2,10641.76,1,5,4,10,Loyal
C110347,716,1,3042.01,0.0,5,2,1,8,Needs Attention
C110348,1049,1,6514.09,0.0,5,2,1,8,Needs Attention
C110349,42,8,162012.76,4908.57,2,5,5,12,Loyal
C110350,48,10,105422.71,4253.03,2,5,4,11,Loyal
C110351,11,2,12522.300000000001,2609.79,1,3,2,6,At Risk
C110353,237,8,104579.3,0.0,3,5,4,12,Loyal
C110354,790,4,35046.13,0.0,5,4,3,12,Loyal
C110356,488,1,3296.85,0.0,4,2,1,7,Needs Attention
C110358,36,5,95187.39,0.0,1,4,4,9,Needs Attention
C110359,80,5,77272.45999999999,0.0,2,4,4,10,Loyal
C110361,72,3,31367.859999999997,0.0,2,3,3,8,Needs Attention
C110362,10,16,365474.33,4704.3,1,5,5,11,Loyal
C110363,742,1,4975.4,0.0,5,2,1,8,Needs Attention
C110364,1090,1,5891.51,0.0,5,2,1,8,Needs Attention
C110365,94,12,201126.91,0.0,3,5,5,13,Champions
C110366,189,3,227220.38,0.0,3,3,5,11,Loyal
C110368,894,1,9607.7,0.0,5,2,2,9,Needs Attention
C110369,961,1,1460.01,0.0,5,2,1,8,Needs Attention
C110370,206,4,91760.9,0.0,3,4,4,11,Loyal
C110371,33,10,160318.04,27919.100000000002,1,5,5,11,Loyal
C110372,368,4,214993.18,3467.45,4,4,5,13,Champions
C110373,34,10,200595.05,0.0,1,5,5,11,Loyal
C110374,320,1,6419.87,0.0,4,2,1,7,Needs Attention
C110375,47,6,179402.25,43428.87,2,4,5,11,Loyal
C110376,35,9,242124.43,0.0,1,5,5,11,Loyal
C110377,84,3,48710.29,0.0,2,3,3,8,Needs Attention
C110380,504,1,10913.78,0.0,4,2,2,8,Needs Attention
C110381,40,7,100401.09,8112.29,2,5,4,11,Loyal
C110383,424,2,61532.74,0.0,4,3,3,10,Loyal
C110384,18,3,52360.64,516.87,1,3,3,7,Needs Attention
C110385,137,1,47180.81,0.0,3,2,3,8,Needs Attention
C110386,40,24,381440.29,49218.32,2,5,5,12,Loyal
C110387,421,3,7939.2300000000005,2310.02,4,3,1,8,Needs Attention
C110389,925,1,668.18,0.0,5,2,1,8,Needs Attention
C110392,54,5,54665.090000000004,0.0,2,4,3,9,Needs Attention
C110393,96,2,16584.71,9530.4,3,3,2,8,Needs Attention
C110394,58,4,53368.41,6638.24,2,4,3,9,Needs Attention
C110395,309,2,8091.0,4555.4,4,3,1,8,Needs Attention
C110396,442,4,62247.060000000005,0.0,4,4,3,11,Loyal
C110397,405,3,7988.560000000001,0.0,4,3,1,8,Needs Attention
C110398,9,15,333048.7,62418.33,1,5,5,11,Loyal
C110399,716,1,6419.87,5685.51,5,2,1,8,Needs Attention
C110400,50,2,11042.18,5258.54,2,3,2,7,Needs Attention
C110401,443,3,54513.2,0.0,4,3,3,10,Loyal
C110403,39,7,254809.51,0.0,2,5,5,12,Loyal
C110404,224,1,12518.75,0.0,3,2,2,7,Needs Attention
C110405,53,1,1183.56,999.63,2,2,1,5,At Risk
C110407,77,7,119391.09,0.0,2,5,4,11,Loyal
C110408,433,2,28825.22,0.0,4,3,3,10,Loyal
C110411,801,1,3942.89,0.0,5,2,1,8,Needs Attention
C110412,130,2,3248.66,0.0,3,3,1,7,Needs Attention
C110415,64,5,48171.58,0.0,2,4,3,9,Needs Attention
C110416,340,3,138222.05,0.0,4,3,4,11,Loyal
C110417,813,2,30082.920000000002,26786.36,5,3,3,11,Loyal
C110418,105,3,229852.29,0.0,3,3,5,11,Loyal
C110419,215,6,87920.15,0.0,3,4,4,11,Loyal
C110420,518,2,5672.83,0.0,4,3,1,8,Needs Attention
C110421,2,13,209372.22999999998,14149.66,1,5,5,11,Loyal
C110424,281,2,18200.34,0.0,4,3,2,9,Needs Attention
C110426,13,20,333576.45999999996,0.0,1,5,5,11,Loyal
C110427,677,2,4712.04,0.0,5,3,1,9,Needs Attention
C110428,185,4,28618.379999999997,0.0,3,4,3,10,Loyal
C110429,227,2,2589.62,0.0,3,3,1,7,Needs Attention
C110430,244,2,12296.91,11043.619999999999,3,3,2,8,Needs Attention
C110431,69,2,6924.25,0.0,2,3,1,6,At Risk
C110432,1012,1,6098.88,0.0,5,2,1,8,Needs Attention
C110433,105,3,68413.42,0.0,3,3,4,10,Loyal
C110434,16,9,122543.43000000001,28276.97,1,5,4,10,Loyal
C110435,68,9,335884.72000000003,0.0,2,5,5,12,Loyal
C110436,8,10,338945.36,17139.739999999998,1,5,5,11,Loyal
C110437,91,8,170875.65,0.0,3,5,5,13,Champions
C110438,5,151,2785307.55,74969.26,1,5,5,11,Loyal
C110439,358,1,1303.65,0.0,4,2,1,7,Needs Attention
C110441,179,5,217335.37,58752.76,3,4,5,12,Loyal
C110442,973,1,1928.68,0.0,5,2,1,8,Needs Attention
C110444,572,1,31697.23,0.0,5,2,3,10,Loyal
C110445,79,6,31989.26,4873.549999999999,2,4,3,9,Needs Attention
C110446,41,3,37304.9,27177.32,2,3,3,8,Needs Attention
C110447,200,1,30513.94,0.0,3,2,3,8,Needs Attention
C110449,133,25,511626.73,1859.1,3,5,5,13,Champions
C110450,196,2,52313.74,0.0,3,3,3,9,Needs Attention
C110451,254,2,10180.369999999999,0.0,3,3,2,8,Needs Attention
C110452,770,1,11555.77,0.0,5,2,2,9,Needs Attention
C110454,11,5,16085.619999999999,5062.79,1,4,2,7,Needs Attention
C110456,263,4,70061.09,0.0,4,4,4,12,Loyal
C110457,812,2,6250.96,0.0,5,3,1,9,Needs Attention
C110458,787,1,2110.31,0.0,5,2,1,8,Needs Attention
C110459,782,1,62779.5,0.0,5,2,3,10,Loyal
C110461,335,1,9132.1,0.0,4,2,2,8,Needs Attention
C110463,18,20,318934.35,40058.58,1,5,5,11,Loyal
C110464,60,26,683074.48,3030.6499999999996,2,5,5,12,Loyal
C110465,697,1,5007.5,0.0,5,2,1,8,Needs Attention
C110470,364,1,207320.15,0.0,4,2,5,11,Loyal
C110473,743,1,1713.68,0.0,5,2,1,8,Needs Attention
C110475,972,1,6163.08,0.0,5,2,1,8,Needs Attention
C110477,220,6,121557.38,0.0,3,4,4,11,Loyal
C110478,49,6,34127.14,7283.71,2,4,3,9,Needs Attention
C110481,145,4,40656.93,0.0,3,4,3,10,Loyal
C110483,876,1,5456.89,0.0,5,2,1,8,Needs Attention
C110484,84,5,53272.53999999999,0.0,2,4,3,9,Needs Attention
C110485,347,1,10271.79,0.0,4,2,2,8,Needs Attention
C110489,20,8,207042.23999999996,6922.89,1,5,5,11,Loyal
C110490,268,4,42045.68,4940.74,4,4,3,11,Loyal
C110491,48,2,30045.0,0.0,2,3,3,8,Needs Attention
C110492,1021,1,23943.67,0.0,5,2,2,9,Needs Attention
C110493,31,3,67763.53,0.0,1,3,3,7,Needs Attention
C110495,46,4,17090.309999999998,0.0,2,4,2,8,Needs Attention
C110496,81,6,77660.67,2142.66,2,4,4,10,Loyal
C110498,753,1,9886.6,0.0,5,2,2,9,Needs Attention
C110499,369,3,137145.31,0.0,4,3,4,11,Loyal
C110500,862,1,52077.12,0.0,5,2,3,10,Loyal
C110503,210,8,40438.94,3431.36,3,5,3,11,Loyal
C110504,45,5,173751.0,0.0,2,4,5,11,Loyal
C110506,601,1,9992.01,0.0,5,2,2,9,Needs Attention
C110508,243,5,42473.85,0.0,3,4,3,10,Loyal
C110510,549,2,10293.31,0.0,5,3,2,10,Loyal
C110513,218,2,9725.11,7285.12,3,3,2,8,Needs Attention
C110514,431,6,49816.380000000005,0.0,4,4,3,11,Loyal
C110515,88,5,99561.02,0.0,2,4,4,10,Loyal
C110516,979,1,2685.22,0.0,5,2,1,8,Needs Attention
C110517,21,33,632563.97,28037.45,1,5,5,11,Loyal
C110518,397,1,11555.77,0.0,4,2,2,8,Needs Attention
C110519,411,1,2916.54,0.0,4,2,1,7,Needs Attention
C110520,226,7,77273.26000000001,0.0,3,5,4,12,Loyal
C110521,32,5,120588.76,0.0,1,4,4,9,Needs Attention
C110522,108,9,110002.44,3101.48,3,5,4,12,Loyal
C110523,36,2,19912.04,0.0,1,3,2,6,At Risk
C110524,1080,1,9944.35,0.0,5,2,2,9,Needs Attention
C110525,40,2,16695.83,0.0,2,3,2,7,Needs Attention
C110526,465,4,125667.61,0.0,4,4,4,12,Loyal
C110527,689,1,12839.74,0.0,5,2,2,9,Needs Attention
C110528,99,2,46797.78,0.0,3,3,3,9,Needs Attention
C110530,281,2,128551.55,0.0,4,3,4,11,Loyal
C110532,42,15,153994.21,0.0,2,5,4,11,Loyal
C110533,393,2,77853.79000000001,0.0,4,3,4,11,Loyal
C110534,156,1,25573.93,0.0,3,2,2,7,Needs Attention
C110535,62,1,4301.31,0.0,2,2,1,5,At Risk
C110536,485,1,13122.22,0.0,4,2,2,8,Needs Attention
C110537,230,3,68824.65,43548.439999999995,3,3,4,10,Loyal
C110538,47,8,140080.97,0.0,2,5,4,11,Loyal
C110539,50,5,93671.6,0.0,2,4,4,10,Loyal
C110540,76,11,211039.62,38794.84,2,5,5,12,Loyal
C110541,533,3,24816.66,21245.120000000003,5,3,2,10,Loyal
C110542,51,9,105563.89,58883.799999999996,2,5,4,11,Loyal
C110543,1038,1,12486.1,0.0,5,2,2,9,Needs Attention
C110544,265,4,106848.34,0.0,4,4,4,12,Loyal
C110545,402,2,69766.32,0.0,4,3,4,11,Loyal
C110546,84,7,140944.09,0.0,2,5,4,11,Loyal
C110547,651,1,5428.91,0.0,5,2,1,8,Needs Attention
C110549,735,2,142958.15,0.0,5,3,4,12,Loyal
C110550,2,16,228866.29,33221.83,1,5,5,11,Loyal
C110551,13,2,14206.41,0.0,1,3,2,6,At Risk
C110552,373,2,54281.2,0.0,4,3,3,10,Loyal
C110553,425,3,28729.579999999998,0.0,4,3,3,10,Loyal
C110554,218,1,2138.7,0.0,3,2,1,6,At Risk
C110556,192,7,300447.37000000005,70147.7,3,5,5,13,Champions
C110557,88,1,3739.24,0.0,2,2,1,5,At Risk
C110558,657,1,5970.48,0.0,5,2,1,8,Needs Attention
C110559,51,6,31453.34,0.0,2,4,3,9,Needs Attention
C110561,19,3,78811.97,0.0,1,3,4,8,Needs Attention
C110562,167,5,37829.6,0.0,3,4,3,10,Loyal
C110563,35,12,306352.71,40325.52,1,5,5,11,Loyal
C110565,304,3,6178.87,0.0,4,3,1,8,Needs Attention
C110566,64,1,14862.01,0.0,2,2,2,6,At Risk
C110568,255,3,35400.619999999995,0.0,3,3,3,9,Needs Attention
C110569,12,8,31627.91,3805.99,1,5,3,9,Needs Attention
C110571,923,1,53783.92,0.0,5,2,3,10,Loyal
C110572,213,2,20109.57,0.0,3,3,2,8,Needs Attention
C110573,950,1,11940.96,0.0,5,2,2,9,Needs Attention
C110575,91,4,49943.07,0.0,3,4,3,10,Loyal
C110576,768,1,5585.29,0.0,5,2,1,8,Needs Attention
C110579,168,1,4863.39,0.0,3,2,1,6,At Risk
C110580,49,5,120092.68000000001,0.0,2,4,4,10,Loyal
C110581,53,6,350875.38,0.0,2,4,5,11,Loyal
C110583,26,4,24913.21,0.0,1,4,2,7,Needs Attention
C110584,16,6,116482.94,0.0,1,4,4,9,Needs Attention
C110585,244,3,175165.03,0.0,3,3,5,11,Loyal
C110587,833,1,25501.29,0.0,5,2,2,9,Needs Attention
C110588,22,19,416360.97000000003,11192.71,1,5,5,11,Loyal
C110589,8,21,524041.99,24581.42,1,5,5,11,Loyal
C110591,229,8,224374.76,0.0,3,5,5,13,Champions
C110592,585,1,12749.62,0.0,5,2,2,9,Needs Attention
C110593,65,14,150008.33,4698.01,2,5,4,11,Loyal
C110594,432,2,67111.07,0.0,4,3,3,10,Loyal
C110595,13,11,458557.58,0.0,1,5,5,11,Loyal
C110596,33,15,261800.23,63608.81,1,5,5,11,Loyal
C110597,22,3,13211.23,0.0,1,3,2,6,At Risk
C110598,24,9,238476.65999999997,0.0,1,5,5,11,Loyal
C110599,809,1,1037.28,0.0,5,2,1,8,Needs Attention
C110601,46,3,27774.37,0.0,2,3,2,7,Needs Attention
C110602,536,1,53259.86,0.0,5,2,3,10,Loyal
C110604,20,80,2123098.61,163727.53,1,5,5,11,Loyal
C110605,17,211,4108246.63,323517.87,1,5,5,11,Loyal
C110607,555,1,4288.56,0.0,5,2,1,8,Needs Attention
C110608,207,2,72977.45000000001,0.0,3,3,4,10,Loyal
C110610,70,6,15997.73,0.0,2,4,2,8,Needs Attention
C110611,54,8,186764.51,0.0,2,5,5,12,Loyal
C110612,401,2,58500.079999999994,7207.7,4,3,3,10,Loyal
C110613,291,4,40331.21,15803.33,4,4,3,11,Loyal
C110614,404,4,54677.32,0.0,4,4,3,11,Loyal
C110617,108,4,98214.78,0.0,3,4,4,11,Loyal
C110618,47,5,133774.94,0.0,2,4,4,10,Loyal
C110621,564,2,48929.92,0.0,5,3,3,11,Loyal
C110623,220,3,80511.16,0.0,3,3,4,10,Loyal
C110624,58,10,364128.05,5358.88,2,5,5,12,Loyal
C110625,961,2,9114.849999999999,0.0,5,3,2,10,Loyal
C110628,759,1,7173.99,0.0,5,2,1,8,Needs Attention
C110629,763,1,5007.5,0.0,5,2,1,8,Needs Attention
C110630,35,29,554708.82,27024.58,1,5,5,11,Loyal
C110631,166,3,21399.27,0.0,3,3,2,8,Needs Attention
C110632,32,7,256202.47,0.0,1,5,5,11,Loyal
C110633,56,4,41736.68,7309.33,2,4,3,9,Needs Attention
C110634,157,1,251.05,234.35,3,2,1,6,At Risk
C110635,188,2,5649.94,0.0,3,3,1,7,Needs Attention
C110636,51,1,4333.41,0.0,2,2,1,5,At Risk
C110637,479,1,59316.29,0.0,4,2,3,9,Needs Attention
C110638,38,4,132730.81,0.0,2,4,4,10,Loyal
C110639,421,7,263271.02999999997,0.0,4,5,5,14,Champions
C110641,68,11,63318.08,3748.22,2,5,3,10,Loyal
C110642,238,2,38164.85,0.0,3,3,3,9,Needs Attention
C110644,79,24,413520.55,50486.850000000006,2,5,5,12,Loyal
C110645,441,1,5777.88,4658.66,4,2,1,7,Needs Attention
C110646,561,2,5433.219999999999,0.0,5,3,1,9,Needs Attention
C110647,46,3,70049.37,0.0,2,3,4,9,Needs Attention
C110648,501,3,212278.3,0.0,4,3,5,12,Loyal
C110649,190,2,47318.72,0.0,3,3,3,9,Needs Attention
C110650,193,7,83355.41,0.0,3,5,4,12,Loyal
C110651,43,3,107546.85,0.0,2,3,4,9,Needs Attention
C110652,377,3,21862.13,0.0,4,3,2,9,Needs Attention
C110653,6,15,197376.03,28768.96,1,5,5,11,Loyal
C110654,168,7,133982.18,572.49,3,5,4,12,Loyal
C110657,482,1,660.1,0.0,4,2,1,7,Needs Attention
C110658,405,2,41826.76,0.0,4,3,3,10,Loyal
C110659,184,12,205758.37,0.0,3,5,5,13,Champions
C110660,59,3,103934.01000000001,42482.95,2,3,4,9,Needs Attention
C110661,535,1,6419.87,0.0,5,2,1,8,Needs Attention
C110662,54,3,23306.14,0.0,2,3,2,7,Needs Attention
C110663,26,1,6291.47,0.0,1,2,1,4,At Risk
C110664,168,1,48194.14,41296.94,3,2,3,8,Needs Attention
C110665,520,2,39089.03,0.0,4,3,3,10,Loyal
C110667,394,1,4943.3,0.0,4,2,1,7,Needs Attention
C110668,5,3,51350.88,0.0,1,3,3,7,Needs Attention
C110669,16,3,58876.020000000004,0.0,1,3,3,7,Needs Attention
C110673,566,3,12345.849999999999,0.0,5,3,2,10,Loyal
C110674,392,1,4301.31,0.0,4,2,1,7,Needs Attention
C110675,50,28,705727.42,23928.08,2,5,5,12,Loyal
C110676,354,1,3833.49,0.0,4,2,1,7,Needs Attention
C110677,506,1,119231.82,0.0,4,2,4,10,Loyal
C110678,419,5,155849.39,0.0,4,4,4,12,Loyal
C110680,288,1,1929.72,0.0,4,2,1,7,Needs Attention
C110682,300,1,4301.31,0.0,4,2,1,7,Needs Attention
C110683,277,4,11623.79,572.28,4,4,2,10,Loyal
C110684,773,3,27684.33,19651.73,5,3,2,10,Loyal
C110686,232,1,10253.28,0.0,3,2,2,7,Needs Attention
C110687,267,3,24395.51,6510.98,4,3,2,9,Needs Attention
C110688,130,3,41033.94,32786.28,3,3,3,9,Needs Attention
C110689,213,3,39995.78,0.0,3,3,3,9,Needs Attention
C110690,40,9,132936.96,0.0,2,5,4,11,Loyal
C110691,18,12,266523.23,0.0,1,5,5,11,Loyal
C110692,42,2,5529.16,0.0,2,3,1,6,At Risk
C110693,23,3,34693.48,0.0,1,3,3,7,Needs Attention
C110694,32,6,72308.11,3329.1699999999996,1,4,4,9,Needs Attention
C110695,75,3,9366.2,0.0,2,3,2,7,Needs Attention
C110696,80,7,214208.32,0.0,2,5,5,12,Loyal
C110697,883,1,81206.84,0.0,5,2,4,11,Loyal
C110699,60,2,32588.440000000002,0.0,2,3,3,8,Needs Attention
C110700,353,2,8084.92,4891.52,4,3,1,8,Needs Attention
C110701,1033,1,42742.83,0.0,5,2,3,10,Loyal
C110703,8,46,893562.4,11030.279999999999,1,5,5,11,Loyal
C110704,889,1,9287.45,0.0,5,2,2,9,Needs Attention
C110705,105,3,19323.800000000003,0.0,3,3,2,8,Needs Attention
C110708,170,5,257224.54,37671.37,3,4,5,12,Loyal
C110709,490,1,770.01,0.0,4,2,1,7,Needs Attention
C110710,364,2,17397.85,0.0,4,3,2,9,Needs Attention
C110712,97,4,310483.27,0.0,3,4,5,12,Loyal
C110713,24,3,80700.22,0.0,1,3,4,8,Needs Attention
C110714,1,223,5185345.79,424873.5,1,5,5,11,Loyal
C110715,407,1,13409.66,0.0,4,2,2,8,Needs Attention
C110716,13,10,379455.2,37598.33,1,5,5,11,Loyal
C110717,224,8,199718.89,74896.83,3,5,5,13,Champions
C110718,120,2,2210.75,0.0,3,3,1,7,Needs Attention
C110721,45,2,12481.74,0.0,2,3,2,7,Needs Attention
C110723,12,12,165412.11,0.0,1,5,5,11,Loyal
C110724,16,14,403746.07,0.0,1,5,5,11,Loyal
C110726,941,1,1194.69,0.0,5,2,1,8,Needs Attention
C110727,17,6,129741.70999999999,0.0,1,4,4,9,Needs Attention
C110728,193,12,231404.41,59090.71000000001,3,5,5,13,Champions
C110731,586,2,51672.97,0.0,5,3,3,11,Loyal
C110732,39,3,10098.4,0.0,2,3,2,7,Needs Attention
C110734,240,2,17770.36,0.0,3,3,2,8,Needs Attention
C110735,76,1,6245.03,0.0,2,2,1,5,At Risk
C110737,256,2,13495.8,0.0,3,3,2,8,Needs Attention
C110738,481,3,188650.79,0.0,4,3,5,12,Loyal
C110739,222,2,8247.52,0.0,3,3,2,8,Needs Attention
C110741,66,2,19099.11,0.0,2,3,2,7,Needs Attention
C110744,44,3,70981.1,0.0,2,3,4,9,Needs Attention
C110747,661,1,611.08,0.0,5,2,1,8,Needs Attention
C110748,695,1,2404.37,0.0,5,2,1,8,Needs Attention
C110749,157,5,45207.22,0.0,3,4,3,10,Loyal
C110751,23,3,178606.35,0.0,1,3,5,9,Needs Attention
C110752,616,2,15655.69,0.0,5,3,2,10,Loyal
C110754,569,2,66687.55,0.0,5,3,3,11,Loyal
C110755,216,1,11913.55,0.0,3,2,2,7,Needs Attention
C110756,393,2,46314.04,0.0,4,3,3,10,Loyal
C110757,73,7,184915.28,0.0,2,5,5,12,Loyal
C110760,672,1,165661.95,0.0,5,2,5,12,Loyal
C110762,5,7,121440.48,0.0,1,5,4,10,Loyal
C110763,76,1,5456.89,4659.92,2,2,1,5,At Risk
C110764,55,6,39822.1,0.0,2,4,3,9,Needs Attention
C110765,0,4,67370.49,0.0,1,4,3,8,Needs Attention
C110766,710,2,8653.029999999999,0.0,5,3,2,10,Loyal
C110767,50,9,245775.69999999998,55899.25,2,5,5,12,Loyal
C110768,73,2,64125.1,0.0,2,3,3,8,Needs Attention
C110769,90,2,67527.94,0.0,2,3,3,8,Needs Attention
C110770,765,1,4107.09,0.0,5,2,1,8,Needs Attention
C110771,641,3,78765.37,13504.87,5,3,4,12,Loyal
C110772,949,1,62817.71,0.0,5,2,3,10,Loyal
C110774,21,41,974093.28,42665.76,1,5,5,11,Loyal
C110776,453,1,3057.7,0.0,4,2,1,7,Needs Attention
C110777,7,5,88022.13,0.0,1,4,4,9,Needs Attention
C110778,480,4,124776.38,0.0,4,4,4,12,Loyal
C110779,14,27,509134.51999999996,18648.03,1,5,5,11,Loyal
C110782,2,8,78930.26999999999,0.0,1,5,4,10,Loyal
C110785,239,3,59917.33,0.0,3,3,3,9,Needs Attention
C110786,227,1,4686.51,0.0,3,2,1,6,At Risk
C110787,163,1,3685.94,0.0,3,2,1,6,At Risk
C110788,44,1,54541.58,0.0,2,2,3,7,Needs Attention
C110789,826,1,29691.9,0.0,5,2,3,10,Loyal
C110790,201,4,71633.82,5963.69,3,4,4,11,Loyal
C110791,16,4,26322.67,0.0,1,4,2,7,Needs Attention
C110792,614,2,6040.68,0.0,5,3,1,9,Needs Attention
C110793,929,1,7447.05,0.0,5,2,1,8,Needs Attention
C110794,279,4,53036.32,0.0,4,4,3,11,Loyal
C110795,208,1,55454.92,0.0,3,2,3,8,Needs Attention
C110796,893,1,7143.88,0.0,5,2,1,8,Needs Attention
C110797,491,2,9763.23,0.0,4,3,2,9,Needs Attention
C110798,234,4,29475.43,0.0,3,4,3,10,Loyal
C110799,820,1,3276.49,0.0,5,2,1,8,Needs Attention
C110800,239,1,33899.43,0.0,3,2,3,8,Needs Attention
C110801,8,3,51162.12,0.0,1,3,3,7,Needs Attention
C110802,597,1,4814.9,0.0,5,2,1,8,Needs Attention
C110803,16,66,1152799.87,29141.02,1,5,5,11,Loyal
C110804,19,6,151034.21,0.0,1,4,4,9,Needs Attention
C110805,881,1,108238.34,107362.32,5,2,4,11,Loyal
C110807,81,6,112437.9,0.0,2,4,4,10,Loyal
C110808,447,1,7788.57,0.0,4,2,1,7,Needs Attention
C110809,106,8,126432.6,20642.25,3,5,4,12,Loyal
C110810,638,2,13779.18,0.0,5,3,2,10,Loyal
C110811,529,2,9852.49,0.0,4,3,2,9,Needs Attention
C110812,328,2,61093.35,0.0,4,3,3,10,Loyal
C110813,124,1,77731.0,0.0,3,2,4,9,Needs Attention
C110814,828,3,62311.87,41702.86,5,3,3,11,Loyal
C110815,366,1,52037.66,0.0,4,2,3,9,Needs Attention
C110816,129,5,67451.78,0.0,3,4,3,10,Loyal
C110818,724,1,44063.93,35923.54,5,2,3,10,Loyal
C110819,425,2,1237.24,0.0,4,3,1,8,Needs Attention
C110820,247,4,63366.61,0.0,3,4,3,10,Loyal
C110821,212,2,67934.07,0.0,3,3,4,10,Loyal
C110822,31,3,31805.5,3406.47,1,3,3,7,Needs Attention
C110824,819,1,54374.28,0.0,5,2,3,10,Loyal
C110825,39,3,17077.760000000002,0.0,2,3,2,7,Needs Attention
C110826,198,1,5777.88,0.0,3,2,1,6,At Risk
C110827,404,1,64051.35,0.0,4,2,3,9,Needs Attention
C110828,420,2,50022.21,0.0,4,3,3,10,Loyal
C110829,35,2,3806.23,0.0,1,3,1,5,At Risk
C110830,785,1,21313.97,0.0,5,2,2,9,Needs Attention
C110832,56,13,332394.66000000003,5325.34,2,5,5,12,Loyal
C110833,810,1,5777.88,0.0,5,2,1,8,Needs Attention
C110834,111,3,200254.13,0.0,3,3,5,11,Loyal
C110835,30,1,1421.78,1159.42,1,2,1,4,At Risk
C110836,77,1,1403.0,0.0,2,2,1,5,At Risk
C110838,23,7,63754.07,11198.19,1,5,3,9,Needs Attention
C110839,42,4,13697.59,0.0,2,4,2,8,Needs Attention
C110840,33,13,157703.25,0.0,1,5,5,11,Loyal
C110841,43,3,55417.75000000001,0.0,2,3,3,8,Needs Attention
C110843,85,6,144287.89,0.0,2,4,4,10,Loyal
C110844,44,8,86994.78,0.0,2,5,4,11,Loyal
C110845,413,3,43171.59,0.0,4,3,3,10,Loyal
C110846,419,1,4059.98,0.0,4,2,1,7,Needs Attention
C110847,50,5,63685.119999999995,0.0,2,4,3,9,Needs Attention
C110848,881,2,6788.29,0.0,5,3,1,9,Needs Attention
C110850,260,2,74532.62999999999,0.0,4,3,4,11,Loyal
C110851,85,2,5687.950000000001,0.0,2,3,1,6,At Risk
C110854,11,6,52402.67,0.0,1,4,3,8,Needs Attention
C110855,82,2,95861.62000000001,0.0,2,3,4,9,Needs Attention
C110856,120,1,852.81,0.0,3,2,1,6,At Risk
C110858,695,2,13261.32,0.0,5,3,2,10,Loyal
C110859,108,2,14659.970000000001,0.0,3,3,2,8,Needs Attention
C110860,147,5,86649.31999999999,0.0,3,4,4,11,Loyal
C110861,79,3,38060.31,0.0,2,3,3,8,Needs Attention
C110863,54,32,541632.37,68863.47,2,5,5,12,Loyal
C110864,227,1,4686.51,0.0,3,2,1,6,At Risk
C110865,3,1,879.19,0.0,1,2,1,4,At Risk
C110866,329,5,236206.28,0.0,4,4,5,13,Champions
C110868,634,2,43686.18,0.0,5,3,3,11,Loyal
C110869,609,2,76012.76,0.0,5,3,4,12,Loyal
C110870,53,1,1929.33,0.0,2,2,1,5,At Risk
C110871,634,1,939.13,0.0,5,2,1,8,Needs Attention
C110872,37,8,59531.530000000006,0.0,2,5,3,10,Loyal
C110874,133,3,33787.41,0.0,3,3,3,9,Needs Attention
C110875,340,2,95494.76000000001,0.0,4,3,4,11,Loyal
C110876,438,2,12809.14,0.0,4,3,2,9,Needs Attention
C110877,363,1,5264.29,0.0,4,2,1,7,Needs Attention
C110878,145,9,295929.37,592.47,3,5,5,13,Champions
C110879,112,2,66910.27,0.0,3,3,3,9,Needs Attention
C110881,504,2,7237.08,0.0,4,3,1,8,Needs Attention
C110882,33,3,19178.1,0.0,1,3,2,6,At Risk
C110883,2,9,142085.18,50506.08,1,5,4,10,Loyal
C110885,30,2,12069.36,0.0,1,3,2,6,At Risk
C110886,584,2,21222.07,2840.48,5,3,2,10,Loyal
C110887,496,1,87456.47,0.0,4,2,4,10,Loyal
C110888,994,1,5906.28,0.0,5,2,1,8,Needs Attention
C110889,230,2,14044.63,0.0,3,3,2,8,Needs Attention
C110890,21,2,16287.009999999998,0.0,1,3,2,6,At Risk
C110891,238,5,56739.86,0.0,3,4,3,10,Loyal
C110893,699,1,10913.78,0.0,5,2,2,9,Needs Attention
C110894,216,2,14556.04,0.0,3,3,2,8,Needs Attention
C110895,374,2,13150.25,10570.11,4,3,2,9,Needs Attention
C110897,436,1,59764.28,0.0,4,2,3,9,Needs Attention
C110898,933,1,5777.88,0.0,5,2,1,8,Needs Attention
C110899,24,7,100892.54,23030.59,1,5,4,10,Loyal
C110900,43,3,18539.72,9085.17,2,3,2,7,Needs Attention
C110901,217,1,33950.92,0.0,3,2,3,8,Needs Attention
C110902,17,34,1324103.3,220082.72,1,5,5,11,Loyal
C110903,387,2,17913.73,0.0,4,3,2,9,Needs Attention
C110905,717,1,10492.23,0.0,5,2,2,9,Needs Attention
C110906,88,5,205806.35,52309.36,2,4,5,11,Loyal
C110908,595,1,10913.78,0.0,5,2,2,9,Needs Attention
C110909,48,28,326744.39,3013.38,2,5,5,12,Loyal
C110911,399,5,108513.57,27353.91,4,4,4,12,Loyal
C110912,123,7,75598.86,0.0,3,5,4,12,Loyal
C110913,28,1,19110.15,0.0,1,2,2,5,At Risk
C110914,1091,1,285117.52,0.0,5,2,5,12,Loyal
C110915,116,5,42984.439999999995,0.0,3,4,3,10,Loyal
C110916,926,2,9989.71,0.0,5,3,2,10,Loyal
C110917,57,13,631919.66,6808.89,2,5,5,12,Loyal
C110918,1038,1,21808.56,0.0,5,2,2,9,Needs Attention
C110919,1013,1,17815.14,0.0,5,2,2,9,Needs Attention
C110922,593,1,24730.61,0.0,5,2,2,9,Needs Attention
C110923,15,19,1039807.27,23202.79,1,5,5,11,Loyal
C110924,91,8,200642.7,0.0,3,5,5,13,Champions
C110925,1,64,1254919.29,183645.22,1,5,5,11,Loyal
C110926,901,1,8842.87,0.0,5,2,2,9,Needs Attention
C110930,145,1,5585.29,0.0,3,2,1,6,At Risk
C110932,407,2,2945.37,0.0,4,3,1,8,Needs Attention
C110933,779,1,58319.91,0.0,5,2,3,10,Loyal
C110935,870,1,4814.9,0.0,5,2,1,8,Needs Attention
C110936,67,1,5906.28,0.0,2,2,1,5,At Risk
C110937,31,2,8075.17,0.0,1,3,1,5,At Risk
C110938,9,34,750523.98,0.0,1,5,5,11,Loyal
C110939,68,7,104655.55,0.0,2,5,4,11,Loyal
C110940,448,1,115176.69,0.0,4,2,4,10,Loyal
C110941,82,6,236574.15,0.0,2,4,5,11,Loyal
C110942,6,5,119562.34,0.0,1,4,4,9,Needs Attention
C110943,337,4,31790.53,0.0,4,4,3,11,Loyal
C110945,817,1,38627.33,0.0,5,2,3,10,Loyal
C110946,195,2,11619.97,0.0,3,3,2,8,Needs Attention
C110947,457,1,2364.06,0.0,4,2,1,7,Needs Attention
C110949,5,22,441830.92,80188.1,1,5,5,11,Loyal
C110950,148,19,254207.05,9991.35,3,5,5,13,Champions
C110951,92,12,251159.66999999998,0.0,3,5,5,13,Champions
C110957,509,1,50825.3,0.0,4,2,3,9,Needs Attention
C110959,529,4,129003.12999999999,0.0,4,4,4,12,Loyal
C110960,355,7,126657.27,0.0,4,5,4,13,Champions
C110961,663,1,1484.93,0.0,5,2,1,8,Needs Attention
C110964,158,4,49416.95,3412.73,3,4,3,10,Loyal
C110966,744,1,44326.75,0.0,5,2,3,10,Loyal
C110967,142,2,79365.74,0.0,3,3,4,10,Loyal
C110968,13,6,49469.96,223.24,1,4,3,8,Needs Attention
C110970,31,9,247759.36,37147.24,1,5,5,11,Loyal
C110971,1,31,406097.14,517.83,1,5,5,11,Loyal
C110972,16,4,10761.65,0.0,1,4,2,7,Needs Attention
C110973,47,2,35424.91,28649.02,2,3,3,8,Needs Attention
C110974,6,6,182238.88,823.53,1,4,5,10,Loyal
C110976,1033,1,6542.39,0.0,5,2,1,8,Needs Attention
C110977,37,12,223175.19,0.0,2,5,5,12,Loyal
C110978,42,12,217540.63999999998,0.0,2,5,5,12,Loyal
C110979,53,2,38235.12,0.0,2,3,3,8,Needs Attention
C110980,322,1,416.53,0.0,4,2,1,7,Needs Attention
C110981,11,9,102938.08,0.0,1,5,4,10,Loyal
C110983,379,2,14036.24,3641.13,4,3,2,9,Needs Attention
C110984,175,9,324819.85,21021.18,3,5,5,13,Champions
C110985,52,8,136690.94,0.0,2,5,4,11,Loyal
C110986,69,4,46386.58,0.0,2,4,3,9,Needs Attention
C110988,72,1,12839.74,0.0,2,2,2,6,At Risk
C110991,18,3,114608.41000000002,0.0,1,3,4,8,Needs Attention
C110992,77,8,167899.15000000002,10851.21,2,5,5,12,Loyal
C110993,26,8,48974.05,979.26,1,5,3,9,Needs Attention
C110994,1013,1,53791.27,0.0,5,2,3,10,Loyal
C110995,47,1,3983.66,3513.16,2,2,1,5,At Risk
C110996,45,5,174882.75,0.0,2,4,5,11,Loyal
C110999,71,4,52511.990000000005,0.0,2,4,3,9,Needs Attention
C111001,69,3,43841.68,4736.46,2,3,3,8,Needs Attention
C111002,95,7,76284.61,2330.53,3,5,4,12,Loyal
C111003,180,3,27798.77,0.0,3,3,2,8,Needs Attention
C111004,808,3,157916.91,0.0,5,3,5,13,Champions
C111005,521,2,26114.54,0.0,4,3,2,9,Needs Attention
C111006,68,5,114316.51,10379.77,2,4,4,10,Loyal
C111008,22,6,51384.409999999996,0.0,1,4,3,8,Needs Attention
C111010,280,8,67168.45,0.0,4,5,3,12,Loyal
C111011,575,1,46493.17,0.0,5,2,3,10,Loyal
C111012,392,1,5777.88,0.0,4,2,1,7,Needs Attention
C111013,49,12,218887.87,0.0,2,5,5,12,Loyal
C111014,84,2,7216.76,0.0,2,3,1,6,At Risk
C111015,450,2,7274.29,0.0,4,3,1,8,Needs Attention
C111016,647,3,84354.3,0.0,5,3,4,12,Loyal
C111017,127,10,180247.85,2613.22,3,5,5,13,Champions
C111018,42,3,11740.16,0.0,2,3,2,7,Needs Attention
C111020,4,23,367353.35,11912.66,1,5,5,11,Loyal
C111021,55,5,22971.48,0.0,2,4,2,8,Needs Attention
C111022,371,3,14438.55,0.0,4,3,2,9,Needs Attention
C111023,8,31,950525.8200000001,2293.1099999999997,1,5,5,11,Loyal
C111024,68,5,155292.05,0.0,2,4,4,10,Loyal
C111025,965,2,7548.530000000001,0.0,5,3,1,9,Needs Attention
C111026,2,17,373655.31,126166.84999999999,1,5,5,11,Loyal
C111027,152,12,416124.92000000004,0.0,3,5,5,13,Champions
C111031,741,1,31871.44,0.0,5,2,3,10,Loyal
C111032,27,4,54223.25,0.0,1,4,3,8,Needs Attention
C111033,519,1,5906.28,0.0,4,2,1,7,Needs Attention
C111035,369,1,10370.53,0.0,4,2,2,8,Needs Attention
C111037,203,20,444410.77,4750.1900000000005,3,5,5,13,Champions
C111038,51,4,368379.17,0.0,2,4,5,11,Loyal
C111039,4,1,8987.82,0.0,1,2,2,5,At Risk
C111040,6,143,2779115.23,169123.84,1,5,5,11,Loyal
C111041,976,1,9313.94,0.0,5,2,2,9,Needs Attention
C111047,194,1,1725.49,0.0,3,2,1,6,At Risk
C111048,113,3,16046.93,0.0,3,3,2,8,Needs Attention
C111049,340,1,4796.6,0.0,4,2,1,7,Needs Attention
C111051,236,4,25019.5,0.0,3,4,2,9,Needs Attention
C111052,219,1,4657.19,0.0,3,2,1,6,At Risk
C111053,280,5,84767.84,0.0,4,4,4,12,Loyal
C111056,243,2,6057.5,0.0,3,3,1,7,Needs Attention
C111057,6,9,193659.03,0.0,1,5,5,11,Loyal
C111058,284,1,44265.89,0.0,4,2,3,9,Needs Attention
C111059,42,2,150001.87,0.0,2,3,4,9,Needs Attention
C111060,363,1,15517.73,0.0,4,2,2,8,Needs Attention
C111061,396,4,31995.14,16903.91,4,4,3,11,Loyal
C111062,25,8,63160.880000000005,9492.69,1,5,3,9,Needs Attention
C111063,26,2,12749.81,0.0,1,3,2,6,At Risk
C111065,250,1,7059.59,0.0,3,2,1,6,At Risk
C111067,176,2,28453.95,0.0,3,3,3,9,Needs Attention
C111068,784,2,14973.869999999999,0.0,5,3,2,10,Loyal
C111069,34,17,391959.02,55224.11,1,5,5,11,Loyal
C111070,97,4,51584.47,0.0,3,4,3,10,Loyal
C111071,543,2,104122.43,0.0,5,3,4,12,Loyal
C111073,2,171,3443967.92,317695.71,1,5,5,11,Loyal
C111074,452,1,110071.17,0.0,4,2,4,10,Loyal
C111075,952,1,43936.42,0.0,5,2,3,10,Loyal
C111077,10,6,185134.1,0.0,1,4,5,10,Loyal
C111078,1039,1,13328.17,0.0,5,2,2,9,Needs Attention
C111079,551,1,6227.27,0.0,5,2,1,8,Needs Attention
C111080,537,1,5585.29,0.0,5,2,1,8,Needs Attention
C111081,24,1,39839.3,31142.91,1,2,3,6,At Risk
C111082,14,2,10456.11,0.0,1,3,2,6,At Risk
C111083,389,1,27133.51,0.0,4,2,2,8,Needs Attention
C111084,140,3,108832.06,0.0,3,3,4,10,Loyal
C111085,31,38,775995.17,44413.96,1,5,5,11,Loyal
C111087,2,8,168054.44,11338.55,1,5,5,11,Loyal
C111089,4,4,55181.409999999996,0.0,1,4,3,8,Needs Attention
C111090,683,4,45142.23,0.0,5,4,3,12,Loyal
C111092,820,1,17963.79,0.0,5,2,2,9,Needs Attention
C111093,745,2,31001.07,0.0,5,3,3,11,Loyal
C111095,14,5,57735.29,0.0,1,4,3,8,Needs Attention
C111096,733,4,28678.219999999998,7034.49,5,4,3,12,Loyal
C111097,408,1,77146.5,0.0,4,2,4,10,Loyal
C111098,3,10,307876.55,10438.19,1,5,5,11,Loyal
C111101,169,2,19393.37,0.0,3,3,2,8,Needs Attention
C111102,19,18,201698.07,2883.52,1,5,5,11,Loyal
C111103,77,2,64200.670000000006,49217.87,2,3,3,8,Needs Attention
C111106,192,3,39995.03,0.0,3,3,3,9,Needs Attention
C111107,17,11,361878.5,53776.53,1,5,5,11,Loyal
C111108,768,2,27766.18,0.0,5,3,2,10,Loyal
C111109,787,1,1087.47,0.0,5,2,1,8,Needs Attention
C111110,283,1,4365.51,0.0,4,2,1,7,Needs Attention
C111111,7,4,64270.5,1687.22,1,4,3,8,Needs Attention
C111113,1005,1,6259.37,0.0,5,2,1,8,Needs Attention
C111115,18,7,150033.26,0.0,1,5,4,10,Loyal
C111116,47,5,293579.68,0.0,2,4,5,11,Loyal
C111117,914,1,6098.88,0.0,5,2,1,8,Needs Attention
C111118,20,5,96872.73,0.0,1,4,4,9,Needs Attention
C111119,475,4,61179.520000000004,1361.5,4,4,3,11,Loyal
C111120,382,4,63984.89,26194.55,4,4,3,11,Loyal
C111122,483,6,90865.82,35364.24,4,4,4,12,Loyal
C111123,945,1,359.85,298.52,5,2,1,8,Needs Attention
C111124,526,1,21907.06,0.0,4,2,2,8,Needs Attention
C111126,849,3,13036.65,0.0,5,3,2,10,Loyal
C111127,75,5,157722.55,0.0,2,4,5,11,Loyal
C111129,584,5,64517.7,0.0,5,4,3,12,Loyal
C111130,56,7,149662.88,0.0,2,5,4,11,Loyal
C111131,51,2,9191.73,4676.82,2,3,2,7,Needs Attention
C111133,171,14,392007.44,0.0,3,5,5,13,Champions
C111134,61,2,18874.42,0.0,2,3,2,7,Needs Attention
C111135,735,2,52728.31,0.0,5,3,3,11,Loyal
C111136,71,2,20222.59,0.0,2,3,2,7,Needs Attention
C111137,971,1,9656.72,0.0,5,2,2,9,Needs Attention
C111139,52,10,210298.78,510.48,2,5,5,12,Loyal
C111140,357,5,80128.88,46165.58,4,4,4,12,Loyal
C111141,11,9,348118.41,3919.93,1,5,5,11,Loyal
C111146,98,4,22983.14,0.0,3,4,2,9,Needs Attention
C111148,392,2,84953.58,0.0,4,3,4,11,Loyal
C111149,10,10,350586.92,0.0,1,5,5,11,Loyal
C111150,15,4,125426.88,5094.21,1,4,4,9,Needs Attention
C111151,35,6,56475.509999999995,0.0,1,4,3,8,Needs Attention
C111152,2,4,100598.92,0.0,1,4,4,9,Needs Attention
C111153,25,11,142710.66,0.0,1,5,4,10,Loyal
C111155,33,2,15156.0,0.0,1,3,2,6,At Risk
C111158,202,1,10838.46,0.0,3,2,2,7,Needs Attention
C111159,714,1,52682.17,0.0,5,2,3,10,Loyal
C111161,19,8,122547.45,0.0,1,5,4,10,Loyal
C111163,328,4,154639.18,0.0,4,4,4,12,Loyal
C111164,39,9,191295.38,1596.17,2,5,5,12,Loyal
C111166,768,2,28026.21,0.0,5,3,2,10,Loyal
C111167,733,1,147485.06,0.0,5,2,4,11,Loyal
C111168,486,1,1862.37,1842.58,4,2,1,7,Needs Attention
C111170,241,2,202108.44,0.0,3,3,5,11,Loyal
C111172,789,1,18296.63,0.0,5,2,2,9,Needs Attention
C111173,684,1,10913.78,0.0,5,2,2,9,Needs Attention
C111175,42,3,42814.259999999995,0.0,2,3,3,8,Needs Attention
C111177,583,1,2841.86,2545.89,5,2,1,8,Needs Attention
C111178,56,21,242193.26,1094.6,2,5,5,12,Loyal
C111179,1025,1,127572.73,0.0,5,2,4,11,Loyal
C111180,86,7,493227.11000000004,0.0,2,5,5,12,Loyal
C111181,229,3,81682.44,62730.21,3,3,4,10,Loyal
C111184,390,1,7291.29,0.0,4,2,1,7,Needs Attention
C111185,64,21,273732.46,35576.46,2,5,5,12,Loyal
C111187,14,3,83193.87,0.0,1,3,4,8,Needs Attention
C111189,91,3,64612.8,884.02,3,3,3,9,Needs Attention
C111190,299,2,21143.91,0.0,4,3,2,9,Needs Attention
C111191,693,1,23204.03,0.0,5,2,2,9,Needs Attention
C111192,788,2,23524.89,0.0,5,3,2,10,Loyal
C111193,139,6,199323.63,5375.73,3,4,5,12,Loyal
C111194,102,3,46157.939999999995,0.0,3,3,3,9,Needs Attention
C111195,129,2,10746.220000000001,0.0,3,3,2,8,Needs Attention
C111196,1,15,502955.69,8190.57,1,5,5,11,Loyal
C111197,1,5,80101.02,0.0,1,4,4,9,Needs Attention
C111199,25,5,57096.22,0.0,1,4,3,8,Needs Attention
C111201,31,12,282020.51,57646.94,1,5,5,11,Loyal
C111203,414,3,27565.18,0.0,4,3,2,9,Needs Attention
C111204,100,5,87971.94,0.0,3,4,4,11,Loyal
C111205,213,4,12609.6,540.28,3,4,2,9,Needs Attention
C111206,671,1,4814.9,0.0,5,2,1,8,Needs Attention
C111207,281,2,101744.81,0.0,4,3,4,11,Loyal
C111208,338,4,78614.59,64059.19,4,4,4,12,Loyal
C111209,609,1,9524.84,0.0,5,2,2,9,Needs Attention
C111211,86,2,17574.28,0.0,2,3,2,7,Needs Attention
C111212,130,7,29295.7,0.0,3,5,3,11,Loyal
C111214,74,2,38353.92,0.0,2,3,3,8,Needs Attention
C111215,389,2,9114.52,0.0,4,3,2,9,Needs Attention
C111216,1,48,567158.85,18422.09,1,5,5,11,Loyal
C111217,38,3,57865.68000000001,0.0,2,3,3,8,Needs Attention
C111218,7,26,773569.79,0.0,1,5,5,11,Loyal
C111219,44,8,162394.87,28439.71,2,5,5,12,Loyal
C111220,38,6,124473.54000000001,0.0,2,4,4,10,Loyal
C111221,29,3,20351.94,0.0,1,3,2,6,At Risk
C111223,32,16,306513.35000000003,63662.4,1,5,5,11,Loyal
C111224,323,2,17951.53,0.0,4,3,2,9,Needs Attention
C111225,15,9,334936.8,124200.26999999999,1,5,5,11,Loyal
C111226,75,1,68678.63,0.0,2,2,4,8,Needs Attention
C111228,78,1,11529.24,0.0,2,2,2,6,At Risk
C111229,68,3,69141.45,0.0,2,3,4,9,Needs Attention
C111230,290,3,13706.199999999999,0.0,4,3,2,9,Needs Attention
C111231,166,4,109207.26,0.0,3,4,4,11,Loyal
C111232,699,1,5906.28,0.0,5,2,1,8,Needs Attention
C111233,0,73,1688092.55,231784.74,1,5,5,11,Loyal
C111234,57,2,25365.829999999998,0.0,2,3,2,7,Needs Attention
C111235,190,3,58801.53999999999,0.0,3,3,3,9,Needs Attention
C111237,404,2,14487.66,0.0,4,3,2,9,Needs Attention
C111238,77,3,33037.55,2757.9,2,3,3,8,Needs Attention
C111239,618,1,6808.97,0.0,5,2,1,8,Needs Attention
C111240,66,12,168995.01,49043.649999999994,2,5,5,12,Loyal
C111241,205,1,28089.09,0.0,3,2,3,8,Needs Attention
C111242,861,1,5777.88,0.0,5,2,1,8,Needs Attention
C111246,311,3,134510.31,0.0,4,3,4,11,Loyal
C111247,202,12,179037.90999999997,31021.04,3,5,5,13,Champions
C111248,67,3,121861.88,0.0,2,3,4,9,Needs Attention
C111249,972,1,5328.49,0.0,5,2,1,8,Needs Attention
C111250,944,1,2416.7,0.0,5,2,1,8,Needs Attention
C111251,198,4,81344.75,0.0,3,4,4,11,Loyal
C111252,10,6,362584.14,180759.45,1,4,5,10,Loyal
C111253,16,2,32015.23,0.0,1,3,3,7,Needs Attention
C111254,40,1,15746.38,0.0,2,2,2,6,At Risk
C111255,394,2,17466.15,0.0,4,3,2,9,Needs Attention
C111256,385,1,1776.76,0.0,4,2,1,7,Needs Attention
C111257,30,4,79401.79,20405.07,1,4,4,9,Needs Attention
C111258,599,2,5736.7300000000005,0.0,5,3,1,9,Needs Attention
C111259,121,2,31729.760000000002,0.0,3,3,3,9,Needs Attention
C111260,295,2,123692.70999999999,0.0,4,3,4,11,Loyal
C111261,157,2,10003.509999999998,0.0,3,3,2,8,Needs Attention
C111262,106,5,142042.15,0.0,3,4,4,11,Loyal
C111263,216,3,85405.87,0.0,3,3,4,10,Loyal
C111264,375,2,7877.39,4805.8,4,3,1,8,Needs Attention
C111265,283,4,34340.07,0.0,4,4,3,11,Loyal
C111266,815,1,591.78,0.0,5,2,1,8,Needs Attention
C111267,420,3,28322.989999999998,8840.16,4,3,3,10,Loyal
C111268,217,6,49975.78,2294.24,3,4,3,10,Loyal
C111269,95,3,78847.25,0.0,3,3,4,10,Loyal
C111270,442,1,6419.87,5776.04,4,2,1,7,Needs Attention
C111271,2,5,145260.9,4249.89,1,4,4,9,Needs Attention
C111272,28,9,73808.52,0.0,1,5,4,10,Loyal
C111274,82,2,10251.1,4676.78,2,3,2,7,Needs Attention
C111276,65,15,181467.58,25101.2,2,5,5,12,Loyal
C111277,63,4,26066.379999999997,0.0,2,4,2,8,Needs Attention
C111278,39,3,23970.030000000002,0.0,2,3,2,7,Needs Attention
C111279,203,4,48064.96000000001,19538.82,3,4,3,10,Loyal
C111282,175,2,15434.529999999999,0.0,3,3,2,8,Needs Attention
C111283,886,1,808.85,0.0,5,2,1,8,Needs Attention
C111284,60,4,114773.26000000001,0.0,2,4,4,10,Loyal
C111286,810,2,8392.380000000001,0.0,5,3,2,10,Loyal
C111287,44,36,469993.75,14913.02,2,5,5,12,Loyal
C111288,380,4,40070.659999999996,0.0,4,4,3,11,Loyal
C111291,37,35,968392.79,13095.96,2,5,5,12,Loyal
C111292,68,7,167581.87,0.0,2,5,5,12,Loyal
C111293,243,1,729.73,0.0,3,2,1,6,At Risk
C111294,609,1,49333.64,0.0,5,2,3,10,Loyal
C111295,718,1,130232.92,0.0,5,2,4,11,Loyal
C111296,400,4,194756.94,0.0,4,4,5,13,Champions
C111297,5,3,20101.47,0.0,1,3,2,6,At Risk
C111298,39,6,75818.08,31754.1,2,4,4,10,Loyal
C111300,228,1,3581.81,0.0,3,2,1,6,At Risk
C111301,429,1,1049.92,0.0,4,2,1,7,Needs Attention
C111302,251,5,121605.04000000001,45871.36,3,4,4,11,Loyal
C111303,7,249,4486750.67,575251.63,1,5,5,11,Loyal
C111304,137,6,218338.21,0.0,3,4,5,12,Loyal
C111305,36,3,21988.39,0.0,1,3,2,6,At Risk
C111306,1,21,311729.45999999996,31765.48,1,5,5,11,Loyal
C111308,42,8,407602.1,46943.8,2,5,5,12,Loyal
C111309,179,17,697314.0599999999,0.0,3,5,5,13,Champions
C111310,313,1,52514.39,0.0,4,2,3,9,Needs Attention
C111311,169,5,43013.66,24292.38,3,4,3,10,Loyal
C111313,750,1,7496.71,0.0,5,2,1,8,Needs Attention
C111314,3,320,7004667.6,282616.07,1,5,5,11,Loyal
C111315,220,1,9607.7,0.0,3,2,2,7,Needs Attention
C111316,757,2,39089.530000000006,29234.56,5,3,3,11,Loyal
C111317,49,1,4968.7,0.0,2,2,1,5,At Risk
C111320,250,1,2496.39,0.0,3,2,1,6,At Risk
C111323,2,3,18854.98,0.0,1,3,2,6,At Risk
C111324,422,1,14880.72,0.0,4,2,2,8,Needs Attention
C111325,38,1,7844.01,0.0,2,2,1,5,At Risk
C111327,76,6,129276.10999999999,5088.599999999999,2,4,4,10,Loyal
C111328,27,2,83590.99,0.0,1,3,4,8,Needs Attention
C111329,66,4,75992.8,0.0,2,4,4,10,Loyal
C111330,598,1,6402.62,0.0,5,2,1,8,Needs Attention
C111331,431,1,12493.02,0.0,4,2,2,8,Needs Attention
C111333,208,3,31533.760000000002,10296.73,3,3,3,9,Needs Attention
C111335,16,2,16768.44,0.0,1,3,2,6,At Risk
C111336,464,4,126170.3,57099.19,4,4,4,12,Loyal
C111337,83,13,359991.94,4616.58,2,5,5,12,Loyal
C111339,62,7,91315.49,0.0,2,5,4,11,Loyal
C111340,626,2,63164.7,0.0,5,3,3,11,Loyal
C111341,122,5,132732.78,0.0,3,4,4,11,Loyal
C111343,62,10,272426.78,0.0,2,5,5,12,Loyal
C111344,600,1,208150.65,0.0,5,2,5,12,Loyal
C111345,759,1,8844.4,0.0,5,2,2,9,Needs Attention
C111347,819,1,1152.64,0.0,5,2,1,8,Needs Attention
C111348,154,1,18457.13,0.0,3,2,2,7,Needs Attention
C111351,27,2,13945.24,0.0,1,3,2,6,At Risk
C111352,231,3,47817.68,41805.9,3,3,3,9,Needs Attention
C111353,270,2,15238.54,0.0,4,3,2,9,Needs Attention
C111354,44,3,97738.08,0.0,2,3,4,9,Needs Attention
C111355,386,2,84938.79000000001,0.0,4,3,4,11,Loyal
C111356,438,2,13814.970000000001,0.0,4,3,2,9,Needs Attention
C111359,228,4,52043.97,0.0,3,4,3,10,Loyal
C111360,226,2,63704.1,0.0,3,3,3,9,Needs Attention
C111361,162,5,25555.78,10873.89,3,4,2,9,Needs Attention
C111363,55,5,131299.72,0.0,2,4,4,10,Loyal
C111364,5,4,36577.32,10941.71,1,4,3,8,Needs Attention
C111365,360,6,152836.53,0.0,4,4,4,12,Loyal
C111366,1053,1,5456.89,0.0,5,2,1,8,Needs Attention
C111367,1052,1,15490.54,0.0,5,2,2,9,Needs Attention
C111368,393,2,33839.0,0.0,4,3,3,10,Loyal
C111369,75,4,152865.69,8888.35,2,4,4,10,Loyal
C111371,87,3,24383.39,0.0,2,3,2,7,Needs Attention
C111372,547,2,44263.130000000005,0.0,5,3,3,11,Loyal
C111375,19,16,215767.73,1071.06,1,5,5,11,Loyal
C111376,7,54,876497.39,13062.5,1,5,5,11,Loyal
C111377,200,1,6686.72,0.0,3,2,1,6,At Risk
C111378,591,2,37181.46,0.0,5,3,3,11,Loyal
C111379,0,948,20337749.41,1592491.7,1,5,5,11,Loyal
C111380,77,6,49329.33,0.0,2,4,3,9,Needs Attention
C111383,489,1,4356.1,0.0,4,2,1,7,Needs Attention
C111384,52,40,1033337.41,112773.4,2,5,5,12,Loyal
C111386,86,1,11348.98,0.0,2,2,2,6,At Risk
C111387,844,1,2287.03,0.0,5,2,1,8,Needs Attention
C111388,922,1,960.49,0.0,5,2,1,8,Needs Attention
C111389,9,59,1436744.42,374911.35,1,5,5,11,Loyal
C111391,436,2,9275.07,0.0,4,3,2,9,Needs Attention
C111392,15,3,32924.99,578.08,1,3,3,7,Needs Attention
C111393,41,6,151793.56,0.0,2,4,4,10,Loyal
C111400,230,5,72645.81,0.0,3,4,4,11,Loyal
C111401,447,2,219299.76,0.0,4,3,5,12,Loyal
C111402,12,15,448389.55,205475.29,1,5,5,11,Loyal
C111403,63,8,313975.56,69718.26000000001,2,5,5,12,Loyal
C111404,116,3,51474.1,5509.19,3,3,3,9,Needs Attention
C111407,91,5,222233.66,48348.69,3,4,5,12,Loyal
C111408,34,10,266517.28,4161.95,1,5,5,11,Loyal
C111409,33,4,145888.27000000002,0.0,1,4,4,9,Needs Attention
C111411,702,4,88984.71999999999,0.0,5,4,4,13,Champions
C111415,74,1,92600.96,0.0,2,2,4,8,Needs Attention
C111416,87,1,4026.19,0.0,2,2,1,5,At Risk
C111417,384,1,11042.18,0.0,4,2,2,8,Needs Attention
C111418,6,10,194577.49,0.0,1,5,5,11,Loyal
C111422,5,1,4585.18,0.0,1,2,1,4,At Risk
C111423,2,2,18467.55,0.0,1,3,2,6,At Risk
C111425,63,12,368710.89999999997,0.0,2,5,5,12,Loyal
C111426,135,7,242754.88999999998,0.0,3,5,5,13,Champions
C111427,69,1,3787.66,0.0,2,2,1,5,At Risk
C111428,91,3,50648.520000000004,0.0,3,3,3,9,Needs Attention
C111429,218,4,138531.2,68130.72,3,4,4,11,Loyal
C111433,91,14,311265.0,0.0,3,5,5,13,Champions
C111436,281,3,66026.23999999999,0.0,4,3,3,10,Loyal
C111437,234,1,1078.01,0.0,3,2,1,6,At Risk
C111438,23,13,212606.8,0.0,1,5,5,11,Loyal
C111439,1,4,51969.44,336.23,1,4,3,8,Needs Attention
C111440,333,5,75981.75,3231.3,4,4,4,12,Loyal
C111443,84,10,520196.81,3078.52,2,5,5,12,Loyal
C111444,67,1,80930.8,0.0,2,2,4,8,Needs Attention
C111446,7,4,50400.98,0.0,1,4,3,8,Needs Attention
C111447,1085,1,4622.31,0.0,5,2,1,8,Needs Attention
C111448,40,19,314852.98,56103.29,2,5,5,12,Loyal
C111449,511,1,10030.08,0.0,4,2,2,8,Needs Attention
C111450,713,1,6227.27,0.0,5,2,1,8,Needs Attention
C111451,891,1,2094.47,0.0,5,2,1,8,Needs Attention
C111452,951,1,11170.57,0.0,5,2,2,9,Needs Attention
C111453,35,5,158188.40000000002,0.0,1,4,5,10,Loyal
C111455,197,3,79737.43000000001,0.0,3,3,4,10,Loyal
C111456,436,1,746.91,584.21,4,2,1,7,Needs Attention
C111458,63,3,43076.310000000005,0.0,2,3,3,8,Needs Attention
C111460,963,1,5859.4,0.0,5,2,1,8,Needs Attention
C111461,262,2,25673.6,9627.14,4,3,2,9,Needs Attention
C111462,446,3,17517.93,1131.69,4,3,2,9,Needs Attention
C111463,61,5,41787.5,0.0,2,4,3,9,Needs Attention
C111464,36,2,29465.059999999998,0.0,1,3,3,7,Needs Attention
C111465,288,3,20699.84,0.0,4,3,2,9,Needs Attention
C111466,802,1,1558.58,0.0,5,2,1,8,Needs Attention
C111467,56,8,160751.59,2582.33,2,5,5,12,Loyal
C111468,453,2,12615.98,0.0,4,3,2,9,Needs Attention
C111469,563,1,6259.37,0.0,5,2,1,8,Needs Attention
C111470,14,19,756947.5,15041.18,1,5,5,11,Loyal
C111474,4,35,782957.6699999999,112411.77,1,5,5,11,Loyal
C111475,746,1,17462.05,0.0,5,2,2,9,Needs Attention
C111477,322,2,170654.86,142609.57,4,3,5,12,Loyal
C111478,1,64,1069545.28,4327.37,1,5,5,11,Loyal
C111479,153,5,30447.980000000003,0.0,3,4,3,10,Loyal
C111480,67,11,228410.81,0.0,2,5,5,12,Loyal
C111481,441,3,9745.779999999999,0.0,4,3,2,9,Needs Attention
C111483,72,5,46735.35,0.0,2,4,3,9,Needs Attention
C111485,34,2,39862.619999999995,0.0,1,3,3,7,Needs Attention
C111486,72,22,239280.23,18256.48,2,5,5,12,Loyal
C111488,16,3,50194.920000000006,750.48,1,3,3,7,Needs Attention
C111490,631,1,739.73,0.0,5,2,1,8,Needs Attention
C111491,63,3,11537.310000000001,0.0,2,3,2,7,Needs Attention
C111492,30,8,256364.84000000003,18431.1,1,5,5,11,Loyal
C111493,86,3,8378.900000000001,5555.72,2,3,2,7,Needs Attention
C111494,522,1,16200.17,0.0,4,2,2,8,Needs Attention
C111495,12,5,184390.68,0.0,1,4,5,10,Loyal
C111497,185,9,146312.21,940.26,3,5,4,12,Loyal
C111498,83,5,136629.77000000002,5393.6,2,4,4,10,Loyal
C111499,49,5,97354.58,0.0,2,4,4,10,Loyal
C111500,142,5,58233.810000000005,0.0,3,4,3,10,Loyal
C111501,6,1,71663.07,0.0,1,2,4,7,Needs Attention
C111503,68,3,72658.88,0.0,2,3,4,9,Needs Attention
C111504,401,2,36921.8,0.0,4,3,3,10,Loyal
C111505,170,2,30810.67,0.0,3,3,3,9,Needs Attention
C111506,8,4,21926.760000000002,4608.59,1,4,2,7,Needs Attention
C111507,187,1,15604.57,0.0,3,2,2,7,Needs Attention
C111510,82,2,8035.49,0.0,2,3,1,6,At Risk
C111511,322,2,70086.69,0.0,4,3,4,11,Loyal
C111512,222,3,15702.16,0.0,3,3,2,8,Needs Attention
C111513,252,5,112477.98,46750.08,3,4,4,11,Loyal
C111514,203,1,5165.19,0.0,3,2,1,6,At Risk
C111515,20,1,1429.27,0.0,1,2,1,4,At Risk
C111517,56,5,55546.490000000005,0.0,2,4,3,9,Needs Attention
C111518,281,5,61028.75,0.0,4,4,3,11,Loyal
C111519,733,2,56003.45,22011.13,5,3,3,11,Loyal
C111520,734,3,17039.8,436.36,5,3,2,10,Loyal
C111521,593,1,65914.37,55822.07,5,2,3,10,Loyal
C111522,308,1,81206.84,73829.34,4,2,4,10,Loyal
C111523,47,9,148809.11000000002,50103.49,2,5,4,11,Loyal
C111524,89,2,13875.14,0.0,2,3,2,7,Needs Attention
C111525,2,5,112752.7,1560.93,1,4,4,9,Needs Attention
C111526,36,4,65369.33,0.0,1,4,3,8,Needs Attention
C111527,766,1,58570.97,0.0,5,2,3,10,Loyal
C111528,32,6,28262.93,0.0,1,4,3,8,Needs Attention
C111530,7,22,427088.17000000004,12318.72,1,5,5,11,Loyal
C111531,62,2,7928.870000000001,0.0,2,3,1,6,At Risk
C111532,968,1,10504.42,0.0,5,2,2,9,Needs Attention
C111534,384,2,43434.18,0.0,4,3,3,10,Loyal
C111535,19,11,401704.6,57486.27,1,5,5,11,Loyal
C111538,2,12,246553.73,0.0,1,5,5,11,Loyal
C111539,287,1,75710.12,0.0,4,2,4,10,Loyal
C111541,31,4,35998.63,19098.82,1,4,3,8,Needs Attention
C111542,388,2,54618.61,0.0,4,3,3,10,Loyal
C111543,359,1,38561.55,0.0,4,2,3,9,Needs Attention
C111544,7,7,36621.93,0.0,1,5,3,9,Needs Attention
C111545,179,1,58319.91,0.0,3,2,3,8,Needs Attention
C111546,738,1,20664.06,0.0,5,2,2,9,Needs Attention
C111547,185,6,50941.68,0.0,3,4,3,10,Loyal
C111548,599,4,19909.31,953.41,5,4,2,11,Loyal
C111549,274,6,467470.85,0.0,4,4,5,13,Champions
C111550,198,1,53125.02,0.0,3,2,3,8,Needs Attention
C111551,218,2,10308.59,0.0,3,3,2,8,Needs Attention
C111552,411,1,4301.31,0.0,4,2,1,7,Needs Attention
C111553,28,13,501459.41,30918.88,1,5,5,11,Loyal
C111554,274,2,61874.79,0.0,4,3,3,10,Loyal
C111556,166,4,99128.89,0.0,3,4,4,11,Loyal
C111557,557,5,94977.21,1965.23,5,4,4,13,Champions
C111558,196,1,3259.66,0.0,3,2,1,6,At Risk
C111559,533,1,51029.09,0.0,5,2,3,10,Loyal
C111560,856,2,15298.54,0.0,5,3,2,10,Loyal
C111562,79,9,128752.83,40309.37,2,5,4,11,Loyal
C111565,761,1,1160.1,0.0,5,2,1,8,Needs Attention
C111566,88,3,10263.1,0.0,2,3,2,7,Needs Attention
C111570,599,3,70964.0,0.0,5,3,4,12,Loyal
C111571,419,3,19439.309999999998,0.0,4,3,2,9,Needs Attention
C111572,946,1,28809.19,28423.51,5,2,3,10,Loyal
C111574,247,4,61242.03999999999,0.0,3,4,3,10,Loyal
C111575,40,6,83852.12,0.0,2,4,4,10,Loyal
C111577,919,1,5456.89,0.0,5,2,1,8,Needs Attention
C111578,12,42,802838.69,45447.0,1,5,5,11,Loyal
C111579,1082,1,6419.87,0.0,5,2,1,8,Needs Attention
C111580,768,2,9893.929999999998,0.0,5,3,2,10,Loyal
C111581,453,1,2016.32,0.0,4,2,1,7,Needs Attention
C111582,356,4,268910.91,0.0,4,4,5,13,Champions
C111584,43,2,18038.45,0.0,2,3,2,7,Needs Attention
C111585,104,3,144157.03,0.0,3,3,4,10,Loyal
C111587,7,6,50352.05,0.0,1,4,3,8,Needs Attention
C111589,778,1,1781.14,0.0,5,2,1,8,Needs Attention
C111590,84,5,157425.2,0.0,2,4,5,11,Loyal
C111591,895,1,4570.18,0.0,5,2,1,8,Needs Attention
C111592,513,1,1183.55,0.0,4,2,1,7,Needs Attention
C111593,156,5,43600.94,8817.06,3,4,3,10,Loyal
C111594,453,2,5741.91,0.0,4,3,1,8,Needs Attention
C111595,37,5,125068.73000000001,0.0,2,4,4,10,Loyal
C111596,168,3,73088.58,0.0,3,3,4,10,Loyal
C111597,60,5,25075.55,0.0,2,4,2,8,Needs Attention
C111598,142,2,33791.61,0.0,3,3,3,9,Needs Attention
C111602,31,83,1768550.8800000001,93725.87999999999,1,5,5,11,Loyal
C111603,454,2,170824.66,0.0,4,3,5,12,Loyal
C111605,1076,1,12582.95,0.0,5,2,2,9,Needs Attention
C111606,936,1,41630.13,0.0,5,2,3,10,Loyal
C111607,223,2,24432.45,0.0,3,3,2,8,Needs Attention
C111609,51,3,171607.68,0.0,2,3,5,10,Loyal
C111610,71,3,90145.15,0.0,2,3,4,9,Needs Attention
C111611,424,2,21526.17,0.0,4,3,2,9,Needs Attention
C111612,85,2,6660.219999999999,0.0,2,3,1,6,At Risk
C111613,32,31,746668.2000000001,24795.39,1,5,5,11,Loyal
C111614,48,2,84393.07,0.0,2,3,4,9,Needs Attention
C111615,44,6,50447.01,0.0,2,4,3,9,Needs Attention
C111616,908,1,6419.87,0.0,5,2,1,8,Needs Attention
C111617,539,1,13841.79,0.0,5,2,2,9,Needs Attention
C111618,388,5,71100.36,0.0,4,4,4,12,Loyal
C111619,551,2,21016.58,0.0,5,3,2,10,Loyal
C111620,908,1,25690.1,0.0,5,2,2,9,Needs Attention
C111623,47,2,34436.100000000006,25201.86,2,3,3,8,Needs Attention
C111624,560,2,33785.88,0.0,5,3,3,11,Loyal
C111625,741,1,8768.16,0.0,5,2,2,9,Needs Attention
C111628,40,7,46846.15,0.0,2,5,3,10,Loyal
C111629,299,1,5007.5,0.0,4,2,1,7,Needs Attention
C111630,35,3,46735.21000000001,0.0,1,3,3,7,Needs Attention
C111631,907,1,5007.5,0.0,5,2,1,8,Needs Attention
C111632,176,4,86473.53,0.0,3,4,4,11,Loyal
C111633,51,2,7208.22,0.0,2,3,1,6,At Risk
C111634,404,1,703.35,0.0,4,2,1,7,Needs Attention
C111635,9,7,60082.93,4464.78,1,5,3,9,Needs Attention
C111637,489,3,25051.28,3198.08,4,3,2,9,Needs Attention
C111639,195,15,243029.97999999998,34275.96,3,5,5,13,Champions
C111641,444,1,54754.79,0.0,4,2,3,9,Needs Attention
C111642,270,3,32792.95,0.0,4,3,3,10,Loyal
C111643,527,4,25783.41,0.0,4,4,2,10,Loyal
C111644,47,13,472682.7,84218.59,2,5,5,12,Loyal
C111645,622,1,1548.54,0.0,5,2,1,8,Needs Attention
C111647,1002,1,2619.95,0.0,5,2,1,8,Needs Attention
C111648,248,2,218457.16,0.0,3,3,5,11,Loyal
C111649,999,1,3713.05,0.0,5,2,1,8,Needs Attention
C111650,65,6,291115.68,0.0,2,4,5,11,Loyal
C111651,85,1,3998.79,0.0,2,2,1,5,At Risk
C111652,40,6,160748.66,0.0,2,4,5,11,Loyal
C111653,84,5,179765.22999999998,35037.45,2,4,5,11,Loyal
C111654,21,8,133257.04,0.0,1,5,4,10,Loyal
C111655,62,3,21980.63,5066.48,2,3,2,7,Needs Attention
C111656,468,1,1563.08,0.0,4,2,1,7,Needs Attention
C111657,22,9,308507.57,0.0,1,5,5,11,Loyal
C111658,448,1,11529.24,0.0,4,2,2,8,Needs Attention
C111659,67,11,298437.18,5851.36,2,5,5,12,Loyal
C111660,56,2,63858.74,0.0,2,3,3,8,Needs Attention
C111662,24,16,214595.15,0.0,1,5,5,11,Loyal
C111663,726,2,37352.39,0.0,5,3,3,11,Loyal
C111664,5,1,77413.25,0.0,1,2,4,7,Needs Attention
C111665,281,1,4493.91,0.0,4,2,1,7,Needs Attention
C111666,313,4,21763.36,0.0,4,4,2,10,Loyal
C111670,55,3,72093.61,0.0,2,3,4,9,Needs Attention
C111671,440,3,119497.01999999999,0.0,4,3,4,11,Loyal
C111672,219,2,5258.66,1372.72,3,3,1,7,Needs Attention
C111673,107,2,13152.029999999999,10287.45,3,3,2,8,Needs Attention
C111674,154,1,27562.72,0.0,3,2,2,7,Needs Attention
C111676,87,3,72439.70999999999,0.0,2,3,4,9,Needs Attention
C111677,122,6,152618.81,0.0,3,4,4,11,Loyal
C111678,198,3,94307.34,0.0,3,3,4,10,Loyal
C111679,44,6,43734.09,0.0,2,4,3,9,Needs Attention
C111680,9,3,12887.26,0.0,1,3,2,6,At Risk
C111681,18,25,470366.43,49147.45,1,5,5,11,Loyal
C111682,87,10,304298.10000000003,0.0,2,5,5,12,Loyal
C111683,226,1,12839.74,12375.3,3,2,2,7,Needs Attention
C111684,196,5,35212.75,2898.13,3,4,3,10,Loyal
C111685,63,1,19322.6,0.0,2,2,2,6,At Risk
C111686,432,5,239847.90000000002,0.0,4,4,5,13,Champions
C111687,23,5,100827.51,0.0,1,4,4,9,Needs Attention
C111688,197,1,5456.89,0.0,3,2,1,6,At Risk
C111689,1066,1,5777.88,0.0,5,2,1,8,Needs Attention
C111690,27,37,677612.24,14931.53,1,5,5,11,Loyal
C111692,57,6,79978.72,0.0,2,4,4,10,Loyal
C111693,199,1,9310.44,0.0,3,2,2,7,Needs Attention
C111694,211,1,2115.66,0.0,3,2,1,6,At Risk
C111695,359,2,15728.68,0.0,4,3,2,9,Needs Attention
C111697,410,1,4783.72,0.0,4,2,1,7,Needs Attention
C111699,349,2,61431.310000000005,0.0,4,3,3,10,Loyal
C111700,591,3,18825.6,459.76,5,3,2,10,Loyal
C111702,57,6,101439.12999999999,0.0,2,4,4,10,Loyal
C111703,2,38,546811.99,4235.4,1,5,5,11,Loyal
C111704,64,3,47972.6,3648.28,2,3,3,8,Needs Attention
C111705,371,4,135446.18,4487.52,4,4,4,12,Loyal
C111706,370,4,67248.54000000001,0.0,4,4,3,11,Loyal
C111707,413,1,514.59,0.0,4,2,1,7,Needs Attention
C111708,451,2,7542.01,0.0,4,3,1,8,Needs Attention
C111709,630,3,9637.65,0.0,5,3,2,10,Loyal
C111710,90,2,74784.15999999999,0.0,2,3,4,9,Needs Attention
C111712,368,2,97100.93000000001,20378.77,4,3,4,11,Loyal
C111713,397,2,12157.29,4456.89,4,3,2,9,Needs Attention
C111714,360,1,11468.72,0.0,4,2,2,8,Needs Attention
C111715,20,5,81329.68000000001,0.0,1,4,4,9,Needs Attention
C111716,633,2,144130.62,0.0,5,3,4,12,Loyal
C111717,11,2,8186.59,0.0,1,3,1,5,At Risk
C111719,189,3,32185.19,12125.14,3,3,3,9,Needs Attention
C111720,227,7,103630.85,6499.4,3,5,4,12,Loyal
C111722,45,10,160341.57,0.0,2,5,5,12,Loyal
C111723,3,13,205483.96000000002,0.0,1,5,5,11,Loyal
C111724,64,8,130903.46999999999,0.0,2,5,4,11,Loyal
C111725,589,1,2336.14,0.0,5,2,1,8,Needs Attention
C111726,238,1,9027.07,0.0,3,2,2,7,Needs Attention
C111728,467,2,10866.99,0.0,4,3,2,9,Needs Attention
C111729,226,6,73584.76000000001,12765.27,3,4,4,11,Loyal
C111730,21,2,265635.27999999997,241202.54,1,3,5,9,Needs Attention
C111732,114,2,38353.619999999995,0.0,3,3,3,9,Needs Attention
C111733,416,2,53841.719999999994,38870.55,4,3,3,10,Loyal
C111734,51,3,50568.55,0.0,2,3,3,8,Needs Attention
C111735,235,3,36153.12,0.0,3,3,3,9,Needs Attention
C111736,32,7,135434.51,0.0,1,5,4,10,Loyal
C111737,499,1,5617.39,4711.49,4,2,1,7,Needs Attention
C111738,495,1,2006.25,0.0,4,2,1,7,Needs Attention
C111739,807,2,13995.32,0.0,5,3,2,10,Loyal
C111740,14,5,109564.98,0.0,1,4,4,9,Needs Attention
C111744,68,4,15575.66,4604.43,2,4,2,8,Needs Attention
C111745,442,1,4814.9,0.0,4,2,1,7,Needs Attention
C111746,311,5,64727.689999999995,0.0,4,4,3,11,Loyal
C111748,249,5,270443.21,0.0,3,4,5,12,Loyal
C111749,466,2,41786.7,0.0,4,3,3,10,Loyal
C111750,201,2,5178.19,0.0,3,3,1,7,Needs Attention
C111752,802,1,17975.64,0.0,5,2,2,9,Needs Attention
C111754,233,2,34350.55,0.0,3,3,3,9,Needs Attention
C111755,287,1,67995.88,0.0,4,2,4,10,Loyal
C111758,383,8,57661.7,0.0,4,5,3,12,Loyal
C111760,24,4,26364.469999999998,0.0,1,4,2,7,Needs Attention
C111761,791,1,30513.94,0.0,5,2,3,10,Loyal
C111762,17,14,196383.83,3591.39,1,5,5,11,Loyal
C111764,436,1,643.24,0.0,4,2,1,7,Needs Attention
C111765,254,4,162693.29,0.0,3,4,5,12,Loyal
C111766,772,1,68280.12,0.0,5,2,4,11,Loyal
C111768,244,5,109278.22,0.0,3,4,4,11,Loyal
C111769,32,42,959538.6699999999,0.0,1,5,5,11,Loyal
C111770,359,3,14995.09,0.0,4,3,2,9,Needs Attention
C111771,276,2,24138.71,0.0,4,3,2,9,Needs Attention
C111773,235,3,66557.51000000001,5265.19,3,3,3,9,Needs Attention
C111774,752,1,12839.74,0.0,5,2,2,9,Needs Attention
C111775,79,1,97136.97,0.0,2,2,4,8,Needs Attention
C111777,0,88,1908730.7,323339.22,1,5,5,11,Loyal
C111778,62,1,4814.9,0.0,2,2,1,5,At Risk
C111780,34,37,570295.18,69367.21,1,5,5,11,Loyal
C111783,64,8,160449.22,1615.25,2,5,5,12,Loyal
C111784,38,1,9863.91,0.0,2,2,2,6,At Risk
C111785,121,5,47572.23,0.0,3,4,3,10,Loyal
C111787,18,12,188028.12,258.38,1,5,5,11,Loyal
C111788,156,4,99210.01,0.0,3,4,4,11,Loyal
C111789,326,1,6291.47,0.0,4,2,1,7,Needs Attention
C111791,517,1,2439.75,0.0,4,2,1,7,Needs Attention
C111793,21,15,403039.81,5409.67,1,5,5,11,Loyal
C111794,385,2,63128.92,0.0,4,3,3,10,Loyal
C111795,195,3,116493.95000000001,0.0,3,3,4,10,Loyal
C111796,274,3,105795.39,0.0,4,3,4,11,Loyal
C111797,10,3,38395.55,3831.5,1,3,3,7,Needs Attention
C111798,720,1,24339.51,0.0,5,2,2,9,Needs Attention
C111799,298,1,31815.56,0.0,4,2,3,9,Needs Attention
C111800,1055,1,8967.19,0.0,5,2,2,9,Needs Attention
C111801,812,2,19129.65,15583.39,5,3,2,10,Loyal
C111802,802,1,211.15,0.0,5,2,1,8,Needs Attention
C111803,507,2,6239.8,0.0,4,3,1,8,Needs Attention
C111804,351,3,39376.469999999994,10205.74,4,3,3,10,Loyal
C111805,87,1,4473.55,0.0,2,2,1,5,At Risk
C111806,1088,1,7327.6,0.0,5,2,1,8,Needs Attention
C111807,82,8,153641.87,0.0,2,5,4,11,Loyal
C111808,120,4,51267.590000000004,4790.47,3,4,3,10,Loyal
C111810,673,1,770.01,0.0,5,2,1,8,Needs Attention
C111811,361,2,9243.619999999999,0.0,4,3,2,9,Needs Attention
C111812,70,4,80743.5,7663.62,2,4,4,10,Loyal
C111813,622,1,318.0,0.0,5,2,1,8,Needs Attention
C111815,969,1,8753.7,0.0,5,2,2,9,Needs Attention
C111816,369,1,6744.11,0.0,4,2,1,7,Needs Attention
C111817,315,2,50116.130000000005,0.0,4,3,3,10,Loyal
C111819,12,13,459173.34,75424.2,1,5,5,11,Loyal
C111821,725,3,23557.32,0.0,5,3,2,10,Loyal
C111822,254,2,7202.799999999999,0.0,3,3,1,7,Needs Attention
C111823,69,3,19233.809999999998,0.0,2,3,2,7,Needs Attention
C111824,59,2,100438.35,0.0,2,3,4,9,Needs Attention
C111826,827,2,68665.76999999999,314.05,5,3,4,12,Loyal
C111827,998,1,219619.89,0.0,5,2,5,12,Loyal
C111828,1030,1,5970.48,0.0,5,2,1,8,Needs Attention
C111829,330,7,44282.880000000005,0.0,4,5,3,12,Loyal
C111831,11,65,1294694.12,54861.93,1,5,5,11,Loyal
C111832,393,2,9044.71,0.0,4,3,2,9,Needs Attention
C111835,256,6,61135.46,0.0,3,4,3,10,Loyal
C111836,9,22,425916.42,31715.260000000002,1,5,5,11,Loyal
C111837,2,41,739972.74,116619.03,1,5,5,11,Loyal
C111838,308,1,1516.19,0.0,4,2,1,7,Needs Attention
C111843,224,6,164976.78999999998,0.0,3,4,5,12,Loyal
C111846,1021,1,88513.34,0.0,5,2,4,11,Loyal
C111847,1057,1,4879.1,0.0,5,2,1,8,Needs Attention
C111848,584,1,39612.63,0.0,5,2,3,10,Loyal
C111852,755,1,7703.84,0.0,5,2,1,8,Needs Attention
C111854,86,4,67171.63,1832.13,2,4,3,9,Needs Attention
C111855,29,2,17010.6,0.0,1,3,2,6,At Risk
C111856,961,1,5239.89,0.0,5,2,1,8,Needs Attention
C111857,209,8,81818.84999999999,0.0,3,5,4,12,Loyal
C111858,661,2,17343.16,0.0,5,3,2,10,Loyal
C111859,420,6,137423.36,18310.49,4,4,4,12,Loyal
C111860,166,3,77079.4,0.0,3,3,4,10,Loyal
C111861,778,1,5649.49,0.0,5,2,1,8,Needs Attention
C111862,973,1,6098.88,0.0,5,2,1,8,Needs Attention
C111863,226,2,5693.29,0.0,3,3,1,7,Needs Attention
C111864,32,1,5007.5,0.0,1,2,1,4,At Risk
C111866,62,21,575883.9299999999,79753.94,2,5,5,12,Loyal
C111867,419,2,79186.25,17408.49,4,3,4,11,Loyal
C111868,39,16,242445.63,0.0,2,5,5,12,Loyal
C111869,203,5,216581.19,180541.61,3,4,5,12,Loyal
C111870,358,1,11667.6,0.0,4,2,2,8,Needs Attention
C111872,8,7,276363.64,59575.44,1,5,5,11,Loyal
C111873,24,4,22786.65,5273.91,1,4,2,7,Needs Attention
C111874,424,2,35957.35,0.0,4,3,3,10,Loyal
C111876,381,5,179772.52999999997,128838.07,4,4,5,13,Champions
C111877,688,2,15837.060000000001,0.0,5,3,2,10,Loyal
C111878,251,2,32484.13,0.0,3,3,3,9,Needs Attention
C111879,42,2,18609.15,0.0,2,3,2,7,Needs Attention
C111882,438,2,14316.310000000001,0.0,4,3,2,9,Needs Attention
C111883,439,1,2148.18,0.0,4,2,1,7,Needs Attention
C111884,37,2,11876.76,0.0,2,3,2,7,Needs Attention
C111886,6,1,2103.15,0.0,1,2,1,4,At Risk
C111887,12,5,42606.33,20356.44,1,4,3,8,Needs Attention
C111888,66,3,75740.16,5727.79,2,3,4,9,Needs Attention
C111889,237,2,81128.84,3431.75,3,3,4,10,Loyal
C111890,28,2,111102.23,0.0,1,3,4,8,Needs Attention
C111891,860,1,19259.61,0.0,5,2,2,9,Needs Attention
C111893,73,6,223437.04,0.0,2,4,5,11,Loyal
C111894,397,1,12518.75,0.0,4,2,2,8,Needs Attention
C111896,75,2,5980.79,0.0,2,3,1,6,At Risk
C111898,1037,1,1802.48,1542.24,5,2,1,8,Needs Attention
C111900,766,3,32612.21,0.0,5,3,3,11,Loyal
C111901,366,6,58988.08,0.0,4,4,3,11,Loyal
C111902,41,2,10960.359999999999,0.0,2,3,2,7,Needs Attention
C111903,8,39,518722.52,55290.799999999996,1,5,5,11,Loyal
C111904,12,2,19479.9,0.0,1,3,2,6,At Risk
C111905,882,1,18793.57,0.0,5,2,2,9,Needs Attention
C111906,916,1,97901.73,0.0,5,2,4,11,Loyal
C111907,108,3,18373.54,0.0,3,3,2,8,Needs Attention
C111908,49,2,77166.54000000001,12270.98,2,3,4,9,Needs Attention
C111909,819,1,2550.96,0.0,5,2,1,8,Needs Attention
C111910,216,3,122095.06,0.0,3,3,4,10,Loyal
C111914,71,3,46789.41,0.0,2,3,3,8,Needs Attention
C111915,11,63,1083397.93,50866.39,1,5,5,11,Loyal
C111916,98,1,5456.89,0.0,3,2,1,6,At Risk
C111917,91,7,313051.64999999997,103313.98,3,5,5,13,Champions
C111918,506,3,53090.92,0.0,4,4,3,11,Loyal
C111920,249,2,41751.600000000006,0.0,3,3,3,9,Needs Attention
C111921,221,5,37235.51,0.0,3,4,3,10,Loyal
C111922,195,12,319311.71,26765.539999999997,3,5,5,13,Champions
C111924,81,11,336802.61,84974.75,2,5,5,12,Loyal
C111925,414,2,9947.07,0.0,4,3,2,9,Needs Attention
C111926,71,5,117579.29000000001,0.0,2,4,4,10,Loyal
C111927,69,1,10632.52,0.0,2,2,2,6,At Risk
C111929,15,2,27599.4,0.0,1,3,2,6,At Risk
C111930,284,3,152888.53,0.0,4,4,4,12,Loyal
C111931,5,3,80677.62,0.0,1,4,4,9,Needs Attention
C111933,103,1,4384.08,3694.62,3,2,1,6,At Risk
C111934,38,21,406390.97000000003,67383.56,2,5,5,12,Loyal
C111937,481,1,9625.54,0.0,4,2,2,8,Needs Attention
C111938,84,2,70284.02,0.0,2,3,4,9,Needs Attention
C111939,211,1,11668.8,0.0,3,2,2,7,Needs Attention
C111942,44,3,24215.05,0.0,2,4,2,8,Needs Attention
C111943,210,1,3604.93,0.0,3,2,1,6,At Risk
C111944,25,4,76168.42,0.0,1,4,4,9,Needs Attention
C111945,40,1,457.18,0.0,2,2,1,5,At Risk
C111946,39,4,70576.98000000001,0.0,2,4,4,10,Loyal
C111947,218,1,641.81,0.0,3,2,1,6,At Risk
C111948,1045,1,11529.24,0.0,5,2,2,9,Needs Attention
C111949,483,2,35656.84,0.0,4,3,3,10,Loyal
C111950,56,11,103251.98,5511.58,2,5,4,11,Loyal
C111951,397,2,33705.0,0.0,4,3,3,10,Loyal
C111952,72,9,77230.81000000001,0.0,2,5,4,11,Loyal
C111953,659,2,6744.91,0.0,5,3,1,9,Needs Attention
C111954,682,1,5264.29,0.0,5,2,1,8,Needs Attention
C111955,224,1,2421.63,0.0,3,2,1,6,At Risk
C111956,240,5,121250.03,0.0,3,4,4,11,Loyal
C111957,28,4,138180.09,5113.85,1,4,4,9,Needs Attention
C111958,751,2,129699.62999999999,0.0,5,3,4,12,Loyal
C111959,28,6,83025.11,0.0,1,4,4,9,Needs Attention
C111960,50,15,387738.05,27620.11,2,5,5,12,Loyal
C111961,247,1,4820.68,0.0,3,2,1,6,At Risk
C111962,39,17,534968.16,182131.39,2,5,5,12,Loyal
C111963,294,3,16212.75,0.0,4,4,2,10,Loyal
C111965,866,2,11278.08,0.0,5,3,2,10,Loyal
C111966,878,2,15636.01,0.0,5,3,2,10,Loyal
C111967,35,7,315199.64,0.0,1,5,5,11,Loyal
C111968,30,20,323969.61,6208.68,1,5,5,11,Loyal
C111970,838,1,323935.68,0.0,5,2,5,12,Loyal
C111971,165,2,7883.36,1403.4,3,3,1,7,Needs Attention
C111972,1,1,4943.3,0.0,1,2,1,4,At Risk
C111973,415,1,6419.87,0.0,4,2,1,7,Needs Attention
C111976,399,3,64820.08,0.0,4,4,3,11,Loyal
C111977,361,2,36735.03,0.0,4,3,3,10,Loyal
C111978,59,14,111736.46,5457.91,2,5,4,11,Loyal
C111979,7,13,174735.71,7939.38,1,5,5,11,Loyal
C111981,215,1,10271.79,0.0,3,2,2,7,Needs Attention
C111982,429,1,5135.9,4770.08,4,2,1,7,Needs Attention
C111983,68,2,19306.53,0.0,2,3,2,7,Needs Attention
C111985,35,4,126666.76,0.0,1,4,4,9,Needs Attention
C111986,326,1,11998.49,0.0,4,2,2,8,Needs Attention
C111987,454,1,4493.91,0.0,4,2,1,7,Needs Attention
C111988,735,3,24368.55,0.0,5,4,2,11,Loyal
C111990,585,1,3395.47,2687.57,5,2,1,8,Needs Attention
C111991,42,5,27036.059999999998,0.0,2,4,2,8,Needs Attention
C111993,230,2,7801.67,5101.75,3,3,1,7,Needs Attention
C111994,347,2,13182.64,4783.25,4,3,2,9,Needs Attention
C111995,174,2,9213.0,4706.37,3,3,2,8,Needs Attention
C111996,38,13,195963.52,1130.64,2,5,5,12,Loyal
C111997,40,3,43251.99,0.0,2,4,3,9,Needs Attention
